# File generated by ImageToStl.com - Free Image and 3D model conversion tools

mtllib uploads_files_2463288_Eighth+note.mtl

o obj1
v -0.27887875 0.00233955 1.08003247
v -0.25518203 0.00233956 1.07679939
v -0.26383936 0.00299617 1.08941936
v -0.30303955 0.00233954 1.08003247
v -0.29095912 0.00299616 1.09125149
v -0.32673615 0.00233954 1.07679939
v -0.31807882 0.00299615 1.08941948
v -0.34950304 0.00216844 1.08228397
v -0.34415644 0.00299614 1.08399355
v -0.36978149 0.00024946 1.15928674
v -0.37357771 0.00199735 1.17054486
v -0.38697588 0.00024945 1.147493
v -0.38925505 -2.4E-07 1.19807196
v -0.40052557 0.00216842 1.04728734
v -0.41460657 0.00199733 1.14240301
v -0.40890056 0.00233951 1.02044249
v -0.41938895 0.00299612 1.03239119
v -0.41361403 0.0023395 1.00418878
v -0.42729956 0.00299611 1.01450431
v -0.41361415 0.0023395 0.98761666
v -0.42997062 0.00299611 0.99590266
v -0.40890056 0.0023395 0.97136295
v -0.42729962 0.00299611 0.977301
v -0.39965457 0.00233951 0.95605224
v -0.41938901 0.00299611 0.95941418
v -0.38623154 0.00233951 0.94227302
v -0.40654308 0.00299612 0.94292963
v -0.36914724 0.00233952 0.93055475
v -0.38925511 0.00299612 0.92848074
v -0.34905815 0.00233952 0.92134774
v -0.36818981 0.00299613 0.91662288
v -0.32673633 0.00233953 0.9150058
v -0.34415656 0.00299614 0.90781164
v -0.30303967 0.00233954 0.91177273
v -0.31807888 0.00299614 0.90238571
v -0.27887887 0.00233954 0.91177273
v -0.29095924 0.00299615 0.90055364
v -0.25518203 0.00233955 0.9150058
v -0.2638393 0.00299616 0.90238571
v -0.23286027 0.00233956 0.92134774
v -0.23776174 0.00299617 0.90781164
v -0.2127713 0.00233957 0.93055469
v -0.21372849 0.00299618 0.91662282
v -0.19568688 0.00233957 0.94227296
v -0.19266319 0.00299619 0.92848068
v -0.18226385 0.00233958 0.95605218
v -0.17537528 0.00299619 0.94292957
v -0.17301786 0.00233958 0.97136283
v -0.16252923 0.0029962 0.95941412
v -0.16830426 0.00233958 0.98761654
v -0.15461874 0.0029962 0.97730094
v -0.16830432 0.00233958 1.00418866
v -0.15194768 0.0029962 0.9959026
v -0.17301786 0.00233958 1.02044237
v -0.15461874 0.0029962 1.01450419
v -0.18226379 0.00233958 1.03575301
v -0.16252929 0.0029962 1.03239107
v -0.19568688 0.00233958 1.04953229
v -0.17537534 0.0029962 1.04887557
v -0.21277118 0.00233957 1.06125045
v -0.19266319 0.00299619 1.06332445
v -0.23286027 0.00233957 1.07045746
v -0.21372855 0.00299619 1.07518232
v -0.2377618 0.00299618 1.08399355
v 0.43031743 0.00233977 0.86333352
v 0.45401409 0.00233978 0.86010045
v 0.44535679 0.00299639 0.87272054
v 0.4061566 0.00233977 0.86333352
v 0.418237 0.00299638 0.87455261
v 0.38246003 0.00233976 0.86010051
v 0.39111733 0.00299637 0.87272054
v 0.35969317 0.00216866 0.86558503
v 0.36503977 0.00299637 0.86729467
v 0.33941472 0.00024968 0.94258779
v 0.3356185 0.00199757 0.95384598
v 0.32222024 0.00024967 0.93079406
v 0.3199411 -2E-08 0.98137295
v 0.30867061 0.00216864 0.8305884
v 0.29458952 0.00199755 0.925704
v 0.30029568 0.00233973 0.80374354
v 0.28980711 0.00299634 0.81569225
v 0.29558209 0.00233973 0.78748983
v 0.28189653 0.00299634 0.79780543
v 0.29558206 0.00233973 0.77091771
v 0.27922541 0.00299633 0.77920377
v 0.30029562 0.00233973 0.754664
v 0.28189647 0.00299633 0.76060212
v 0.30954158 0.00233973 0.7393533
v 0.28980699 0.00299634 0.7427153
v 0.32296464 0.00233973 0.72557408
v 0.30265304 0.00299634 0.72623068
v 0.34004897 0.00233974 0.7138558
v 0.31994092 0.00299634 0.7117818
v 0.36013803 0.00233974 0.70464879
v 0.34100625 0.00299635 0.69992393
v 0.38245979 0.00233975 0.69830692
v 0.3650395 0.00299636 0.69111276
v 0.40615648 0.00233976 0.69507384
v 0.39111713 0.00299637 0.68568683
v 0.4303174 0.00233977 0.69507384
v 0.41823694 0.00299638 0.6838547
v 0.45401406 0.00233977 0.69830692
v 0.44535676 0.00299638 0.68568683
v 0.47633585 0.00233978 0.70464879
v 0.47143435 0.00299639 0.6911127
v 0.49642491 0.00233979 0.71385574
v 0.49546763 0.0029964 0.69992393
v 0.51350927 0.00233979 0.72557402
v 0.51653296 0.00299641 0.7117818
v 0.52693236 0.0023398 0.73935324
v 0.53382087 0.00299641 0.72623062
v 0.53617835 0.0023398 0.75466394
v 0.54666686 0.00299642 0.74271524
v 0.54089189 0.00233981 0.77091759
v 0.55457747 0.00299642 0.76060206
v 0.54089189 0.00233981 0.78748977
v 0.55724847 0.00299642 0.77920365
v 0.53617835 0.00233981 0.80374342
v 0.55457741 0.00299642 0.79780531
v 0.52693236 0.0023398 0.81905413
v 0.54666686 0.00299642 0.81569213
v 0.51350927 0.0023398 0.83283335
v 0.53382087 0.00299642 0.83217669
v 0.49642491 0.00233979 0.84455156
v 0.51653296 0.00299641 0.84662557
v 0.47633585 0.00233979 0.85375857
v 0.49546763 0.00299641 0.85848343
v 0.47143438 0.0029964 0.86729461
v -0.41560185 0.00024945 1.34236646
v -0.4059428 -2.4E-07 1.35479689
v -0.41975021 0.00024946 1.55714607
v -0.42724967 0.00199734 1.55204368
v -0.42566925 0.00199734 1.33608294
v 0.29346114 0.00023469 1.12605786
v 0.30325344 -2E-08 1.13809788
v 0.28874522 0.00014814 1.34206772
v 0.28282619 0.00193763 1.12016499
v -0.39383745 0.00023448 1.35729957
v -0.38616669 0.00193742 1.36305523
v -0.3969714 0.00014792 1.5713954
v -0.40906644 -2.4E-07 1.5637424
v 0.3152501 0.00024968 1.14020348
v 0.32247454 0.00199757 1.1455462
v 0.31166989 0.00024969 1.35315013
v 0.30012965 -1E-08 1.3470434
v -0.41969377 0.00048992 1.71307921
v -0.40906644 0.00024947 1.71768713
v -0.41952443 0.00216845 1.79949427
v -0.42550749 0.00299615 1.78191328
v -0.42695123 0.00216844 1.7080667
v 0.2884753 0.00027632 1.4977119
v 0.30012971 0.00024969 1.50098836
v 0.28844118 0.00199758 1.58657694
v 0.27404469 0.00039784 1.49997616
v 0.2751832 0.00143824 1.35060275
v -0.38325977 0.00143804 1.58846879
v -0.39681721 0.00027611 1.72153974
v -0.38288009 0.00039763 1.7255373
v -0.39680582 0.00199737 1.80523825
v -0.40906662 0.00199736 1.80425847
v 0.32059684 0.00199758 1.35743666
v 0.31160113 0.00049015 1.5040772
v 0.31847402 0.00299638 1.57184196
v 0.32023323 0.00216868 1.50492382
v 0.30012971 0.00199758 1.58755958
v -0.25886309 0.00049922 1.69230795
v -0.3554635 0.00193744 1.64738798
v -0.25886309 0.0019974 1.61991215
v -0.25886321 0.00199741 1.76470399
v -0.35551769 0.0004842 1.72445798
v -0.35550636 0.00199738 1.79684579
v -0.25518209 0.153897 1.07679939
v -0.27887881 0.15389699 1.08003247
v -0.26383954 0.15335783 1.08941948
v -0.23286033 0.15389702 1.07045746
v -0.23776186 0.15335785 1.08399343
v -0.2127713 0.153897 1.06125045
v -0.21372861 0.15335785 1.07518232
v -0.195687 0.153897 1.04953229
v -0.19266331 0.15335785 1.06332445
v -0.18226391 0.15389702 1.03575301
v -0.1753754 0.15335786 1.04887557
v -0.17301786 0.15389702 1.02044237
v -0.16252941 0.15335786 1.03239107
v -0.16830438 0.15389702 1.00418866
v -0.15461886 0.15335786 1.01450419
v -0.16830438 0.15389702 0.98761654
v -0.1519478 0.15335786 0.9959026
v -0.17301792 0.15389702 0.97136283
v -0.15461892 0.15335786 0.97730094
v -0.18226385 0.15389699 0.95605218
v -0.16252947 0.15335788 0.95941412
v -0.19568694 0.15389699 0.94227296
v -0.17537552 0.15335786 0.94292951
v -0.2127713 0.15389699 0.93055469
v -0.19266343 0.15335786 0.92848068
v -0.23286039 0.15389697 0.92134774
v -0.21372873 0.15335786 0.91662282
v -0.25518209 0.15389697 0.9150058
v -0.23776197 0.15335785 0.90781164
v -0.27887881 0.15389696 0.91177279
v -0.2638396 0.15335783 0.90238571
v -0.30303967 0.15389696 0.91177279
v -0.29095936 0.15335783 0.90055358
v -0.32673645 0.15389694 0.9150058
v -0.31807917 0.15335782 0.90238571
v -0.34905821 0.15389694 0.92134774
v -0.34415674 0.15335782 0.90781164
v -0.3691473 0.15389693 0.93055475
v -0.36819005 0.1533578 0.91662288
v -0.3862316 0.15389691 0.94227302
v -0.38925534 0.1533578 0.92848074
v -0.39965463 0.15389693 0.95605224
v -0.40654325 0.15335779 0.94292963
v -0.40890068 0.15389688 0.97136289
v -0.41938925 0.15335779 0.95941418
v -0.41361409 0.15389691 0.9876166
v -0.42729974 0.15335779 0.977301
v -0.41361421 0.15389688 1.00418878
v -0.42997074 0.15335779 0.99590266
v -0.40890062 0.15389693 1.02044249
v -0.42729986 0.15335779 1.01450431
v -0.40052557 0.15403734 1.04728734
v -0.41938919 0.1533578 1.03239119
v -0.38697594 0.15561281 1.147493
v -0.41460663 0.15417781 1.14240301
v -0.36978155 0.15561281 1.15928674
v -0.38925511 0.15581781 1.19807196
v -0.3495031 0.15403737 1.08228397
v -0.37357765 0.15417783 1.17054486
v -0.32673627 0.15389693 1.07679939
v -0.3441565 0.15335783 1.08399355
v -0.30303949 0.15389696 1.08003247
v -0.31807894 0.15335785 1.08941948
v -0.2909593 0.15335788 1.09125149
v 0.45401403 0.15389723 0.86010045
v 0.4303174 0.15389721 0.86333352
v 0.44535673 0.15335806 0.87272048
v 0.47633582 0.15389723 0.85375857
v 0.47143435 0.15335806 0.86729461
v 0.49642488 0.15389723 0.84455156
v 0.49546757 0.15335807 0.85848343
v 0.51350921 0.15389723 0.83283329
v 0.5165329 0.15335807 0.84662557
v 0.5269323 0.15389723 0.81905407
v 0.53382075 0.15335809 0.83217669
v 0.53617829 0.15389724 0.80374342
v 0.54666686 0.15335809 0.81569213
v 0.54089183 0.15389724 0.78748977
v 0.55457741 0.15335809 0.79780531
v 0.54089183 0.15389724 0.77091759
v 0.55724847 0.15335809 0.77920365
v 0.53617829 0.15389724 0.75466388
v 0.55457741 0.15335809 0.760602
v 0.5269323 0.15389721 0.73935324
v 0.54666686 0.1533581 0.74271524
v 0.51350921 0.15389721 0.72557402
v 0.53382075 0.15335809 0.72623062
v 0.49642485 0.15389721 0.71385574
v 0.5165329 0.15335809 0.71178174
v 0.47633579 0.1538972 0.70464879
v 0.49546754 0.15335807 0.69992393
v 0.45401403 0.1538972 0.69830692
v 0.47143432 0.15335807 0.6911127
v 0.43031734 0.15389718 0.69507384
v 0.4453567 0.15335806 0.68568683
v 0.40615642 0.15389717 0.69507384
v 0.41823688 0.15335806 0.6838547
v 0.38245976 0.15389717 0.69830692
v 0.39111707 0.15335804 0.68568683
v 0.360138 0.15389717 0.70464879
v 0.36503947 0.15335804 0.69111276
v 0.34004891 0.15389715 0.7138558
v 0.34100616 0.15335803 0.69992393
v 0.32296458 0.15389714 0.72557408
v 0.31994087 0.15335803 0.7117818
v 0.30954149 0.15389715 0.7393533
v 0.30265301 0.15335801 0.72623068
v 0.30029553 0.15389711 0.75466394
v 0.28980696 0.15335801 0.7427153
v 0.295582 0.15389714 0.77091771
v 0.28189644 0.15335801 0.76060212
v 0.29558203 0.15389711 0.78748983
v 0.27922541 0.15335801 0.77920377
v 0.30029562 0.15389714 0.80374354
v 0.2818965 0.15335801 0.79780543
v 0.30867055 0.15403756 0.8305884
v 0.28980708 0.15335803 0.81569225
v 0.32222021 0.15561303 0.93079406
v 0.29458949 0.15417804 0.92570406
v 0.33941466 0.15561303 0.94258785
v 0.31994104 0.15581802 0.98137295
v 0.35969311 0.15403759 0.86558503
v 0.33561844 0.15417805 0.95384598
v 0.38245997 0.15389714 0.86010051
v 0.36503971 0.15335806 0.86729467
v 0.40615657 0.15389718 0.86333352
v 0.39111727 0.15335807 0.87272054
v 0.41823697 0.1533581 0.87455261
v -0.41560179 0.1556128 1.34236646
v -0.4059428 0.15581781 1.35479689
v -0.42566925 0.15417778 1.33608294
v -0.42724973 0.15417781 1.55204368
v -0.41975021 0.15561281 1.55714607
v -0.40906668 0.15581781 1.5637424
v 0.29346108 0.15562534 1.12605786
v 0.30325338 0.15581803 1.13809788
v 0.28282613 0.15422727 1.12016499
v 0.28874519 0.15569641 1.34206772
v 0.30012962 0.15581803 1.3470434
v -0.39383739 0.1556251 1.35729957
v -0.38616675 0.15422703 1.36305523
v -0.39697146 0.15569618 1.5713954
v -0.38325995 0.15463704 1.58846879
v 0.31525004 0.15561303 1.14020348
v 0.32247448 0.15417805 1.1455462
v 0.31166986 0.15561303 1.35315013
v 0.32059678 0.15417805 1.35743666
v -0.41969383 0.15541542 1.71307921
v -0.4090665 0.15561283 1.71768713
v -0.42695123 0.15403736 1.7080667
v -0.42550761 0.15335782 1.78191316
v -0.41952455 0.15403739 1.79949427
v -0.40906668 0.15417781 1.80425847
v 0.28847528 0.15559117 1.49771178
v 0.30012962 0.15561305 1.50098836
v 0.27518314 0.15463725 1.35060275
v 0.27404463 0.15549141 1.49997628
v 0.28844112 0.15417804 1.58657682
v 0.30012965 0.15417804 1.58755946
v -0.39681715 0.15559097 1.72153974
v -0.38288003 0.1554912 1.7255373
v -0.39680576 0.15417781 1.80523837
v -0.38283455 0.15417781 1.80440617
v 0.31160107 0.15541565 1.5040772
v 0.32023317 0.15403759 1.50492382
v 0.31139469 0.15403758 1.58574724
v 0.31847396 0.15335809 1.57184196
v -0.3554635 0.15422705 1.64738798
v -0.25886315 0.15540789 1.69230795
v -0.25886315 0.15417789 1.61991215
v -0.35551775 0.15542014 1.72445774
v -0.35550636 0.15417783 1.79684591
v -0.25886315 0.15417786 1.76470399
v -0.44527417 0.12528573 0.95205998
v -0.44534612 0.14805315 0.96377975
v -0.44119269 0.14800006 0.95321953
v -0.45079559 0.12528573 0.96264595
v -0.45044631 0.14800006 0.97414303
v 0.48215622 0.12528603 0.88504922
v 0.49428916 0.14805345 0.87679702
v 0.48046565 0.14800036 0.88224983
v 0.49697363 0.12528603 0.88024187
v 0.50857902 0.14800036 0.87194276
v -0.45477891 0.12528571 0.97355187
v -0.45151627 0.14805315 0.9850561
v -0.45718348 0.12528571 0.9846732
v -0.45357078 0.14800006 0.99590266
v 0.34003115 0.12528598 0.89176959
v 0.33042789 0.14810658 0.96507907
v 0.3296864 0.12528598 0.9666838
v 0.35431784 0.12528598 0.88504934
v 0.34249377 0.14807999 0.88841194
v 0.35600841 0.14800031 0.88224989
v 0.51103336 0.12528603 0.87446219
v 0.52058601 0.14805345 0.86474496
v 0.52419871 0.12528604 0.86776435
v 0.53322059 0.14800037 0.8580718
v -0.45718336 0.12528573 1.00713205
v -0.45798832 0.12528571 0.99590266
v -0.45477891 0.12528573 1.01825356
v -0.45151627 0.14805315 1.00674927
v 0.36975133 0.12528598 0.8888365
v 0.38565135 0.125286 0.89156878
v 0.37140441 0.14805341 0.8850987
v 0.53634441 0.12528604 0.86021435
v 0.54294968 0.14805347 0.84940559
v 0.54735172 0.12528604 0.85188353
v 0.55344343 0.14800037 0.84116995
v 0.32431182 0.125286 1.50841916
v 0.3202332 0.14800027 1.58692813
v 0.32059684 0.125286 1.59003639
v 0.32484251 0.125286 1.35942841
v 0.32380074 0.14808001 1.50769472
v 0.32431179 0.14810658 1.35917938
v -0.45079541 0.12528573 1.02915943
v -0.45044625 0.14800006 1.01766241
v -0.44527394 0.12528573 1.03974533
v -0.44534606 0.14805315 1.02802551
v 0.40186539 0.125286 0.89321804
v 0.38651317 0.14800033 0.88859689
v 0.41823697 0.125286 0.8937701
v 0.40242356 0.14805342 0.8893308
v 0.55711663 0.12528604 0.84285337
v 0.56052065 0.14805347 0.83136839
v 0.56554294 0.12528604 0.83320969
v 0.56847036 0.14800037 0.82188678
v -0.35497564 0.12528579 1.60852098
v -0.25886309 0.1481064 1.58823884
v -0.25886309 0.12528582 1.58371401
v -0.3790766 0.14815556 1.54398513
v -0.35507554 0.14811866 1.61334741
v -0.43870056 0.12528573 1.06077361
v -0.44119263 0.14800006 1.03858578
v -0.4309836 0.14810634 1.14596319
v -0.43380541 0.14807974 1.05908453
v -0.29095912 0.12528577 1.1104691
v -0.27514583 0.14805321 1.10602975
v -0.2909593 0.14800011 1.10743892
v -0.27458757 0.12528579 1.10991693
v -0.25923538 0.14800012 1.10529578
v 0.57255173 0.12528606 0.82304633
v 0.57262373 0.14805347 0.81132656
v 0.57807326 0.12528606 0.81246042
v 0.57772392 0.14800039 0.80096334
v 0.242699 0.125286 1.63706541
v 0.1416038 0.14810653 1.66504955
v 0.14160383 0.12528597 1.66997468
v 0.27390805 0.125286 1.62785876
v 0.24269901 0.14810658 1.63204706
v 0.27390802 0.14810656 1.62286544
v 0.242699 0.15417804 1.5969193
v 0.1416038 0.15417801 1.63057327
v -0.2583735 0.12528579 1.10826766
v -0.24412656 0.14805321 1.10179758
v -0.24247342 0.1252858 1.10553539
v -0.22873044 0.14800014 1.09894872
v 0.5820567 0.12528606 0.8015545
v 0.57879388 0.14805348 0.79005027
v 0.58446115 0.12528606 0.79043311
v 0.58084846 0.14800039 0.77920365
v -0.22703993 0.1252858 1.10174823
v -0.21490699 0.14805323 1.09349597
v -0.21222252 0.1252858 1.09694076
v -0.20061707 0.14800014 1.08864164
v 0.58446115 0.12528606 0.76797426
v 0.58526611 0.12528606 0.77920365
v 0.5820567 0.12528606 0.75685287
v 0.57879388 0.14805347 0.7683571
v -0.36916506 0.12528576 1.10846853
v -0.37876832 0.14810635 1.18177795
v -0.37950975 0.12528576 1.18338275
v -0.35487843 0.12528576 1.10174823
v -0.36670244 0.14807977 1.10511088
v -0.35318786 0.14800009 1.09894872
v -0.19816273 0.1252858 1.09116113
v -0.18861014 0.14805324 1.08144391
v -0.1849975 0.12528582 1.08446336
v -0.17597562 0.14800015 1.07477069
v 0.57807326 0.12528604 0.74594694
v 0.57772392 0.14800037 0.75744402
v 0.57255173 0.12528604 0.73536098
v 0.57262379 0.14805347 0.7470808
v -0.33944482 0.12528576 1.10553551
v -0.32354486 0.12528577 1.10826766
v -0.33779174 0.14805318 1.10179758
v -0.17285186 0.12528582 1.07691336
v -0.16624653 0.14805324 1.06610453
v -0.16184449 0.12528582 1.06858253
v -0.15575272 0.14800015 1.05786884
v 0.56554294 0.12528604 0.72519761
v 0.56847036 0.14800037 0.73652059
v 0.55711663 0.12528604 0.71555394
v 0.56052065 0.14805347 0.72703892
v -0.30733073 0.12528577 1.10991693
v -0.32268304 0.14800011 1.1052959
v -0.30677265 0.1480532 1.10602975
v -0.15207958 0.12528582 1.05955231
v -0.14867556 0.14805324 1.04806733
v -0.14365327 0.12528583 1.04990864
v -0.14072585 0.14800017 1.03858566
v 0.54735172 0.12528604 0.70652378
v 0.55344343 0.14800037 0.71723741
v 0.53634441 0.12528603 0.69819295
v 0.54294968 0.14805347 0.70900172
v -0.13664442 0.12528583 1.03974521
v -0.13657242 0.14805326 1.02802551
v -0.13112289 0.12528583 1.02915931
v -0.13147223 0.14800017 1.01766229
v 0.52419871 0.12528603 0.69064295
v 0.53322065 0.14800036 0.70033556
v 0.51103336 0.12528603 0.68394512
v 0.52058601 0.14805345 0.69366235
v -0.12713945 0.12528583 1.01825345
v -0.13040227 0.14805326 1.00674915
v -0.124735 0.12528583 1.00713193
v -0.12834775 0.14800017 0.9959026
v 0.4969736 0.12528601 0.6781655
v 0.50857902 0.14800036 0.68646455
v 0.48215622 0.12528601 0.67335808
v 0.49428916 0.14805344 0.68161029
v -0.124735 0.12528583 0.98467314
v -0.12393004 0.12528583 0.9959026
v -0.12713951 0.12528583 0.97355181
v -0.13040227 0.14805326 0.98505604
v 0.46672273 0.12528601 0.6695708
v 0.48046562 0.14800034 0.67615747
v 0.45082268 0.125286 0.66683859
v 0.46506962 0.14805344 0.67330867
v -0.13112289 0.12528583 0.96264589
v -0.13147223 0.14800017 0.97414291
v -0.13664448 0.12528582 0.95205992
v -0.13657242 0.14805324 0.96377969
v 0.43460855 0.125286 0.66518933
v 0.44996083 0.14800033 0.66981041
v 0.41823688 0.125286 0.66463721
v 0.43405035 0.14805342 0.66907656
v -0.14365327 0.12528582 0.94189656
v -0.14072585 0.14800015 0.95321947
v -0.15207958 0.12528582 0.93225288
v -0.1486755 0.14805324 0.94373786
v 0.40242338 0.14805341 0.66907656
v 0.41823688 0.14800033 0.66766727
v 0.40186521 0.12528598 0.66518933
v 0.38651294 0.14800031 0.66981047
v -0.43332309 0.12528573 1.14647186
v -0.43038422 0.14810634 1.33435154
v -0.4307341 0.12528576 1.54961681
v -0.43105763 0.12528574 1.33410406
v -0.43029851 0.14810634 1.54992008
v -0.16184449 0.12528582 0.92322272
v -0.15575272 0.14800015 0.93393636
v -0.17285186 0.1252858 0.9148919
v -0.16624653 0.14805324 0.92570066
v 0.38565108 0.12528598 0.66683859
v 0.37140411 0.14805341 0.67330867
v 0.36975104 0.12528598 0.66957086
v 0.35600811 0.1480003 0.67615753
v -0.1849975 0.1252858 0.90734184
v -0.17597562 0.14800014 0.91703451
v -0.19816285 0.1252858 0.90064406
v -0.18861014 0.14805323 0.91036129
v 0.35431755 0.12528597 0.67335808
v 0.3421846 0.14805339 0.68161029
v 0.33950016 0.12528597 0.6781655
v 0.32789475 0.1480003 0.68646461
v 0.27713367 0.12528597 1.11272001
v 0.27821255 0.14810655 0.92926431
v 0.27587301 0.12528595 0.92977291
v 0.27042362 0.12528597 1.29543555
v 0.27784136 0.14811888 1.1141386
v 0.2709232 0.14815575 1.30123353
v -0.21222258 0.1252858 0.89486438
v -0.20061713 0.14800014 0.90316349
v -0.22703999 0.12528579 0.89005697
v -0.21490711 0.14805323 0.89830917
v 0.32544044 0.12528597 0.68394518
v 0.31588778 0.14805339 0.69366241
v 0.31227511 0.12528595 0.69064301
v 0.30325317 0.14800029 0.70033562
v -0.37858868 0.12528577 1.53877163
v -0.38341063 0.14811864 1.36194134
v -0.38302755 0.12528576 1.36122179
v -0.24247342 0.12528579 0.88626975
v -0.2287305 0.14800012 0.89285642
v -0.2583735 0.12528579 0.88353747
v -0.24412656 0.14805321 0.89000762
v 0.30012938 0.12528595 0.69819301
v 0.29352415 0.14805338 0.70900178
v 0.28912205 0.12528595 0.70652384
v 0.28303033 0.14800029 0.71723747
v 0.32544798 0.12528598 1.14919233
v 0.32507628 0.14810658 1.14873648
v -0.27458769 0.12528577 0.88188821
v -0.25923538 0.14800012 0.88650936
v -0.2909593 0.12528577 0.88133609
v -0.27514583 0.1480532 0.88577545
v 0.27935717 0.12528595 0.715554
v 0.27595314 0.14805338 0.72703898
v 0.27093086 0.12528595 0.72519767
v 0.26800343 0.14800029 0.73652065
v 0.28844112 0.12528601 1.62555909
v 0.30012965 0.12528601 1.62523055
v 0.28844112 0.14810659 1.62068629
v 0.27390802 0.15417802 1.58791208
v -0.30677283 0.14805318 0.88577545
v -0.29095936 0.14800011 0.88436621
v -0.30733097 0.12528576 0.88188827
v -0.32268327 0.14800009 0.88650936
v 0.26392204 0.12528594 0.7353611
v 0.26385006 0.14805338 0.74708086
v 0.25840056 0.12528594 0.745947
v 0.25874993 0.14800027 0.75744408
v 0.31166989 0.125286 1.62083137
v 0.30012965 0.14810658 1.62052178
v 0.3116011 0.14808001 1.61643326
v -0.32354516 0.12528576 0.88353753
v -0.3377921 0.14805318 0.89000762
v -0.33944523 0.12528576 0.88626975
v -0.3531881 0.14800008 0.89285648
v 0.25441715 0.12528594 0.75685298
v 0.25767994 0.14805336 0.76835722
v 0.25201267 0.12528594 0.76797432
v 0.25562543 0.14800027 0.77920377
v -0.42724979 0.12528577 1.80143321
v -0.41969401 0.14807978 1.83218706
v -0.42695129 0.14800005 1.79807949
v -0.41975045 0.12528577 1.83686745
v -0.40906668 0.14810635 1.83722043
v -0.35487872 0.12528574 0.89005697
v -0.36701155 0.14805317 0.89830923
v -0.36969608 0.12528574 0.89486438
v -0.3813014 0.14800008 0.90316355
v 0.25201273 0.12528594 0.79043323
v 0.25120777 0.12528594 0.77920377
v 0.25441721 0.12528594 0.80155456
v 0.25768 0.14805338 0.79005033
v -0.39680588 0.12528579 1.841694
v -0.40906668 0.12528577 1.84192955
v -0.38283461 0.1252858 1.84004474
v -0.39680576 0.14810637 1.83713698
v -0.38283461 0.14810637 1.83559
v -0.38375562 0.12528574 0.90064406
v -0.39330846 0.14805317 0.91036129
v -0.39692104 0.12528574 0.9073419
v -0.4059431 0.14800006 0.91703451
v 0.25840065 0.12528595 0.81246054
v 0.25874996 0.14800029 0.80096346
v 0.26392215 0.12528595 0.82304645
v 0.26385015 0.14805338 0.81132668
v -0.40906686 0.12528573 0.9148919
v -0.41567218 0.14805315 0.92570072
v -0.42007422 0.12528573 0.92322278
v -0.42616576 0.14800006 0.93393636
v 0.27049547 0.12528595 0.84407473
v 0.26800358 0.14800029 0.8218869
v 0.27539071 0.14807996 0.84238559
v 0.43405041 0.14805344 0.8893308
v 0.41823697 0.14800033 0.89074004
v 0.43460858 0.12528601 0.89321798
v 0.44996086 0.14800034 0.88859689
v -0.42987913 0.14807977 1.70874357
v -0.43029857 0.12528576 1.70921183
v -0.42983896 0.12528573 0.93225294
v -0.4332431 0.14805315 0.94373792
v -0.43826526 0.12528573 0.94189662
v 0.45082271 0.12528601 0.89156878
v 0.46506965 0.14805344 0.88509864
v 0.46672276 0.12528601 0.8888365
v 0.46672279 0.03232005 0.8888365
v 0.45082271 0.07893714 0.89156878
v 0.45082274 0.03232005 0.89156878
v 0.48215625 0.07893714 0.88504928
v 0.46672276 0.07893715 0.8888365
v -0.42983896 0.03231977 0.93225294
v -0.43826532 0.07893685 0.94189662
v -0.4298389 0.07893685 0.93225294
v -0.43826532 0.03231976 0.94189662
v -0.44527411 0.07893685 0.95205998
v -0.43073392 0.03231979 1.54961681
v -0.43029863 0.07893689 1.70921183
v -0.43073422 0.07893687 1.54961681
v -0.43029863 0.0323198 1.70921206
v -0.42724973 0.07893689 1.80143344
v 0.43460864 0.03232004 0.89321798
v 0.418237 0.07893713 0.8937701
v 0.418237 0.03232004 0.8937701
v 0.43460861 0.07893714 0.89321798
v 0.27049547 0.03231999 0.84407473
v 0.26392218 0.07893708 0.82304645
v 0.26392218 0.03231999 0.82304645
v 0.27587301 0.07893708 0.92977291
v 0.27049547 0.07893708 0.84407473
v -0.42007416 0.03231976 0.92322272
v -0.40906686 0.07893686 0.9148919
v -0.40906668 0.03231977 0.91489196
v -0.42007405 0.07893686 0.92322278
v 0.25840068 0.03231998 0.81246054
v 0.25441721 0.07893707 0.80155456
v 0.25441724 0.03231998 0.80155462
v 0.25840068 0.07893708 0.81246054
v -0.38375574 0.03231978 0.90064412
v -0.3969211 0.07893687 0.90734196
v -0.38375574 0.07893687 0.90064412
v -0.39692116 0.03231977 0.90734196
v -0.39680582 0.03231981 1.841694
v -0.40906668 0.0789369 1.84192955
v -0.40906656 0.03231981 1.84192955
v -0.38283455 0.03231982 1.84004474
v -0.3968057 0.07893691 1.84169388
v 0.2512078 0.03231998 0.77920377
v 0.25201273 0.07893708 0.79043323
v 0.25120777 0.07893707 0.77920377
v 0.25201276 0.03231998 0.79043323
v -0.3696959 0.03231978 0.89486444
v -0.3548786 0.07893687 0.89005703
v -0.35487849 0.03231979 0.89005703
v -0.3696959 0.07893687 0.89486444
v -0.41975039 0.0323198 1.83686757
v -0.42724967 0.0323198 1.80143332
v -0.41975039 0.0789369 1.83686757
v 0.2520127 0.03231997 0.76797432
v 0.25441715 0.07893707 0.75685298
v 0.25441718 0.03231998 0.75685298
v 0.2520127 0.07893708 0.76797432
v -0.32354504 0.0323198 0.88353753
v -0.33944505 0.07893688 0.88626975
v -0.32354504 0.07893688 0.88353753
v -0.33944517 0.03231979 0.88626975
v 0.30012968 0.03232003 1.62523055
v 0.31166992 0.07893713 1.62083137
v 0.30012968 0.07893712 1.62523067
v 0.31166992 0.03232003 1.62083137
v 0.32059684 0.07893712 1.59003639
v 0.25840056 0.03231998 0.745947
v 0.26392204 0.07893707 0.7353611
v 0.26392207 0.03231998 0.7353611
v 0.25840056 0.07893708 0.745947
v -0.2909593 0.03231981 0.88133615
v -0.30733085 0.0789369 0.88188821
v -0.2909593 0.0789369 0.88133615
v -0.30733103 0.0323198 0.88188827
v 0.28844118 0.03232003 1.62555909
v 0.27390802 0.07893711 1.62785876
v 0.27390808 0.03232002 1.62785876
v 0.28844115 0.07893712 1.62555909
v 0.27093089 0.03231998 0.72519773
v 0.27935719 0.07893708 0.715554
v 0.27935722 0.03231999 0.715554
v 0.27093089 0.07893708 0.72519773
v -0.25837344 0.03231982 0.88353753
v -0.27458763 0.0789369 0.88188821
v -0.25837344 0.0789369 0.88353747
v -0.27458769 0.03231981 0.88188827
v 0.32544804 0.03232002 1.14919233
v 0.32484251 0.07893711 1.35942841
v 0.32484254 0.03232003 1.35942841
v 0.32968643 0.03232001 0.9666838
v 0.32544801 0.07893711 1.14919233
v 0.3296864 0.0789371 0.9666838
v 0.30012941 0.03231999 0.69819301
v 0.2891221 0.07893708 0.70652384
v 0.30012941 0.07893708 0.69819301
v 0.28912207 0.03231999 0.70652384
v -0.22703993 0.03231983 0.89005697
v -0.24247336 0.07893692 0.88626975
v -0.22703999 0.07893691 0.89005697
v -0.24247348 0.03231982 0.88626975
v -0.38302755 0.0323198 1.36122179
v -0.37858868 0.0789369 1.53877163
v -0.37858868 0.03231981 1.53877163
v -0.37950981 0.03231979 1.18338275
v -0.38302743 0.07893689 1.36122167
v 0.31227511 0.03231999 0.69064301
v 0.32544044 0.07893708 0.68394518
v 0.32544044 0.03232 0.68394518
v 0.31227508 0.07893709 0.69064301
v -0.19816285 0.03231984 0.90064406
v -0.21222252 0.07893693 0.89486438
v -0.19816285 0.07893693 0.90064406
v -0.21222264 0.03231983 0.89486438
v 0.27713367 0.03232 1.11272001
v 0.27587301 0.03231999 0.92977291
v 0.27042365 0.03232001 1.29543543
v 0.2771337 0.0789371 1.11272001
v 0.35431761 0.03232001 0.67335808
v 0.33950019 0.0789371 0.6781655
v 0.35431758 0.0789371 0.67335808
v 0.33950019 0.03232 0.6781655
v -0.17285174 0.03231985 0.9148919
v -0.18499744 0.07893693 0.90734184
v -0.1728518 0.07893693 0.91489184
v -0.18499756 0.03231984 0.90734184
v 0.38565111 0.03232002 0.66683859
v 0.36975104 0.07893711 0.66957086
v 0.38565111 0.07893711 0.66683859
v 0.36975107 0.03232001 0.66957086
v -0.16184449 0.03231985 0.92322266
v -0.15207958 0.07893694 0.93225288
v -0.15207952 0.03231985 0.93225288
v -0.16184443 0.07893694 0.92322266
v -0.43332309 0.03231977 1.14647186
v -0.43105781 0.07893687 1.33410406
v -0.43332314 0.07893686 1.14647186
v -0.43105763 0.03231978 1.33410418
v 0.40186524 0.03232002 0.66518933
v 0.41823688 0.07893711 0.66463721
v 0.41823691 0.03232003 0.66463721
v 0.40186521 0.07893712 0.66518933
v -0.14365321 0.03231985 0.94189656
v -0.13664442 0.07893695 0.95205992
v -0.13664436 0.03231986 0.95205992
v -0.14365321 0.07893695 0.94189656
v 0.43460858 0.03232003 0.66518933
v 0.45082268 0.07893713 0.66683859
v 0.45082271 0.03232004 0.66683859
v 0.43460855 0.07893713 0.66518933
v -0.13112289 0.03231986 0.96264583
v -0.12713945 0.07893695 0.97355175
v -0.12713945 0.03231987 0.97355181
v -0.13112289 0.07893696 0.96264583
v 0.46672276 0.03232004 0.6695708
v 0.48215622 0.07893714 0.67335808
v 0.48215625 0.03232005 0.67335808
v 0.46672273 0.07893714 0.6695708
v -0.12393004 0.03231987 0.99590254
v -0.124735 0.07893696 0.98467314
v -0.1239301 0.07893696 0.9959026
v -0.124735 0.03231986 0.98467314
v 0.49697363 0.03232005 0.67816544
v 0.51103336 0.07893714 0.68394512
v 0.51103336 0.03232006 0.68394518
v 0.49697363 0.07893715 0.67816544
v -0.12713939 0.03231987 1.01825333
v -0.124735 0.07893696 1.00713205
v -0.12713951 0.07893696 1.01825345
v -0.12473506 0.03231986 1.00713205
v 0.53634441 0.03232007 0.69819295
v 0.52419871 0.07893716 0.69064295
v 0.53634441 0.07893716 0.69819295
v 0.52419871 0.03232006 0.69064295
v -0.13112295 0.03231986 1.02915931
v -0.13664442 0.07893695 1.03974521
v -0.13664436 0.03231987 1.03974521
v -0.13112295 0.07893696 1.02915931
v 0.55711663 0.03232007 0.715554
v 0.54735172 0.07893717 0.70652378
v 0.55711663 0.07893717 0.71555394
v 0.54735172 0.03232007 0.70652378
v -0.14365321 0.03231986 1.04990864
v -0.15207952 0.07893695 1.05955231
v -0.15207952 0.03231986 1.05955231
v -0.14365321 0.07893696 1.04990864
v -0.32354468 0.03231981 1.10826766
v -0.30733067 0.0789369 1.10991693
v -0.3235448 0.07893689 1.10826766
v -0.30733067 0.03231981 1.10991693
v -0.29095924 0.0789369 1.1104691
v 0.56554294 0.03232007 0.72519767
v 0.57255179 0.07893717 0.73536098
v 0.57255179 0.03232008 0.73536098
v 0.56554294 0.07893717 0.72519761
v -0.16184443 0.03231985 1.06858253
v -0.1728518 0.07893694 1.07691324
v -0.17285174 0.03231985 1.07691336
v -0.16184443 0.07893695 1.06858253
v -0.33944476 0.0323198 1.10553551
v -0.35487837 0.07893688 1.10174823
v -0.35487837 0.0323198 1.10174823
v -0.33944482 0.0789369 1.10553551
v 0.5820567 0.03232009 0.75685287
v 0.57807326 0.07893718 0.74594694
v 0.5820567 0.07893717 0.75685287
v 0.57807332 0.03232008 0.74594694
v -0.1849975 0.03231985 1.08446324
v -0.19816279 0.07893693 1.09116113
v -0.19816279 0.03231985 1.09116113
v -0.18499738 0.07893694 1.08446336
v -0.36916512 0.03231979 1.10846853
v -0.37950981 0.07893687 1.18338263
v -0.369165 0.07893688 1.10846853
v 0.58446121 0.03232008 0.76797426
v 0.58526611 0.07893717 0.77920365
v 0.58526611 0.03232009 0.77920365
v 0.58446115 0.07893718 0.76797426
v -0.21222246 0.03231984 1.09694076
v -0.22703993 0.07893693 1.10174823
v -0.22703993 0.03231984 1.10174811
v -0.21222246 0.07893693 1.09694076
v 0.58446121 0.03232009 0.79043311
v 0.5820567 0.07893717 0.8015545
v 0.5820567 0.03232009 0.8015545
v 0.58446115 0.07893718 0.79043311
v -0.24247336 0.03231983 1.10553539
v -0.25837344 0.07893691 1.10826766
v -0.25837344 0.03231983 1.10826766
v -0.24247336 0.07893693 1.10553551
v 0.24269903 0.03232001 1.63706541
v 0.14160383 0.07893707 1.66997468
v 0.14160386 0.03231998 1.66997468
v 0.24269903 0.07893711 1.63706517
v 0.57807326 0.03232008 0.81246042
v 0.57255179 0.07893717 0.82304633
v 0.57255179 0.03232009 0.82304633
v 0.57807326 0.07893718 0.81246042
v -0.29095912 0.03231982 1.1104691
v -0.27458763 0.07893692 1.10991693
v -0.27458751 0.03231982 1.10991693
v -0.44527394 0.03231977 1.03974533
v -0.43870074 0.07893686 1.06077361
v -0.44527411 0.07893685 1.03974533
v -0.43870074 0.03231976 1.06077361
v -0.35497564 0.03231981 1.60852098
v -0.25886321 0.07893693 1.58371425
v -0.25886303 0.03231985 1.58371425
v -0.35497564 0.07893691 1.60852075
v 0.565543 0.03232008 0.83320969
v 0.55711663 0.07893717 0.84285337
v 0.55711663 0.03232008 0.84285337
v 0.56554294 0.07893718 0.83320969
v 0.40186542 0.03232003 0.89321804
v 0.38565138 0.07893711 0.89156878
v 0.38565138 0.03232003 0.89156878
v 0.40186542 0.07893713 0.89321804
v -0.45079559 0.03231976 1.02915943
v -0.45477897 0.07893685 1.01825356
v -0.45477897 0.03231976 1.01825345
v -0.45079547 0.07893685 1.02915943
v 0.32431185 0.03232003 1.50841928
v 0.32059687 0.03232004 1.59003639
v 0.32431182 0.07893713 1.50841928
v 0.53634441 0.03232007 0.86021435
v 0.54735172 0.07893717 0.85188359
v 0.53634441 0.07893717 0.86021435
v 0.54735178 0.03232007 0.85188359
v 0.36975136 0.03232002 0.88883656
v 0.35431787 0.07893711 0.88504934
v 0.3543179 0.03232002 0.88504934
v 0.36975136 0.07893712 0.88883656
v -0.45718348 0.03231975 1.00713205
v -0.45798844 0.07893685 0.99590266
v -0.45798838 0.03231976 0.99590266
v -0.45718342 0.07893685 1.00713205
v 0.52419877 0.03232007 0.86776435
v 0.51103342 0.07893716 0.87446219
v 0.51103342 0.03232007 0.87446219
v 0.52419871 0.07893717 0.86776435
v 0.34003118 0.03232001 0.89176965
v 0.34003118 0.07893711 0.89176965
v -0.4571833 0.03231975 0.98467326
v -0.45477897 0.07893685 0.97355187
v -0.45477897 0.03231976 0.97355187
v -0.45718348 0.07893685 0.98467326
v 0.48215628 0.03232006 0.88504928
v 0.49697363 0.07893716 0.88024187
v 0.49697369 0.03232006 0.88024187
v -0.44527417 0.03231976 0.95205998
v -0.45079553 0.07893685 0.96264589
v -0.45079571 0.03231975 0.96264595
v -0.445346 0.00884873 0.96377981
v -0.44119263 0.00891347 0.95321953
v -0.45044613 0.00891347 0.97414303
v 0.49428922 0.00884904 0.87679702
v 0.48046571 0.00891377 0.88224983
v 0.50857908 0.00891378 0.87194276
v -0.45151609 0.00884873 0.98505604
v -0.45357054 0.00891347 0.99590266
v 0.34249383 0.00881662 0.88841194
v 0.33042794 0.00878425 0.96507907
v 0.35600844 0.00891373 0.88224989
v 0.52058607 0.00884904 0.86474496
v 0.53322065 0.00891379 0.85807174
v -0.45151609 0.00884873 1.00674927
v 0.37140447 0.008849 0.8850987
v 0.54294968 0.00884905 0.84940559
v 0.55344349 0.00891379 0.84116995
v 0.3238008 0.00881664 1.50769472
v 0.32023323 0.00891375 1.58692813
v 0.32431185 0.00878427 1.35917938
v -0.44534594 0.00884874 1.02802563
v -0.45044601 0.00891347 1.01766241
v 0.40242362 0.00884901 0.8893308
v 0.38651323 0.00891374 0.88859689
v 0.56052071 0.00884906 0.83136839
v 0.56847042 0.0089138 0.82188678
v -0.35507548 0.00876907 1.61334741
v -0.25886309 0.00878409 1.58823884
v -0.37907648 0.00872412 1.54398513
v -0.43380535 0.00881637 1.05908453
v -0.44119257 0.00891348 1.03858578
v -0.43098354 0.00878401 1.14596319
v -0.27514577 0.0088488 1.10602975
v -0.29095906 0.00891353 1.10743892
v -0.25923532 0.00891354 1.10529578
v 0.57262379 0.00884906 0.81132656
v 0.57772398 0.0089138 0.80096334
v 0.14160386 0.00199753 1.63057315
v 0.24269906 0.00878425 1.63204694
v 0.14160386 0.00878422 1.66504943
v 0.24269901 0.00199756 1.59691942
v 0.27390808 0.00878426 1.62286544
v -0.24412644 0.0088488 1.10179758
v -0.22873044 0.00891355 1.09894872
v 0.57879388 0.00884906 0.79005027
v 0.58084846 0.0089138 0.77920365
v -0.21490693 0.00884881 1.09349597
v -0.20061702 0.00891356 1.08864164
v 0.57879394 0.00884906 0.7683571
v -0.36670244 0.0088164 1.10511088
v -0.37876815 0.00878403 1.18177795
v -0.35318768 0.00891351 1.09894872
v -0.18861014 0.00884882 1.08144391
v -0.1759755 0.00891356 1.07477069
v 0.57262385 0.00884906 0.7470808
v 0.57772398 0.0089138 0.75744402
v -0.33779168 0.00884878 1.10179758
v -0.16624653 0.00884883 1.06610453
v -0.15575266 0.00891357 1.05786884
v 0.56052071 0.00884905 0.72703892
v 0.56847042 0.00891379 0.73652059
v -0.30677253 0.00884879 1.10602975
v -0.32268292 0.00891352 1.1052959
v -0.1486755 0.00884883 1.04806733
v -0.14072573 0.00891357 1.03858566
v 0.54294968 0.00884904 0.70900172
v 0.55344349 0.00891379 0.71723741
v -0.13657236 0.00884884 1.02802551
v -0.13147223 0.00891358 1.01766229
v 0.52058607 0.00884904 0.69366235
v 0.53322065 0.00891378 0.70033556
v -0.13040221 0.00884884 1.00674915
v -0.12834764 0.00891358 0.9959026
v 0.49428919 0.00884903 0.68161029
v 0.50857908 0.00891377 0.68646455
v -0.13040221 0.00884884 0.98505604
v 0.46506968 0.00884902 0.67330867
v 0.48046568 0.00891376 0.67615753
v -0.13657236 0.00884883 0.96377969
v -0.13147223 0.00891357 0.97414291
v 0.43405041 0.00884901 0.66907656
v 0.44996086 0.00891375 0.66981047
v -0.1486755 0.00884883 0.94373786
v -0.14072573 0.00891357 0.95321947
v 0.40242344 0.008849 0.66907656
v 0.41823691 0.00891374 0.66766733
v 0.38651296 0.00891373 0.66981047
v -0.43029851 0.00878403 1.54992008
v -0.43038416 0.00878402 1.33435154
v -0.16624653 0.00884882 0.92570066
v -0.15575266 0.00891356 0.93393636
v 0.37140417 0.00884899 0.67330867
v 0.35600817 0.00891372 0.67615753
v -0.18861014 0.00884882 0.91036129
v -0.1759755 0.00891356 0.91703451
v 0.34218466 0.00884898 0.68161035
v 0.32789478 0.00891371 0.68646461
v 0.27784142 0.00876926 1.1141386
v 0.27821261 0.00878423 0.92926431
v 0.27092326 0.00872432 1.30123353
v -0.21490699 0.00884881 0.89830917
v -0.20061713 0.00891355 0.90316349
v 0.31588781 0.00884897 0.69366241
v 0.3032532 0.0089137 0.70033562
v -0.38341057 0.00876905 1.36194134
v -0.24412644 0.0088488 0.89000762
v -0.2287305 0.00891354 0.89285642
v 0.29352418 0.00884896 0.70900178
v 0.28303039 0.0089137 0.71723747
v 0.32507634 0.00878426 1.1487366
v -0.27514577 0.00884879 0.88577545
v -0.25923532 0.00891353 0.88650936
v 0.27595317 0.00884896 0.72703898
v 0.26800346 0.00891369 0.73652065
v 0.27390808 0.00199757 1.58791208
v 0.28844118 0.00878427 1.62068629
v -0.30677277 0.00884878 0.88577545
v -0.2909593 0.00891352 0.88436621
v -0.32268322 0.00891351 0.88650936
v 0.26385009 0.00884895 0.74708086
v 0.25874996 0.00891369 0.75744408
v 0.31160113 0.00881664 1.61643314
v 0.30012971 0.00878427 1.62052178
v 0.31139475 0.00216868 1.58574724
v -0.33779204 0.00884877 0.89000762
v -0.35318804 0.0089135 0.89285648
v 0.25768 0.00884895 0.76835722
v 0.25562546 0.00891369 0.77920377
v -0.42695141 0.00891351 1.79807937
v -0.41969389 0.00881641 1.83218718
v -0.40906662 0.00878405 1.83722055
v -0.36701155 0.00884876 0.89830923
v -0.3813014 0.00891349 0.90316355
v 0.25768003 0.00884895 0.79005033
v -0.38283455 0.00878406 1.83559
v -0.3968057 0.00878405 1.83713698
v -0.3933084 0.00884875 0.91036129
v -0.40594298 0.00891348 0.91703451
v 0.26385018 0.00884896 0.81132668
v 0.25875002 0.00891369 0.80096346
v -0.41567194 0.00884874 0.92570072
v -0.42616576 0.00891348 0.93393636
v 0.27539074 0.0088166 0.84238559
v 0.26800358 0.0089137 0.8218869
v 0.43405044 0.00884902 0.8893308
v 0.418237 0.00891375 0.89074004
v 0.44996089 0.00891376 0.88859689
v -0.42987907 0.0088164 1.70874357
v -0.43324286 0.00884874 0.94373792
v 0.46506971 0.00884903 0.88509864
v -0.05948225 0.00878416 1.73099303
v -0.25886321 0.00878409 1.7963773
v -0.05948225 0.00199747 1.69792414
v -0.05948225 0.03231991 1.73571706
v -0.25886309 0.03231986 1.80090201
v 0.24237022 0.00876926 1.39000392
v 0.24276304 0.00193763 1.42823184
v 0.14160386 0.00878421 1.43849111
v 0.14160386 0.03231997 1.43356597
v 0.24226345 0.03232 1.38459635
v 0.27042365 0.0789371 1.29543567
v 0.14160383 0.07893706 1.43356586
v 0.24226344 0.0789371 1.38459635
v 0.24226341 0.12528598 1.38459635
v -0.05948228 0.07893702 1.73571706
v -0.25886321 0.07893694 1.80090201
v -0.05948228 0.12528589 1.73571706
v -0.25886315 0.12528583 1.80090201
v -0.25886327 0.1481064 1.7963773
v -0.05948231 0.14810647 1.73099291
v -0.05948231 0.15417793 1.69792414
v 0.14160383 0.12528595 1.43356586
v 0.24237016 0.14811885 1.39000392
v 0.1416038 0.14810652 1.43849111
v 0.242763 0.15422723 1.42823184
v 0.1416038 0.15417801 1.47296739
v 0.24273312 0.15542032 1.51508451
v 0.14160383 0.15540801 1.55177021
v 0.24273318 0.00048439 1.51508451
v 0.14160386 0.00049934 1.55177021
v 0.14160386 0.00199753 1.47296727
v -0.35550642 0.1252858 1.83232474
v -0.35550642 0.14810638 1.8278898
v -0.35550636 0.07893692 1.83232474
v -0.38283455 0.0789369 1.84004486
v -0.35550636 0.03231983 1.83232474
v -0.38283449 0.00199737 1.80440617
v -0.35550636 0.00878407 1.82788992
v -0.05948216 0.00878415 1.5136838
v -0.05948225 0.00199746 1.54675269
v -0.05948225 0.03231991 1.50895977
v -0.05948219 0.078937 1.50895953
v -0.05948228 0.12528589 1.50895977
v -0.05948222 0.14810647 1.5136838
v -0.05948231 0.15417793 1.54675269
v -0.05948225 0.15540792 1.62233841
v -0.05948216 0.00049928 1.62233829
v -0.2909686 0.00021939 0.99657965
v 0.41822684 0.00021961 0.77988088
v -0.29096866 0.15563753 0.99657965
v 0.41822681 0.15563776 0.77988082
vn 0.00855 -0.99536 0.09587
vn 0.02426 -0.99576 0.08868
vn 0.02799 -0.97796 0.20689
vn -0.00855 -0.99536 0.09587
vn 0 -0.97759 0.21053
vn -0.01352 -0.9954 0.09484
vn -0.02799 -0.97796 0.20689
vn 0.54538 0.12507 0.8288
vn 0.04364 -0.95264 0.30094
vn 0.8002 -0.56139 0.211
vn 0.75639 0.64547 0.10607
vn -0.03213 -0.99947 -0.00587
vn -0.01579 -0.99987 -0.00289
vn -0.07932 -0.99678 0.0115
vn -0.21933 -0.97562 -0.00737
vn -0.05394 -0.99845 0.01376
vn -0.16053 -0.987 0.00837
vn -0.05234 -0.99861 0.00619
vn -0.14726 -0.9882 0.04215
vn -0.05233 -0.99861 -0.00619
vn -0.15026 -0.98865 -0
vn -0.05187 -0.99848 -0.01874
vn -0.14726 -0.9882 -0.04215
vn -0.05082 -0.9982 -0.03187
vn -0.13839 -0.98693 -0.08262
vn -0.04865 -0.99776 -0.04601
vn -0.12395 -0.98504 -0.11971
vn -0.04428 -0.99715 -0.06112
vn -0.10458 -0.98287 -0.15178
vn -0.03636 -0.99644 -0.07607
vn -0.0813 -0.98076 -0.17746
vn -0.02422 -0.99578 -0.08851
vn -0.05538 -0.97906 -0.19591
vn -0.00853 -0.99538 -0.09568
vn -0.02799 -0.97796 -0.20689
vn 0.00854 -0.99538 -0.09568
vn 0 -0.97759 -0.21053
vn 0.02422 -0.99578 -0.08851
vn 0.02799 -0.97796 -0.20689
vn 0.03636 -0.99644 -0.07607
vn 0.05538 -0.97906 -0.19591
vn 0.04428 -0.99715 -0.06112
vn 0.08131 -0.98076 -0.17746
vn 0.04865 -0.99776 -0.04601
vn 0.10458 -0.98287 -0.15178
vn 0.05082 -0.9982 -0.03187
vn 0.12395 -0.98504 -0.11971
vn 0.05187 -0.99848 -0.01874
vn 0.13839 -0.98693 -0.08262
vn 0.05233 -0.99861 -0.00619
vn 0.14726 -0.9882 -0.04215
vn 0.05234 -0.99861 0.00619
vn 0.15026 -0.98865 0
vn 0.05191 -0.99848 0.01875
vn 0.14726 -0.9882 0.04215
vn 0.05088 -0.9982 0.03191
vn 0.13839 -0.98693 0.08262
vn 0.04872 -0.99775 0.04608
vn 0.12395 -0.98504 0.11971
vn 0.04434 -0.99714 0.06122
vn 0.10458 -0.98287 0.15178
vn 0.03642 -0.99643 0.07621
vn 0.08131 -0.98076 0.17746
vn 0.05538 -0.97906 0.19591
vn 0.00855 -0.99536 0.09587
vn 0.02426 -0.99576 0.08868
vn 0.02799 -0.97796 0.20689
vn -0.00855 -0.99536 0.09587
vn 0 -0.97759 0.21053
vn -0.01352 -0.9954 0.09484
vn -0.02799 -0.97796 0.20689
vn 0.54539 0.12507 0.8288
vn 0.04364 -0.95265 0.30094
vn 0.80019 -0.56139 0.21104
vn 0.7568 0.6449 0.10657
vn -0.03202 -0.99947 -0.00599
vn -0.01521 -0.99988 -0.00281
vn -0.07932 -0.99678 0.0115
vn -0.22176 -0.97509 -0.00332
vn -0.05394 -0.99845 0.01376
vn -0.16053 -0.987 0.00837
vn -0.05234 -0.99861 0.00619
vn -0.14726 -0.9882 0.04215
vn -0.05233 -0.99861 -0.00619
vn -0.15025 -0.98865 0
vn -0.05187 -0.99848 -0.01874
vn -0.14726 -0.9882 -0.04215
vn -0.05082 -0.9982 -0.03187
vn -0.13839 -0.98693 -0.08262
vn -0.04865 -0.99776 -0.04601
vn -0.12395 -0.98504 -0.11971
vn -0.04428 -0.99715 -0.06112
vn -0.10458 -0.98287 -0.15178
vn -0.03636 -0.99644 -0.07607
vn -0.08131 -0.98076 -0.17746
vn -0.02422 -0.99578 -0.08851
vn -0.05538 -0.97906 -0.19591
vn -0.00853 -0.99538 -0.09568
vn -0.02799 -0.97796 -0.20689
vn 0.00854 -0.99538 -0.09568
vn 0 -0.97759 -0.21053
vn 0.02422 -0.99578 -0.08851
vn 0.02799 -0.97796 -0.20689
vn 0.03636 -0.99644 -0.07607
vn 0.05538 -0.97906 -0.19591
vn 0.04428 -0.99715 -0.06112
vn 0.08131 -0.98076 -0.17746
vn 0.04865 -0.99776 -0.04601
vn 0.10458 -0.98287 -0.15178
vn 0.05082 -0.9982 -0.03187
vn 0.12395 -0.98504 -0.11971
vn 0.05187 -0.99848 -0.01874
vn 0.13839 -0.98693 -0.08262
vn 0.05233 -0.99861 -0.00619
vn 0.14726 -0.9882 -0.04215
vn 0.05234 -0.99861 0.00619
vn 0.15026 -0.98865 -0
vn 0.05191 -0.99848 0.01875
vn 0.14726 -0.9882 0.04215
vn 0.05088 -0.9982 0.03191
vn 0.13839 -0.98693 0.08262
vn 0.04872 -0.99775 0.04608
vn 0.12395 -0.98504 0.11971
vn 0.04434 -0.99714 0.06122
vn 0.10458 -0.98287 0.15178
vn 0.03642 -0.99643 0.07621
vn 0.08131 -0.98076 0.17746
vn 0.05538 -0.97906 0.19591
vn -0.098 -0.99517 -0.0057
vn -0.00337 -0.99999 0.00011
vn -0.12644 -0.99197 -4E-05
vn -0.63522 -0.77233 -0.00208
vn -0.5305 -0.84765 -0.00768
vn -0.08994 -0.99593 -0.0064
vn -0.00147 -1 1E-05
vn -0.05583 -0.99844 -0.00165
vn -0.50781 -0.86105 -0.02691
vn 0.11346 -0.99353 0.00559
vn 0.64033 -0.76809 0.00297
vn 0.05464 -0.99851 -0.00073
vn -0.00597 -0.99998 0.00066
vn 0.12286 -0.9924 0.00653
vn 0.65383 -0.75648 0.01586
vn 0.10637 -0.99433 0.00145
vn 0.00405 -0.99999 0.00062
vn -0.1295 -0.99153 0.00979
vn -0.01414 -0.99984 0.01078
vn -0.35878 -0.92502 0.12495
vn -0.6594 -0.75034 0.04679
vn -0.63962 -0.76863 0.00981
vn -0.0076 -0.99995 0.007
vn 0.00652 -0.99992 0.01071
vn 2E-05 -0.99471 0.10271
vn -0.00731 -0.99997 0.0022
vn -0.21829 -0.97457 -0.05067
vn 0.22157 -0.9736 -0.05495
vn 0.00433 -0.99996 0.00832
vn 0.00645 -0.99996 0.00581
vn 0.0007 -0.99296 0.11845
vn -0.04229 -0.99182 0.1204
vn 0.58983 -0.80752 0.0026
vn 0.10373 -0.99455 0.01077
vn 0.61712 -0.78436 0.06275
vn 0.59224 -0.80566 0.01269
vn 0.01538 -0.99276 0.11911
vn 0.00039 -1 0.00028
vn 0.03076 -0.99747 -0.0641
vn -0.03445 -0.99305 -0.1125
vn 0.03813 -0.9926 0.1153
vn 0.00248 -0.99999 0.00278
vn 0.03623 -0.99226 0.11881
vn 0.02161 0.99673 0.07789
vn 0.00763 0.9964 0.0844
vn 0.02514 0.98216 0.18638
vn 0.03231 0.99725 0.06663
vn 0.04973 0.98305 0.17647
vn 0.03913 0.99782 0.0532
vn 0.073 0.98444 0.15985
vn 0.04273 0.99829 0.03978
vn 0.09389 0.98615 0.13672
vn 0.04437 0.99864 0.02738
vn 0.11127 0.98792 0.10783
vn 0.04507 0.99886 0.01602
vn 0.12423 0.98946 0.07443
vn 0.04534 0.99896 0.00527
vn 0.13221 0.99049 0.03798
vn 0.04533 0.99896 -0.00528
vn 0.1349 0.99086 0
vn 0.04504 0.99886 -0.01601
vn 0.13221 0.99049 -0.03798
vn 0.04432 0.99864 -0.02735
vn 0.12423 0.98946 -0.07443
vn 0.04267 0.9983 -0.03972
vn 0.11127 0.98792 -0.10784
vn 0.03907 0.99782 -0.05311
vn 0.09389 0.98615 -0.13672
vn 0.03227 0.99726 -0.06651
vn 0.073 0.98444 -0.15985
vn 0.02157 0.99674 -0.07775
vn 0.04973 0.98305 -0.17647
vn 0.00762 0.99642 -0.08425
vn 0.02514 0.98216 -0.18638
vn -0.00762 0.99642 -0.08425
vn -0 0.98185 -0.18965
vn -0.02157 0.99674 -0.07775
vn -0.02514 0.98216 -0.18638
vn -0.03227 0.99726 -0.06651
vn -0.04973 0.98305 -0.17647
vn -0.03907 0.99782 -0.05311
vn -0.073 0.98444 -0.15985
vn -0.04268 0.9983 -0.03972
vn -0.09389 0.98615 -0.13672
vn -0.04432 0.99864 -0.02735
vn -0.11127 0.98792 -0.10783
vn -0.04504 0.99886 -0.01601
vn -0.12423 0.98946 -0.07443
vn -0.04533 0.99896 -0.00528
vn -0.13221 0.99049 -0.03798
vn -0.04534 0.99896 0.00527
vn -0.1349 0.99086 -0
vn -0.04674 0.99884 0.01192
vn -0.13221 0.99049 0.03798
vn -0.0696 0.99751 0.01117
vn -0.14413 0.98954 0.00639
vn -0.02639 0.99964 -0.00482
vn -0.19607 0.98057 -0.00631
vn 0.81889 0.53129 0.21715
vn -0.01297 0.99991 -0.00237
vn 0.52663 -0.11652 0.84207
vn 0.71092 -0.69612 0.1001
vn -0.01279 0.99647 0.08295
vn 0.03609 0.96342 0.26555
vn -0.00763 0.9964 0.0844
vn -0.02514 0.98216 0.18638
vn -0 0.98185 0.18965
vn 0.02161 0.99673 0.07789
vn 0.00763 0.9964 0.0844
vn 0.02514 0.98216 0.18638
vn 0.03231 0.99725 0.06663
vn 0.04973 0.98305 0.17647
vn 0.03913 0.99782 0.0532
vn 0.073 0.98444 0.15985
vn 0.04273 0.99829 0.03977
vn 0.09389 0.98615 0.13672
vn 0.04437 0.99864 0.02738
vn 0.11127 0.98792 0.10783
vn 0.04507 0.99886 0.01602
vn 0.12423 0.98946 0.07443
vn 0.04534 0.99896 0.00527
vn 0.13221 0.99049 0.03798
vn 0.04533 0.99896 -0.00528
vn 0.1349 0.99086 -0
vn 0.04504 0.99886 -0.01601
vn 0.13221 0.99049 -0.03798
vn 0.04432 0.99864 -0.02735
vn 0.12423 0.98946 -0.07443
vn 0.04267 0.9983 -0.03972
vn 0.11127 0.98792 -0.10783
vn 0.03907 0.99782 -0.05311
vn 0.09389 0.98615 -0.13672
vn 0.03227 0.99726 -0.06651
vn 0.073 0.98444 -0.15985
vn 0.02157 0.99674 -0.07775
vn 0.04973 0.98305 -0.17647
vn 0.00762 0.99642 -0.08425
vn 0.02514 0.98216 -0.18638
vn -0.00762 0.99642 -0.08425
vn -0 0.98185 -0.18965
vn -0.02157 0.99674 -0.07775
vn -0.02514 0.98216 -0.18638
vn -0.03227 0.99726 -0.06651
vn -0.04973 0.98305 -0.17647
vn -0.03907 0.99782 -0.05311
vn -0.073 0.98444 -0.15985
vn -0.04268 0.9983 -0.03972
vn -0.09389 0.98615 -0.13672
vn -0.04432 0.99864 -0.02735
vn -0.11127 0.98792 -0.10784
vn -0.04504 0.99886 -0.01601
vn -0.12423 0.98946 -0.07443
vn -0.04533 0.99896 -0.00528
vn -0.13221 0.99049 -0.03798
vn -0.04534 0.99896 0.00527
vn -0.1349 0.99086 0
vn -0.04674 0.99884 0.01192
vn -0.13221 0.99049 0.03798
vn -0.0696 0.99751 0.01117
vn -0.14413 0.98954 0.00639
vn -0.0263 0.99964 -0.00492
vn -0.19828 0.98014 -0.00263
vn 0.8189 0.53126 0.21718
vn -0.01249 0.99992 -0.00231
vn 0.52664 -0.11652 0.84207
vn 0.71134 -0.69562 0.10055
vn -0.01279 0.99647 0.08295
vn 0.03609 0.96342 0.26554
vn -0.00763 0.9964 0.0844
vn -0.02514 0.98216 0.18638
vn -0 0.98185 0.18965
vn -0.08072 0.99673 -0.00469
vn -0.00276 1 9E-05
vn -0.49596 0.86833 -0.00624
vn -0.60281 0.79788 -0.0018
vn -0.10443 0.99453 -3E-05
vn -0.0049 0.99999 0.00054
vn -0.07404 0.99724 -0.00526
vn -0.00121 1 1E-05
vn -0.47279 0.88083 -0.02447
vn -0.04588 0.99895 -0.00136
vn 0.00332 0.99999 0.00051
vn 0.09362 0.9956 0.00462
vn 0.60981 0.79254 0.00225
vn 0.04491 0.99899 -0.0006
vn 0.19582 0.97939 -0.04958
vn 0.10146 0.99482 0.0054
vn 0.62285 0.7822 0.01502
vn 0.0877 0.99615 0.00119
vn 0.55618 0.83106 0.00237
vn -0.10701 0.99422 0.00808
vn -0.01161 0.99989 0.00885
vn -0.60768 0.79413 0.00898
vn -0.63461 0.77162 0.04327
vn -0.33295 0.93594 0.11475
vn -0.03732 0.9935 0.10751
vn -0.00624 0.99996 0.00575
vn 0.00535 0.99995 0.00879
vn -0.19273 0.98019 -0.04562
vn -0.006 0.99998 0.0018
vn 4E-05 0.99582 0.09138
vn 0.0133 0.99425 0.10629
vn 0.00356 0.99997 0.00683
vn 0.0053 0.99997 0.00477
vn 0.00064 0.99441 0.10559
vn 0.01964 0.99372 0.11017
vn 0.08553 0.9963 0.00886
vn 0.55946 0.82878 0.0113
vn 0.25798 0.95671 0.13474
vn 0.59176 0.80402 0.05799
vn 0.0266 0.99803 -0.05674
vn 0.00032 1 0.00023
vn -0.03068 0.99449 -0.1002
vn 0.00204 1 0.00228
vn 0.03232 0.99385 0.10593
vn 0.03397 0.99413 0.10275
vn -0.85671 0.09829 -0.50634
vn -0.63577 0.71421 -0.29275
vn -0.64674 0.66469 -0.37404
vn -0.90697 0.10691 -0.4074
vn -0.71674 0.66977 -0.19417
vn 0.27867 0.07542 0.95742
vn 0.24336 0.67439 0.69712
vn 0.22059 0.6336 0.74154
vn 0.33869 0.08321 0.93721
vn 0.33001 0.64042 0.69351
vn -0.95777 0.10334 -0.26832
vn -0.68453 0.72092 -0.10816
vn -0.98266 0.11137 -0.14822
vn -0.7344 0.67872 0
vn 0.81905 -0.00062 0.57372
vn 0.94839 -0.30643 0.08165
vn 0.9967 -0.01241 0.08024
vn 0.10749 0.05868 0.99247
vn 0.76975 -0.382 0.51142
vn 0.10264 0.67119 0.73415
vn 0.42187 0.0795 0.90316
vn 0.34834 0.68189 0.64319
vn 0.48467 0.08764 0.8703
vn 0.44075 0.64868 0.62044
vn -0.98266 0.11137 0.14821
vn -0.99543 0.09548 1E-05
vn -0.95777 0.10334 0.26832
vn -0.68453 0.72092 0.10816
vn -0.19838 0.08037 0.97683
vn -0.14049 0.07289 0.98739
vn -0.14145 0.66985 0.7289
vn 0.57028 0.08503 0.81704
vn 0.45383 0.69204 0.56135
vn 0.63492 0.0935 0.7669
vn 0.54935 0.65723 0.51601
vn 0.99963 0.01152 0.02463
vn 0.879 0.44124 0.18076
vn 0.98554 0.02006 0.16827
vn 0.99993 0.01162 0.0032
vn 0.96016 0.27858 0.02202
vn 0.95927 0.28247 0.00311
vn -0.90697 0.10691 0.4074
vn -0.71673 0.66977 0.19417
vn -0.92212 0.1014 0.37337
vn -0.63577 0.71421 0.29275
vn -0.0622 0.07909 0.99493
vn -0.11301 0.62912 0.76905
vn 0 0.0776 0.99698
vn -0.04261 0.6679 0.74303
vn 0.71953 0.09162 0.68839
vn 0.55353 0.70359 0.44561
vn 0.78174 0.10033 0.61548
vn 0.64674 0.66469 0.37404
vn 0.49261 0.09549 -0.86499
vn -0.21077 0.71257 -0.66919
vn -0.30033 0.09369 -0.94922
vn 0.91316 0.39169 -0.11273
vn 0.31264 0.83134 -0.45949
vn -0.97878 0.10134 0.17812
vn -0.67465 0.69512 0.24832
vn -0.78794 0.61559 0.0142
vn -0.65674 0.74397 0.12329
vn -0 0.0776 0.99698
vn 0.04261 0.6679 0.74303
vn -0 0.62297 0.78224
vn 0.0622 0.07909 0.99493
vn 0.11301 0.62912 0.76905
vn 0.85671 0.09829 0.50634
vn 0.63577 0.71421 0.29275
vn 0.90697 0.10691 0.4074
vn 0.71673 0.66977 0.19417
vn 0.29513 0.10326 0.94986
vn 0.21793 0.71383 0.66555
vn 0.30878 0.10086 0.94577
vn 0.21969 0.10547 0.96985
vn 0.20625 0.71925 0.66343
vn 0.14785 0.73097 0.6662
vn 0.02849 0.99534 0.09213
vn 0.03133 0.99503 0.09453
vn 0.14049 0.07289 0.9874
vn 0.14145 0.66985 0.7289
vn 0.19838 0.08037 0.97682
vn 0.22059 0.6336 0.74154
vn 0.95777 0.10334 0.26832
vn 0.68453 0.72092 0.10816
vn 0.98266 0.11137 0.14822
vn 0.7344 0.67872 -0
vn 0.27867 0.07543 0.95742
vn 0.24336 0.67439 0.69712
vn 0.33869 0.08321 0.93721
vn 0.33001 0.64042 0.69351
vn 0.98266 0.11137 -0.14822
vn 0.99543 0.09549 -0
vn 0.95777 0.10334 -0.26832
vn 0.68453 0.72092 -0.10816
vn 0.81905 -0.00062 0.57372
vn 0.9481 -0.30779 0.07976
vn 0.99684 -0.01246 0.0785
vn 0.10749 0.05868 0.99247
vn 0.76976 -0.382 0.51142
vn 0.10264 0.67119 0.73415
vn 0.42187 0.0795 0.90316
vn 0.34834 0.68189 0.64319
vn 0.48467 0.08763 0.8703
vn 0.44075 0.64868 0.62044
vn 0.90697 0.10691 -0.4074
vn 0.71673 0.66977 -0.19417
vn 0.85671 0.09829 -0.50634
vn 0.63577 0.71421 -0.29275
vn -0.19838 0.08037 0.97683
vn -0.14049 0.07289 0.9874
vn -0.14145 0.66985 0.7289
vn 0.57028 0.08503 0.81704
vn 0.45383 0.69204 0.56135
vn 0.63492 0.09351 0.7669
vn 0.54935 0.65723 0.51601
vn 0.78174 0.10033 -0.61548
vn 0.64674 0.66469 -0.37404
vn 0.71953 0.09162 -0.68839
vn 0.55353 0.70359 -0.44561
vn -0.0622 0.07909 0.99493
vn -0.11301 0.62912 0.76905
vn -0.04261 0.6679 0.74303
vn 0.71953 0.09162 0.68839
vn 0.55353 0.70359 0.44561
vn 0.78174 0.10033 0.61548
vn 0.64674 0.66469 0.37404
vn 0.63492 0.0935 -0.7669
vn 0.54935 0.65723 -0.51601
vn 0.57028 0.08503 -0.81704
vn 0.45383 0.69204 -0.56135
vn 0.85671 0.09829 0.50634
vn 0.63577 0.71421 0.29275
vn 0.90697 0.10691 0.40741
vn 0.71673 0.66977 0.19417
vn 0.48467 0.08763 -0.8703
vn 0.44075 0.64868 -0.62044
vn 0.42187 0.0795 -0.90316
vn 0.34834 0.68189 -0.64319
vn 0.95777 0.10334 0.26832
vn 0.68453 0.72092 0.10816
vn 0.98266 0.11137 0.14822
vn 0.73439 0.67872 0
vn 0.33869 0.08321 -0.93721
vn 0.33001 0.64042 -0.69351
vn 0.27867 0.07542 -0.95742
vn 0.24336 0.67439 -0.69712
vn 0.98266 0.11137 -0.14822
vn 0.99543 0.09548 0
vn 0.95777 0.10334 -0.26832
vn 0.68453 0.72092 -0.10816
vn 0.19838 0.08037 -0.97682
vn 0.22059 0.6336 -0.74154
vn 0.14049 0.07289 -0.9874
vn 0.14145 0.66985 -0.7289
vn 0.90697 0.10691 -0.4074
vn 0.71673 0.66977 -0.19417
vn 0.85671 0.09829 -0.50634
vn 0.63577 0.71421 -0.29275
vn 0.0622 0.07909 -0.99493
vn 0.11301 0.62912 -0.76905
vn -0 0.0776 -0.99698
vn 0.04261 0.66791 -0.74303
vn 0.78174 0.10033 -0.61548
vn 0.64674 0.66469 -0.37404
vn 0.71953 0.09162 -0.68839
vn 0.55353 0.70359 -0.44561
vn -0.04261 0.66791 -0.74303
vn -0 0.62297 -0.78225
vn -0.0622 0.07909 -0.99493
vn -0.11301 0.62912 -0.76905
vn -0.99813 0.05003 0.03509
vn -0.94072 0.33915 0.00417
vn -0.99995 0.0097 0.00183
vn -0.99987 0.01472 0.00681
vn -0.97044 0.24133 -0.00067
vn 0.63492 0.09351 -0.7669
vn 0.54935 0.65723 -0.51601
vn 0.57028 0.08503 -0.81704
vn 0.45383 0.69204 -0.56135
vn -0.14049 0.07289 -0.9874
vn -0.14145 0.66985 -0.7289
vn -0.19838 0.08037 -0.97682
vn -0.22059 0.6336 -0.74154
vn 0.48467 0.08763 -0.8703
vn 0.44075 0.64868 -0.62044
vn 0.42187 0.0795 -0.90316
vn 0.34834 0.68189 -0.64319
vn -0.27867 0.07542 -0.95742
vn -0.24336 0.67439 -0.69712
vn -0.33869 0.08321 -0.93721
vn -0.33001 0.64042 -0.69351
vn -0.99971 0.01748 -0.01662
vn -0.78558 0.6184 0.02132
vn -0.99808 0.05146 0.03456
vn -0.98663 0.02991 -0.16024
vn -0.92745 0.37262 -0.03161
vn -0.89186 0.43661 -0.1181
vn 0.33869 0.08321 -0.93721
vn 0.33001 0.64042 -0.69351
vn 0.27867 0.07542 -0.95742
vn 0.24336 0.67439 -0.69712
vn -0.42187 0.0795 -0.90316
vn -0.34834 0.68189 -0.64319
vn -0.48467 0.08763 -0.8703
vn -0.44075 0.64868 -0.62044
vn 0.98605 0.0279 -0.16412
vn 0.97589 0.21825 0.00025
vn 0.99996 0.00842 -0.00238
vn 0.19838 0.08037 -0.97682
vn 0.22059 0.6336 -0.74154
vn 0.14049 0.07289 -0.98739
vn 0.14145 0.66985 -0.7289
vn -0.57028 0.08503 -0.81704
vn -0.45383 0.69204 -0.56135
vn -0.63492 0.0935 -0.7669
vn -0.54935 0.65723 -0.51601
vn 0.99988 0.0084 0.01316
vn 0.97699 0.21278 0.01454
vn 0.0622 0.07909 -0.99493
vn 0.11301 0.62912 -0.76905
vn -0 0.0776 -0.99698
vn 0.04261 0.66791 -0.74303
vn -0.71953 0.09162 -0.68839
vn -0.55353 0.70359 -0.44561
vn -0.78174 0.10032 -0.61548
vn -0.64674 0.66469 -0.37404
vn 0.09153 0.10583 0.99016
vn 0.191 0.09998 0.97648
vn 0.05477 0.72982 0.68144
vn 0.01674 0.99585 0.08948
vn -0.04261 0.6679 -0.74303
vn -0 0.62297 -0.78224
vn -0.0622 0.07909 -0.99493
vn -0.11301 0.62912 -0.76905
vn -0.85671 0.09829 -0.50634
vn -0.63577 0.71421 -0.29275
vn -0.90697 0.10691 -0.4074
vn -0.71673 0.66977 -0.19417
vn 0.72033 0.0697 0.69012
vn 0.13294 0.68329 0.71794
vn 0.58945 0.59784 0.54326
vn -0.14049 0.07289 -0.9874
vn -0.14145 0.66985 -0.7289
vn -0.19838 0.08037 -0.97683
vn -0.22059 0.6336 -0.74154
vn -0.95777 0.10334 -0.26832
vn -0.68453 0.72092 -0.10816
vn -0.98266 0.11137 -0.14822
vn -0.7344 0.67872 0
vn -0.99207 0.01615 0.12463
vn -0.63777 0.59358 0.49082
vn -0.90812 0.39388 0.14205
vn -0.77021 0.06619 0.63435
vn -0.16152 0.67247 0.72228
vn -0.27867 0.07542 -0.95742
vn -0.24336 0.67439 -0.69712
vn -0.33869 0.08321 -0.93721
vn -0.33001 0.64042 -0.69351
vn -0.98266 0.11137 0.14822
vn -0.99543 0.09548 0
vn -0.95777 0.10334 0.26832
vn -0.68453 0.72092 0.10816
vn 0.06683 0.09899 0.99284
vn -0.20623 0.09809 0.97358
vn 0.19278 0.09477 0.97666
vn 0.04255 0.70047 0.71241
vn 0.13778 0.6912 0.70941
vn -0.42187 0.0795 -0.90316
vn -0.34834 0.68189 -0.64319
vn -0.48467 0.08763 -0.8703
vn -0.44075 0.64868 -0.62044
vn -0.90697 0.10691 0.4074
vn -0.71673 0.66977 0.19417
vn -0.92212 0.1014 0.37337
vn -0.63577 0.71421 0.29275
vn -0.57028 0.08503 -0.81704
vn -0.45383 0.69204 -0.56135
vn -0.63492 0.0935 -0.7669
vn -0.54935 0.65723 -0.51601
vn -0.97878 0.10134 0.17812
vn -0.67464 0.69512 0.24832
vn -0.65674 0.74397 0.12329
vn 0.04261 0.6679 0.74303
vn -0 0.62297 0.78225
vn 0.0622 0.07909 0.99493
vn 0.11301 0.62912 0.76905
vn -0.97199 0.23451 0.01549
vn -0.9998 0.00934 0.01793
vn -0.71953 0.09161 -0.68839
vn -0.55353 0.70359 -0.44561
vn -0.78174 0.10033 -0.61548
vn 0.14049 0.07289 0.9874
vn 0.14145 0.66985 0.7289
vn 0.19838 0.08037 0.97682
vn 0.19854 -0.07795 0.97699
vn 0.13536 0 0.9908
vn 0.14038 -0.07083 0.98756
vn 0.27365 0 0.96183
vn 0.20397 0 0.97898
vn -0.71955 -0.08904 -0.68871
vn -0.78942 0 -0.61385
vn -0.717 0 -0.69707
vn -0.78207 -0.09736 -0.61554
vn -0.85655 -0 -0.51606
vn -0.99995 -0.0094 0.00183
vn -0.99984 0 0.01789
vn -1 -0 0.00212
vn -0.9998 -0.00906 0.01792
vn -0.99271 -0 0.12051
vn 0.06233 -0.0767 0.9951
vn 0 0 1
vn 0 -0.07549 0.99715
vn 0.06749 0 0.99772
vn -0.9791 -0.09814 0.17814
vn -0.9242 -0 0.38192
vn -0.92232 -0.09854 0.37366
vn -0.9994 0 0.03477
vn -0.98334 -0 0.1818
vn -0.63519 -0.09073 -0.76701
vn -0.56631 -0 -0.8242
vn -0.57023 -0.08263 -0.81732
vn -0.642 0 -0.76671
vn -0.90734 -0.10377 0.40738
vn -0.96062 -0 0.27786
vn -0.958 -0.10045 0.26861
vn -0.91492 -0 0.40363
vn -0.42179 -0.07726 -0.9034
vn -0.49113 -0 -0.87108
vn -0.41716 -0 -0.90883
vn -0.4849 -0.08501 -0.87043
vn 0.06688 -0.09608 0.99312
vn -0.21005 -0 0.97769
vn -0.20636 -0.09523 0.97383
vn 0.19287 -0.09198 0.9769
vn 0.0683 0 0.99766
vn -0.99569 -0.09275 0
vn -0.9899 -0 0.14177
vn -1 -0 0
vn -0.98305 -0.1081 0.14808
vn -0.33888 -0.08071 -0.93736
vn -0.27365 -0 -0.96183
vn -0.27857 -0.0733 -0.95761
vn -0.34466 -0 -0.93873
vn -0.77067 -0.06416 0.634
vn -0.99209 -0.01566 0.12452
vn -0.78479 -0 0.61976
vn -0.98305 -0.1081 -0.14808
vn -0.96062 -0 -0.27785
vn -0.958 -0.10045 -0.26861
vn -0.9899 -0 -0.14176
vn -0.14038 -0.07083 -0.98756
vn -0.20397 -0 -0.97898
vn -0.13536 -0 -0.9908
vn -0.19854 -0.07795 -0.97699
vn 0.19113 -0.09707 0.97675
vn 0.73552 0 0.6775
vn 0.1949 -0 0.98082
vn 0.7208 -0.06761 0.68984
vn 0.98661 0 0.16309
vn -0.90735 -0.10377 -0.40738
vn -0.85655 -0 -0.51606
vn -0.85683 -0.09553 -0.50667
vn -0.91492 -0 -0.40363
vn 0 -0.07549 -0.99715
vn -0.06749 -0 -0.99772
vn -0 -0 -1
vn -0.06233 -0.0767 -0.9951
vn 0.09157 -0.10271 0.99049
vn 0.22008 0 0.97548
vn 0.21974 -0.10235 0.97017
vn 0.09238 -0 0.99572
vn -0.78207 -0.09736 -0.61554
vn -0.71701 -0 -0.69707
vn -0.71955 -0.08904 -0.68871
vn -0.78942 -0 -0.61385
vn 0.14038 -0.07084 -0.98756
vn 0.06749 -0 -0.99772
vn 0.13536 -0 -0.9908
vn 0.06233 -0.0767 -0.9951
vn 0.99988 -0.00814 0.01316
vn 0.99999 0 0.00322
vn 0.99993 -0.01127 0.0032
vn 0.9967 0.01201 0.08028
vn 0.99991 0 0.01305
vn 0.99678 0 0.08013
vn -0.57023 -0.08263 -0.81732
vn -0.64199 -0 -0.76671
vn -0.56631 -0 -0.8242
vn -0.6352 -0.09072 -0.767
vn 0.27857 -0.0733 -0.95762
vn 0.20397 -0 -0.97898
vn 0.27365 0 -0.96183
vn 0.19854 -0.07795 -0.97699
vn 0.99996 -0.00817 -0.00239
vn 0.9846 0 -0.17481
vn 0.98602 -0.0271 -0.16444
vn 0.99684 0.01206 0.07854
vn 1 -0 -0.00261
vn -0.4849 -0.08501 -0.87043
vn -0.41716 -0 -0.90883
vn -0.42179 -0.07725 -0.9034
vn -0.49114 -0 -0.87108
vn 0.42179 -0.07726 -0.9034
vn 0.34466 -0 -0.93873
vn 0.41716 -0 -0.90883
vn 0.33888 -0.08071 -0.93736
vn -0.99972 -0.01699 -0.01662
vn -0.99816 -0.0499 0.03457
vn -0.9866 -0.02907 -0.16054
vn -0.99989 0 -0.01491
vn -0.27857 -0.0733 -0.95762
vn -0.34466 -0 -0.93873
vn -0.27365 -0 -0.96183
vn -0.33888 -0.08071 -0.93736
vn 0.57023 -0.08263 -0.81732
vn 0.49113 0 -0.87108
vn 0.5663 0 -0.8242
vn 0.4849 -0.08501 -0.87043
vn -0.14038 -0.07084 -0.98756
vn -0.20397 -0 -0.97898
vn -0.13536 -0 -0.9908
vn -0.19854 -0.07794 -0.97699
vn 0.63519 -0.09072 -0.76701
vn 0.71701 0 -0.69707
vn 0.71955 -0.08904 -0.68871
vn 0.642 0 -0.76671
vn -0.99821 -0.04848 0.03511
vn -0.99998 0 0.00679
vn -0.9993 0 0.03736
vn -0.99988 -0.01427 0.0068
vn -0.06233 -0.0767 -0.9951
vn 0 0 -1
vn -0 -0.07549 -0.99715
vn -0.06749 -0 -0.99772
vn 0.78207 -0.09736 -0.61554
vn 0.85655 0 -0.51606
vn 0.85683 -0.09553 -0.50667
vn 0.78942 0 -0.61385
vn 0.06233 -0.0767 -0.9951
vn 0.13536 0 -0.9908
vn 0.14038 -0.07084 -0.98756
vn 0.06749 0 -0.99772
vn 0.90734 -0.10377 -0.40738
vn 0.96062 0 -0.27785
vn 0.958 -0.10045 -0.26861
vn 0.91492 0 -0.40363
vn 0.19854 -0.07795 -0.97699
vn 0.27365 0 -0.96183
vn 0.27857 -0.0733 -0.95762
vn 0.20397 0 -0.97898
vn 0.99569 -0.09275 0
vn 0.9899 0 -0.14176
vn 1 0 0
vn 0.98305 -0.1081 -0.14808
vn 0.33888 -0.08071 -0.93736
vn 0.41716 -0 -0.90883
vn 0.42179 -0.07725 -0.9034
vn 0.34466 0 -0.93873
vn 0.958 -0.10045 0.26861
vn 0.9899 0 0.14176
vn 0.96062 -0 0.27786
vn 0.98305 -0.1081 0.14808
vn 0.57023 -0.08263 -0.81732
vn 0.49114 -0 -0.87108
vn 0.56631 0 -0.8242
vn 0.48489 -0.08501 -0.87043
vn 0.90734 -0.10377 0.40738
vn 0.85655 0 0.51606
vn 0.85683 -0.09553 0.50667
vn 0.91492 -0 0.40363
vn 0.71955 -0.08904 -0.68871
vn 0.64199 -0 -0.76671
vn 0.717 -0 -0.69707
vn 0.6352 -0.09072 -0.767
vn 0.78207 -0.09736 0.61554
vn 0.71701 0 0.69707
vn 0.71955 -0.08904 0.68871
vn 0.78942 0 0.61385
vn -0.14038 -0.07083 0.98756
vn -0.06749 -0 0.99772
vn -0.13535 -0 0.9908
vn -0.06233 -0.07669 0.9951
vn 0 -0 1
vn 0.78207 -0.09736 -0.61554
vn 0.85655 0 -0.51606
vn 0.85683 -0.09553 -0.50667
vn 0.78942 -0 -0.61385
vn 0.6352 -0.09072 0.767
vn 0.56631 0 0.8242
vn 0.57023 -0.08263 0.81732
vn 0.64199 0 0.76671
vn -0.19853 -0.07795 0.97699
vn 0.09936 -0 0.99505
vn 0.10725 -0.05696 0.9926
vn -0.20396 -0 0.97898
vn 0.958 -0.10045 -0.26861
vn 0.91492 0 -0.40363
vn 0.96062 0 -0.27786
vn 0.90735 -0.10377 -0.40738
vn 0.48489 -0.08501 0.87043
vn 0.41716 -0 0.90883
vn 0.42179 -0.07726 0.9034
vn 0.49114 -0 0.87108
vn 0.81861 0.00037 0.57435
vn 0.99692 -0 0.07842
vn 0.80557 -0 0.5925
vn 0.98305 -0.1081 -0.14808
vn 1 0 0
vn 0.99569 -0.09275 -0
vn 0.9899 0 -0.14176
vn 0.33888 -0.08071 0.93736
vn 0.27365 -0 0.96183
vn 0.27857 -0.0733 0.95762
vn 0.34466 0 0.93873
vn 0.98305 -0.1081 0.14808
vn 0.96062 0 0.27786
vn 0.958 -0.10045 0.26861
vn 0.9899 0 0.14176
vn 0.19854 -0.07795 0.97699
vn 0.13535 0 0.9908
vn 0.14038 -0.07083 0.98756
vn 0.20396 -0 0.97898
vn 0.29521 -0.10022 0.95016
vn 0.31015 0 0.95069
vn 0.30887 -0.09788 0.94605
vn 0.29627 0 0.9551
vn 0.90734 -0.10377 0.40738
vn 0.85655 0 0.51606
vn 0.85683 -0.09553 0.50667
vn 0.91492 0 0.40363
vn -0 -0.07549 0.99715
vn 0.06749 0 0.99772
vn 0.06233 -0.0767 0.9951
vn -0.92232 -0.09854 0.37366
vn -0.98334 0 0.1818
vn -0.9242 -0 0.38191
vn -0.9791 -0.09814 0.17814
vn 0.49207 -0.09263 -0.86562
vn -0.30091 -0 -0.95365
vn -0.30038 -0.09091 -0.94948
vn 0.47582 0 -0.87954
vn 0.78207 -0.09736 0.61554
vn 0.71701 0 0.69707
vn 0.71955 -0.08903 0.68871
vn 0.78942 0 0.61385
vn -0.06233 -0.0767 0.9951
vn -0.13536 -0 0.9908
vn -0.14038 -0.07084 0.98756
vn -0.06749 -0 0.99772
vn -0.90734 -0.10377 0.40738
vn -0.96062 0 0.27786
vn -0.958 -0.10046 0.26861
vn -0.91492 0 0.40363
vn 0.99963 -0.01117 0.02462
vn 0.98558 -0.01945 0.16812
vn 0.9997 0 0.02452
vn 0.57023 -0.08263 0.81732
vn 0.642 0 0.76671
vn 0.5663 0 0.8242
vn 0.63519 -0.09072 0.76701
vn -0.19854 -0.07795 0.97699
vn 0.09936 0 0.99505
vn 0.10725 -0.05696 0.9926
vn -0.20396 0 0.97898
vn -0.98305 -0.1081 0.14808
vn -1 0 0
vn -0.99569 -0.09275 -1E-05
vn -0.9899 0 0.14176
vn 0.4849 -0.08501 0.87043
vn 0.41716 0 0.90883
vn 0.42179 -0.07725 0.9034
vn 0.49114 0 0.87108
vn 0.81861 0.00036 0.57435
vn 0.80557 0 0.5925
vn -0.98305 -0.1081 -0.14808
vn -0.96062 -0 -0.27786
vn -0.958 -0.10045 -0.2686
vn -0.9899 -0 -0.14177
vn 0.27857 -0.0733 0.95762
vn 0.34466 0 0.93873
vn 0.33888 -0.08071 0.93736
vn -0.85683 -0.09554 -0.50667
vn -0.91492 0 -0.40363
vn -0.90735 -0.10377 -0.40738
vn -0.64512 -0.70412 -0.29673
vn -0.65459 -0.65427 -0.37874
vn -0.72528 -0.65973 -0.19676
vn 0.24706 -0.66233 0.7073
vn 0.22338 -0.62084 0.75144
vn 0.33425 -0.62816 0.70264
vn -0.69454 -0.71109 -0.10935
vn -0.74345 -0.66879 -0
vn 0.78059 0.35886 0.51176
vn 0.95602 0.28141 0.08268
vn 0.10779 -0.65278 0.74984
vn 0.35355 -0.67023 0.65252
vn 0.44636 -0.63704 0.62845
vn -0.69454 -0.7111 0.10936
vn -0.14371 -0.65754 0.73959
vn 0.46057 -0.68091 0.56942
vn 0.55619 -0.64623 0.52253
vn 0.96653 -0.2556 0.02221
vn 0.89014 -0.41703 0.1837
vn 0.9659 -0.25889 0.00315
vn -0.64512 -0.70411 0.29673
vn -0.72528 -0.65974 0.19677
vn -0.04348 -0.65547 0.75397
vn -0.11431 -0.61603 0.77939
vn 0.5617 -0.69301 0.45191
vn 0.65459 -0.65426 0.37874
vn 0.32784 -0.81764 -0.47327
vn -0.21397 -0.70235 -0.67891
vn 0.92403 -0.36525 -0.11301
vn -0.6679 -0.7338 0.12429
vn -0.68406 -0.68446 0.25215
vn -0.80072 -0.59889 0.01367
vn 0.04348 -0.65547 0.75397
vn 0 -0.60978 0.79257
vn 0.11431 -0.61603 0.77939
vn 0.64512 -0.70411 0.29673
vn 0.72528 -0.65973 0.19677
vn 0.03519 -0.99373 0.10614
vn 0.20917 -0.70983 0.6726
vn 0.22096 -0.70428 0.67466
vn 0.03201 -0.99412 0.10347
vn 0.15009 -0.7216 0.67584
vn 0.14371 -0.65754 0.73959
vn 0.22338 -0.62084 0.75144
vn 0.69454 -0.7111 0.10936
vn 0.74346 -0.66878 0
vn 0.24706 -0.66233 0.7073
vn 0.33425 -0.62816 0.70264
vn 0.69454 -0.71109 -0.10936
vn 0.78059 0.35887 0.51176
vn 0.9558 0.2827 0.08078
vn 0.10779 -0.65278 0.74984
vn 0.35355 -0.67023 0.65252
vn 0.44636 -0.63704 0.62845
vn 0.64512 -0.70411 -0.29673
vn 0.72528 -0.65973 -0.19677
vn -0.14371 -0.65754 0.73959
vn 0.46057 -0.68091 0.56942
vn 0.55619 -0.64623 0.52253
vn 0.5617 -0.69301 -0.45191
vn 0.65459 -0.65426 -0.37874
vn -0.04348 -0.65547 0.75397
vn -0.11431 -0.61603 0.77939
vn 0.5617 -0.69301 0.45191
vn 0.65459 -0.65426 0.37874
vn 0.46057 -0.68091 -0.56942
vn 0.55619 -0.64623 -0.52253
vn 0.64512 -0.70411 0.29673
vn 0.72528 -0.65973 0.19677
vn 0.35355 -0.67023 -0.65252
vn 0.44636 -0.63704 -0.62845
vn 0.69454 -0.71109 0.10936
vn 0.74346 -0.66878 0
vn 0.24706 -0.66233 -0.7073
vn 0.33425 -0.62815 -0.70264
vn 0.69454 -0.71109 -0.10936
vn 0.14371 -0.65754 -0.73959
vn 0.22338 -0.62084 -0.75144
vn 0.64512 -0.70411 -0.29673
vn 0.72528 -0.65973 -0.19677
vn 0.04348 -0.65547 -0.75397
vn 0.11431 -0.61603 -0.77939
vn 0.5617 -0.69301 -0.45191
vn 0.65459 -0.65426 -0.37874
vn -0.04348 -0.65547 -0.75397
vn 0 -0.60978 -0.79257
vn -0.11431 -0.61603 -0.77939
vn -0.97549 -0.22005 -0.00066
vn -0.94954 -0.31362 0.00416
vn 0.46057 -0.68091 -0.56942
vn 0.55619 -0.64623 -0.52253
vn -0.14371 -0.65754 -0.73959
vn -0.22338 -0.62084 -0.75144
vn 0.35355 -0.67023 -0.65252
vn 0.44636 -0.63704 -0.62845
vn -0.24706 -0.66233 -0.7073
vn -0.33425 -0.62816 -0.70264
vn -0.93745 -0.34664 -0.03217
vn -0.79817 -0.60206 0.0213
vn -0.90463 -0.40943 -0.11838
vn 0.24707 -0.66233 -0.7073
vn 0.33425 -0.62815 -0.70264
vn -0.35355 -0.67023 -0.65252
vn -0.44636 -0.63704 -0.62845
vn 0.98017 -0.19816 0.00017
vn 0.14371 -0.65754 -0.73959
vn 0.22338 -0.62084 -0.75144
vn -0.46057 -0.68091 -0.56942
vn -0.55619 -0.64623 -0.52253
vn 0.98103 -0.19328 0.01472
vn 0.04348 -0.65547 -0.75397
vn 0.11431 -0.61603 -0.77939
vn -0.5617 -0.69301 -0.45191
vn -0.65459 -0.65426 -0.37874
vn 0.01883 -0.99475 0.10056
vn 0.05538 -0.72042 0.69133
vn -0.04348 -0.65547 -0.75397
vn 0 -0.60978 -0.79257
vn -0.11431 -0.61603 -0.77939
vn -0.64512 -0.70411 -0.29673
vn -0.72528 -0.65973 -0.19677
vn 0.59254 -0.58832 0.55025
vn 0.13424 -0.67412 0.72632
vn 0.28116 -0.94827 0.14744
vn -0.14371 -0.65754 -0.73959
vn -0.22338 -0.62084 -0.75144
vn -0.69454 -0.7111 -0.10936
vn -0.74346 -0.66878 0
vn -0.91853 -0.3683 0.14373
vn -0.64142 -0.5837 0.49788
vn -0.16313 -0.66328 0.73038
vn -0.24706 -0.66233 -0.7073
vn -0.33425 -0.62816 -0.70264
vn -0.69454 -0.7111 0.10936
vn 0.13932 -0.68149 0.71844
vn 0.04305 -0.69087 0.72169
vn -0.35355 -0.67023 -0.65252
vn -0.44636 -0.63704 -0.62844
vn -0.64512 -0.70411 0.29673
vn -0.72528 -0.65973 0.19677
vn -0.46057 -0.68091 -0.56942
vn -0.55619 -0.64623 -0.52253
vn -0.6679 -0.7338 0.12429
vn -0.68406 -0.68446 0.25215
vn 0.04348 -0.65547 0.75397
vn 0 -0.60978 0.79257
vn 0.11431 -0.61603 0.77939
vn -0.97673 -0.21388 0.01564
vn -0.5617 -0.69302 -0.45191
vn 0.14371 -0.65754 0.73959
vn 0.22321 -0.69834 0.68007
vn 0.22443 -0.69219 0.68593
vn 0.03672 -0.99319 0.11055
vn 0.30958 -0.09396 0.94622
vn 0.30888 -0.09013 0.94682
vn -0.55148 -0.71163 -0.43526
vn -0.06863 -0.99491 -0.07384
vn -0.27534 -0.70866 -0.64961
vn -0.39311 -0.09576 -0.91449
vn -0.76863 -0.07483 -0.6353
vn -0.98536 -0 -0.17048
vn -0.3947 -0 -0.91881
vn -0.75708 -0 -0.65333
vn -0.76895 0.07704 -0.63465
vn 0.31075 0 0.95049
vn 0.30998 0 0.95074
vn 0.3095 0.09684 0.94596
vn 0.3088 0.09288 0.94658
vn 0.22133 0.70234 0.67656
vn 0.22014 0.70818 0.67084
vn 0.0327 0.9946 0.09849
vn -0.39302 0.09866 -0.91422
vn -0.53538 0.72827 -0.42779
vn -0.27144 0.71841 -0.64048
vn -0.06037 0.99601 -0.06574
vn -0.03717 0.99497 -0.09298
vn -0.0009 1 0.00091
vn -0.00018 1 -4E-05
vn -0.00109 -1 0.0011
vn -0.00022 -1 -5E-05
vn -0.04174 -0.99366 -0.10439
vn 0.28894 0.09181 0.95293
vn 0.20792 0.6975 0.68576
vn 0.29059 0 0.95685
vn 0.19514 0 0.98077
vn 0.28902 -0.08909 0.95317
vn 0.02198 -0.9921 0.12349
vn 0.21068 -0.68735 0.6951
vn -0.25111 -0.6966 -0.67208
vn -0.04098 -0.99299 -0.11083
vn -0.34935 -0.09291 -0.93237
vn -0.35107 -0 -0.93635
vn -0.34926 0.09574 -0.93212
vn -0.24774 0.70649 -0.66294
vn -0.03653 0.99444 -0.09875
vn -0.00016 1 -8E-05
vn -0.00019 -1 -0.0001
vn 0.00186 -1 -0.00176
vn 0.00186 -1 -0.00176
vn 0.00153 1 -0.00144
vn 0.00153 1 -0.00144
vt 0 0
usemtl mat0
f 1/1/1 2/1/2 3/1/3
f 4/1/4 1/1/1 5/1/5
f 6/1/6 4/1/4 7/1/7
f 8/1/8 6/1/6 9/1/9
f 10/1/10 8/1/8 11/1/11
f 12/1/12 10/1/10 13/1/13
f 14/1/14 12/1/12 15/1/15
f 16/1/16 14/1/14 17/1/17
f 18/1/18 16/1/16 19/1/19
f 20/1/20 18/1/18 21/1/21
f 22/1/22 20/1/20 23/1/23
f 24/1/24 22/1/22 25/1/25
f 26/1/26 24/1/24 27/1/27
f 28/1/28 26/1/26 29/1/29
f 30/1/30 28/1/28 31/1/31
f 32/1/32 30/1/30 33/1/33
f 34/1/34 32/1/32 35/1/35
f 36/1/36 34/1/34 37/1/37
f 38/1/38 36/1/36 39/1/39
f 40/1/40 38/1/38 41/1/41
f 42/1/42 40/1/40 43/1/43
f 44/1/44 42/1/42 45/1/45
f 46/1/46 44/1/44 47/1/47
f 48/1/48 46/1/46 49/1/49
f 50/1/50 48/1/48 51/1/51
f 52/1/52 50/1/50 53/1/53
f 54/1/54 52/1/52 55/1/55
f 56/1/56 54/1/54 57/1/57
f 58/1/58 56/1/56 59/1/59
f 60/1/60 58/1/58 61/1/61
f 62/1/62 60/1/60 63/1/63
f 2/1/2 62/1/62 64/1/64
f 65/1/65 66/1/66 67/1/67
f 68/1/68 65/1/65 69/1/69
f 70/1/70 68/1/68 71/1/71
f 72/1/72 70/1/70 73/1/73
f 74/1/74 72/1/72 75/1/75
f 76/1/76 74/1/74 77/1/77
f 78/1/78 76/1/76 79/1/79
f 80/1/80 78/1/78 81/1/81
f 82/1/82 80/1/80 83/1/83
f 84/1/84 82/1/82 85/1/85
f 86/1/86 84/1/84 87/1/87
f 88/1/88 86/1/86 89/1/89
f 90/1/90 88/1/88 91/1/91
f 92/1/92 90/1/90 93/1/93
f 94/1/94 92/1/92 95/1/95
f 96/1/96 94/1/94 97/1/97
f 98/1/98 96/1/96 99/1/99
f 100/1/100 98/1/98 101/1/101
f 102/1/102 100/1/100 103/1/103
f 104/1/104 102/1/102 105/1/105
f 106/1/106 104/1/104 107/1/107
f 108/1/108 106/1/106 109/1/109
f 110/1/110 108/1/108 111/1/111
f 112/1/112 110/1/110 113/1/113
f 114/1/114 112/1/112 115/1/115
f 116/1/116 114/1/114 117/1/117
f 118/1/118 116/1/116 119/1/119
f 120/1/120 118/1/118 121/1/121
f 122/1/122 120/1/120 123/1/123
f 124/1/124 122/1/122 125/1/125
f 126/1/126 124/1/124 127/1/127
f 66/1/66 126/1/126 128/1/128
f 13/1/13 129/1/129 12/1/12
f 130/1/130 131/1/131 129/1/129
f 129/1/129 132/1/132 133/1/133
f 12/1/12 133/1/133 15/1/15
f 77/1/77 134/1/134 76/1/76
f 135/1/135 136/1/136 134/1/134
f 136/1/136 137/1/137 134/1/134
f 76/1/76 137/1/137 79/1/79
f 11/1/11 138/1/138 10/1/10
f 139/1/139 140/1/140 138/1/138
f 138/1/138 141/1/141 130/1/130
f 138/1/138 13/1/13 10/1/10
f 75/1/75 142/1/142 74/1/74
f 143/1/143 144/1/144 142/1/142
f 142/1/142 145/1/145 135/1/135
f 142/1/142 77/1/77 74/1/74
f 141/1/141 146/1/146 131/1/131
f 147/1/147 148/1/148 146/1/146
f 146/1/146 149/1/149 150/1/150
f 131/1/131 150/1/150 132/1/132
f 145/1/145 151/1/151 136/1/136
f 152/1/152 153/1/153 151/1/151
f 153/1/153 154/1/154 151/1/151
f 151/1/151 155/1/155 136/1/136
f 156/1/156 157/1/157 140/1/140
f 158/1/158 159/1/159 157/1/157
f 157/1/157 160/1/160 147/1/147
f 140/1/140 147/1/147 141/1/141
f 161/1/161 162/1/162 144/1/144
f 163/1/163 162/1/162 164/1/164
f 162/1/162 165/1/165 152/1/152
f 144/1/144 152/1/152 145/1/145
f 166/1/166 167/1/167 168/1/168
f 169/1/169 170/1/170 166/1/166
f 171/1/171 158/1/158 170/1/170
f 167/1/167 158/1/158 156/1/156
f 172/1/172 173/1/173 174/1/174
f 175/1/175 172/1/172 176/1/176
f 177/1/177 175/1/175 178/1/178
f 179/1/179 177/1/177 180/1/180
f 181/1/181 179/1/179 182/1/182
f 183/1/183 181/1/181 184/1/184
f 185/1/185 183/1/183 186/1/186
f 187/1/187 185/1/185 188/1/188
f 189/1/189 187/1/187 190/1/190
f 191/1/191 189/1/189 192/1/192
f 193/1/193 191/1/191 194/1/194
f 195/1/195 193/1/193 196/1/196
f 197/1/197 195/1/195 198/1/198
f 199/1/199 197/1/197 200/1/200
f 201/1/201 199/1/199 202/1/202
f 203/1/203 201/1/201 204/1/204
f 205/1/205 203/1/203 206/1/206
f 207/1/207 205/1/205 208/1/208
f 209/1/209 207/1/207 210/1/210
f 211/1/211 209/1/209 212/1/212
f 213/1/213 211/1/211 214/1/214
f 215/1/215 213/1/213 216/1/216
f 217/1/217 215/1/215 218/1/218
f 219/1/219 217/1/217 220/1/220
f 221/1/221 219/1/219 222/1/222
f 223/1/223 221/1/221 224/1/224
f 225/1/225 223/1/223 226/1/226
f 227/1/227 225/1/225 228/1/228
f 229/1/229 227/1/227 230/1/230
f 231/1/231 229/1/229 232/1/232
f 233/1/233 231/1/231 234/1/234
f 173/1/173 233/1/233 235/1/235
f 236/1/236 237/1/237 238/1/238
f 239/1/239 236/1/236 240/1/240
f 241/1/241 239/1/239 242/1/242
f 243/1/243 241/1/241 244/1/244
f 245/1/245 243/1/243 246/1/246
f 247/1/247 245/1/245 248/1/248
f 249/1/249 247/1/247 250/1/250
f 251/1/251 249/1/249 252/1/252
f 253/1/253 251/1/251 254/1/254
f 255/1/255 253/1/253 256/1/256
f 257/1/257 255/1/255 258/1/258
f 259/1/259 257/1/257 260/1/260
f 261/1/261 259/1/259 262/1/262
f 263/1/263 261/1/261 264/1/264
f 265/1/265 263/1/263 266/1/266
f 267/1/267 265/1/265 268/1/268
f 269/1/269 267/1/267 270/1/270
f 271/1/271 269/1/269 272/1/272
f 273/1/273 271/1/271 274/1/274
f 275/1/275 273/1/273 276/1/276
f 277/1/277 275/1/275 278/1/278
f 279/1/279 277/1/277 280/1/280
f 281/1/281 279/1/279 282/1/282
f 283/1/283 281/1/281 284/1/284
f 285/1/285 283/1/283 286/1/286
f 287/1/287 285/1/285 288/1/288
f 289/1/289 287/1/287 290/1/290
f 291/1/291 289/1/289 292/1/292
f 293/1/293 291/1/291 294/1/294
f 295/1/295 293/1/293 296/1/296
f 297/1/297 295/1/295 298/1/298
f 237/1/237 297/1/297 299/1/299
f 228/1/228 300/1/300 301/1/301
f 225/1/225 302/1/302 300/1/300
f 300/1/300 303/1/303 304/1/304
f 301/1/301 304/1/304 305/1/305
f 292/1/292 306/1/306 307/1/307
f 289/1/289 308/1/308 306/1/306
f 308/1/308 309/1/309 306/1/306
f 307/1/307 309/1/309 310/1/310
f 230/1/230 311/1/311 312/1/312
f 228/1/228 311/1/311 227/1/227
f 311/1/311 305/1/305 313/1/313
f 312/1/312 313/1/313 314/1/314
f 294/1/294 315/1/315 316/1/316
f 292/1/292 315/1/315 291/1/291
f 315/1/315 310/1/310 317/1/317
f 316/1/316 317/1/317 318/1/318
f 305/1/305 319/1/319 320/1/320
f 304/1/304 321/1/321 319/1/319
f 319/1/319 322/1/322 323/1/323
f 320/1/320 323/1/323 324/1/324
f 310/1/310 325/1/325 326/1/326
f 327/1/327 325/1/325 309/1/309
f 328/1/328 329/1/329 325/1/325
f 326/1/326 329/1/329 330/1/330
f 314/1/314 331/1/331 332/1/332
f 313/1/313 320/1/320 331/1/331
f 331/1/331 324/1/324 333/1/333
f 332/1/332 333/1/333 334/1/334
f 318/1/318 335/1/335 336/1/336
f 317/1/317 326/1/326 335/1/335
f 335/1/335 330/1/330 337/1/337
f 335/1/335 338/1/338 336/1/336
f 339/1/339 340/1/340 341/1/341
f 339/1/339 332/1/332 342/1/342
f 332/1/332 343/1/343 342/1/342
f 342/1/342 344/1/344 340/1/340
f 345/1/345 346/1/346 347/1/347
f 348/1/348 349/1/349 346/1/346
f 346/1/346 218/1/218 215/1/215
f 346/1/346 216/1/216 347/1/347
f 350/1/350 351/1/351 352/1/352
f 353/1/353 354/1/354 351/1/351
f 351/1/351 242/1/242 239/1/239
f 351/1/351 240/1/240 352/1/352
f 355/1/355 356/1/356 349/1/349
f 357/1/357 358/1/358 356/1/356
f 356/1/356 220/1/220 217/1/217
f 356/1/356 218/1/218 349/1/349
f 359/1/359 360/1/360 361/1/361
f 362/1/362 363/1/363 359/1/359
f 364/1/364 293/1/293 363/1/363
f 363/1/363 294/1/294 360/1/360
f 365/1/365 366/1/366 354/1/354
f 367/1/367 368/1/368 366/1/366
f 366/1/366 244/1/244 241/1/241
f 366/1/366 242/1/242 354/1/354
f 369/1/369 358/1/358 370/1/370
f 371/1/371 372/1/372 369/1/369
f 372/1/372 222/1/222 219/1/219
f 372/1/372 220/1/220 358/1/358
f 373/1/373 364/1/364 362/1/362
f 374/1/374 375/1/375 373/1/373
f 375/1/375 298/1/298 295/1/295
f 375/1/375 296/1/296 364/1/364
f 376/1/376 377/1/377 368/1/368
f 378/1/378 379/1/379 377/1/377
f 377/1/377 246/1/246 243/1/243
f 377/1/377 244/1/244 368/1/368
f 380/1/380 381/1/381 382/1/382
f 383/1/383 384/1/384 380/1/380
f 385/1/385 336/1/336 384/1/384
f 384/1/384 338/1/338 381/1/381
f 386/1/386 387/1/387 371/1/371
f 388/1/388 389/1/389 386/1/386
f 389/1/389 224/1/224 221/1/221
f 389/1/389 222/1/222 387/1/387
f 390/1/390 391/1/391 374/1/374
f 392/1/392 393/1/393 390/1/390
f 393/1/393 299/1/299 297/1/297
f 393/1/393 298/1/298 391/1/391
f 394/1/394 395/1/395 379/1/379
f 396/1/396 397/1/397 395/1/395
f 395/1/395 248/1/248 245/1/245
f 395/1/395 246/1/246 379/1/379
f 398/1/398 399/1/399 400/1/400
f 398/1/398 401/1/401 402/1/402
f 402/1/402 314/1/314 339/1/339
f 402/1/402 341/1/341 399/1/399
f 403/1/403 404/1/404 388/1/388
f 403/1/403 405/1/405 406/1/406
f 406/1/406 226/1/226 223/1/223
f 406/1/406 224/1/224 404/1/404
f 407/1/407 408/1/408 409/1/409
f 410/1/410 411/1/411 408/1/408
f 408/1/408 174/1/174 173/1/173
f 408/1/408 235/1/235 409/1/409
f 412/1/412 413/1/413 397/1/397
f 414/1/414 415/1/415 413/1/413
f 413/1/413 250/1/250 247/1/247
f 413/1/413 248/1/248 397/1/397
f 416/1/416 417/1/417 418/1/418
f 419/1/419 420/1/420 416/1/416
f 421/1/421 422/1/422 420/1/420
f 420/1/420 423/1/423 417/1/417
f 424/1/424 425/1/425 411/1/411
f 426/1/426 427/1/427 425/1/425
f 425/1/425 176/1/176 172/1/172
f 425/1/425 174/1/174 411/1/411
f 428/1/428 429/1/429 415/1/415
f 430/1/430 431/1/431 429/1/429
f 429/1/429 252/1/252 249/1/249
f 429/1/429 250/1/250 415/1/415
f 432/1/432 433/1/433 427/1/427
f 434/1/434 435/1/435 433/1/433
f 433/1/433 178/1/178 175/1/175
f 433/1/433 176/1/176 427/1/427
f 436/1/436 431/1/431 437/1/437
f 438/1/438 439/1/439 436/1/436
f 439/1/439 254/1/254 251/1/251
f 439/1/439 252/1/252 431/1/431
f 440/1/440 441/1/441 442/1/442
f 443/1/443 444/1/444 440/1/440
f 445/1/445 229/1/229 444/1/444
f 444/1/444 230/1/230 441/1/441
f 446/1/446 447/1/447 435/1/435
f 448/1/448 449/1/449 447/1/447
f 447/1/447 180/1/180 177/1/177
f 447/1/447 178/1/178 435/1/435
f 450/1/450 451/1/451 438/1/438
f 452/1/452 453/1/453 450/1/450
f 453/1/453 256/1/256 253/1/253
f 453/1/453 254/1/254 451/1/451
f 454/1/454 445/1/445 443/1/443
f 455/1/455 456/1/456 454/1/454
f 456/1/456 234/1/234 231/1/231
f 456/1/456 232/1/232 445/1/445
f 457/1/457 458/1/458 449/1/449
f 459/1/459 460/1/460 458/1/458
f 458/1/458 182/1/182 179/1/179
f 458/1/458 180/1/180 449/1/449
f 461/1/461 462/1/462 452/1/452
f 463/1/463 464/1/464 461/1/461
f 464/1/464 258/1/258 255/1/255
f 464/1/464 256/1/256 462/1/462
f 465/1/465 466/1/466 455/1/455
f 407/1/407 467/1/467 465/1/465
f 467/1/467 235/1/235 233/1/233
f 467/1/467 234/1/234 466/1/466
f 468/1/468 469/1/469 460/1/460
f 470/1/470 471/1/471 469/1/469
f 469/1/469 184/1/184 181/1/181
f 469/1/469 182/1/182 460/1/460
f 472/1/472 473/1/473 463/1/463
f 474/1/474 475/1/475 472/1/472
f 475/1/475 260/1/260 257/1/257
f 475/1/475 258/1/258 473/1/473
f 476/1/476 477/1/477 471/1/471
f 478/1/478 479/1/479 477/1/477
f 477/1/477 186/1/186 183/1/183
f 477/1/477 184/1/184 471/1/471
f 480/1/480 481/1/481 474/1/474
f 482/1/482 483/1/483 480/1/480
f 483/1/483 262/1/262 259/1/259
f 483/1/483 260/1/260 481/1/481
f 484/1/484 485/1/485 479/1/479
f 486/1/486 487/1/487 485/1/485
f 485/1/485 188/1/188 185/1/185
f 485/1/485 186/1/186 479/1/479
f 488/1/488 489/1/489 482/1/482
f 490/1/490 491/1/491 488/1/488
f 491/1/491 264/1/264 261/1/261
f 491/1/491 262/1/262 489/1/489
f 492/1/492 487/1/487 493/1/493
f 494/1/494 495/1/495 492/1/492
f 495/1/495 190/1/190 187/1/187
f 495/1/495 188/1/188 487/1/487
f 496/1/496 497/1/497 490/1/490
f 498/1/498 499/1/499 496/1/496
f 499/1/499 266/1/266 263/1/263
f 499/1/499 264/1/264 497/1/497
f 500/1/500 501/1/501 494/1/494
f 502/1/502 503/1/503 500/1/500
f 503/1/503 192/1/192 189/1/189
f 503/1/503 190/1/190 501/1/501
f 504/1/504 505/1/505 498/1/498
f 506/1/506 507/1/507 504/1/504
f 507/1/507 268/1/268 265/1/265
f 507/1/507 266/1/266 505/1/505
f 508/1/508 509/1/509 502/1/502
f 510/1/510 511/1/511 508/1/508
f 511/1/511 194/1/194 191/1/191
f 511/1/511 192/1/192 509/1/509
f 506/1/506 512/1/512 513/1/513
f 514/1/514 515/1/515 512/1/512
f 512/1/512 270/1/270 267/1/267
f 512/1/512 268/1/268 513/1/513
f 516/1/516 517/1/517 405/1/405
f 518/1/518 517/1/517 519/1/519
f 520/1/520 302/1/302 517/1/517
f 405/1/405 302/1/302 226/1/226
f 521/1/521 522/1/522 510/1/510
f 523/1/523 524/1/524 521/1/521
f 524/1/524 196/1/196 193/1/193
f 524/1/524 194/1/194 522/1/522
f 525/1/525 526/1/526 515/1/515
f 527/1/527 528/1/528 526/1/526
f 526/1/526 272/1/272 269/1/269
f 526/1/526 270/1/270 515/1/515
f 529/1/529 530/1/530 523/1/523
f 531/1/531 532/1/532 529/1/529
f 532/1/532 198/1/198 195/1/195
f 532/1/532 196/1/196 530/1/530
f 533/1/533 534/1/534 528/1/528
f 535/1/535 536/1/536 534/1/534
f 534/1/534 274/1/274 271/1/271
f 534/1/534 272/1/272 528/1/528
f 537/1/537 538/1/538 539/1/539
f 540/1/540 541/1/541 537/1/537
f 542/1/542 308/1/308 541/1/541
f 541/1/541 290/1/290 538/1/538
f 543/1/543 544/1/544 531/1/531
f 545/1/545 546/1/546 543/1/543
f 546/1/546 200/1/200 197/1/197
f 546/1/546 198/1/198 544/1/544
f 547/1/547 548/1/548 536/1/536
f 549/1/549 550/1/550 548/1/548
f 548/1/548 276/1/276 273/1/273
f 548/1/548 274/1/274 536/1/536
f 551/1/551 552/1/552 401/1/401
f 442/1/442 552/1/552 553/1/553
f 441/1/441 312/1/312 552/1/552
f 401/1/401 312/1/312 314/1/314
f 554/1/554 555/1/555 545/1/545
f 556/1/556 557/1/557 554/1/554
f 557/1/557 202/1/202 199/1/199
f 557/1/557 200/1/200 555/1/555
f 558/1/558 559/1/559 550/1/550
f 560/1/560 561/1/561 559/1/559
f 559/1/559 278/1/278 275/1/275
f 559/1/559 276/1/276 550/1/550
f 562/1/562 385/1/385 383/1/383
f 361/1/361 563/1/563 562/1/562
f 360/1/360 316/1/316 563/1/563
f 563/1/563 318/1/318 385/1/385
f 564/1/564 565/1/565 556/1/556
f 566/1/566 567/1/567 564/1/564
f 567/1/567 204/1/204 201/1/201
f 567/1/567 202/1/202 565/1/565
f 568/1/568 569/1/569 561/1/561
f 570/1/570 571/1/571 569/1/569
f 569/1/569 280/1/280 277/1/277
f 569/1/569 278/1/278 561/1/561
f 572/1/572 421/1/421 419/1/419
f 573/1/573 574/1/574 572/1/572
f 574/1/574 330/1/330 329/1/329
f 574/1/574 575/1/575 421/1/421
f 566/1/566 576/1/576 577/1/577
f 578/1/578 579/1/579 576/1/576
f 576/1/576 206/1/206 203/1/203
f 576/1/576 204/1/204 577/1/577
f 580/1/580 581/1/581 571/1/571
f 582/1/582 583/1/583 581/1/581
f 581/1/581 282/1/282 279/1/279
f 581/1/581 280/1/280 571/1/571
f 584/1/584 585/1/585 573/1/573
f 382/1/382 586/1/586 584/1/584
f 381/1/381 337/1/337 586/1/586
f 586/1/586 330/1/330 585/1/585
f 587/1/587 588/1/588 579/1/579
f 589/1/589 590/1/590 588/1/588
f 588/1/588 208/1/208 205/1/205
f 588/1/588 206/1/206 579/1/579
f 591/1/591 592/1/592 583/1/583
f 593/1/593 594/1/594 592/1/592
f 592/1/592 284/1/284 281/1/281
f 592/1/592 282/1/282 583/1/583
f 595/1/595 596/1/596 597/1/597
f 598/1/598 599/1/599 596/1/596
f 596/1/596 324/1/324 323/1/323
f 597/1/597 323/1/323 322/1/322
f 600/1/600 601/1/601 590/1/590
f 602/1/602 603/1/603 601/1/601
f 601/1/601 210/1/210 207/1/207
f 601/1/601 208/1/208 590/1/590
f 604/1/604 594/1/594 605/1/605
f 606/1/606 607/1/607 604/1/604
f 607/1/607 286/1/286 283/1/283
f 607/1/607 284/1/284 594/1/594
f 608/1/608 599/1/599 609/1/609
f 610/1/610 611/1/611 608/1/608
f 612/1/612 333/1/333 611/1/611
f 599/1/599 333/1/333 324/1/324
f 613/1/613 614/1/614 603/1/603
f 615/1/615 616/1/616 614/1/614
f 614/1/614 212/1/212 209/1/209
f 614/1/614 210/1/210 603/1/603
f 617/1/617 618/1/618 606/1/606
f 619/1/619 620/1/620 617/1/617
f 620/1/620 288/1/288 285/1/285
f 620/1/620 286/1/286 618/1/618
f 621/1/621 622/1/622 616/1/616
f 623/1/623 624/1/624 622/1/622
f 622/1/622 214/1/214 211/1/211
f 622/1/622 212/1/212 616/1/616
f 625/1/625 626/1/626 619/1/619
f 625/1/625 538/1/538 627/1/627
f 627/1/627 290/1/290 287/1/287
f 627/1/627 288/1/288 626/1/626
f 392/1/392 628/1/628 629/1/629
f 630/1/630 631/1/631 628/1/628
f 628/1/628 238/1/238 237/1/237
f 628/1/628 299/1/299 629/1/629
f 518/1/518 632/1/632 520/1/520
f 633/1/633 597/1/597 632/1/632
f 632/1/632 322/1/322 321/1/321
f 632/1/632 303/1/303 520/1/520
f 634/1/634 635/1/635 624/1/624
f 636/1/636 347/1/347 635/1/635
f 635/1/635 216/1/216 213/1/213
f 635/1/635 214/1/214 624/1/624
f 637/1/637 638/1/638 631/1/631
f 639/1/639 352/1/352 638/1/638
f 638/1/638 240/1/240 236/1/236
f 638/1/638 238/1/238 631/1/631
f 640/1/640 641/1/641 642/1/642
f 640/1/640 643/1/643 644/1/644
f 644/1/644 350/1/350 639/1/639
f 644/1/644 637/1/637 641/1/641
f 645/1/645 646/1/646 647/1/647
f 648/1/648 649/1/649 646/1/646
f 646/1/646 345/1/345 636/1/636
f 647/1/647 636/1/636 634/1/634
f 650/1/650 651/1/651 652/1/652
f 653/1/653 654/1/654 651/1/651
f 651/1/651 595/1/595 633/1/633
f 651/1/651 518/1/518 652/1/652
f 655/1/655 656/1/656 657/1/657
f 655/1/655 641/1/641 658/1/658
f 658/1/658 637/1/637 630/1/630
f 658/1/658 392/1/392 656/1/656
f 659/1/659 660/1/660 661/1/661
f 659/1/659 662/1/662 663/1/663
f 662/1/662 625/1/625 663/1/663
f 663/1/663 619/1/619 660/1/660
f 664/1/664 665/1/665 666/1/666
f 664/1/664 647/1/647 667/1/667
f 647/1/647 623/1/623 667/1/667
f 667/1/667 621/1/621 665/1/665
f 668/1/668 669/1/669 670/1/670
f 661/1/661 671/1/671 668/1/668
f 671/1/671 619/1/619 617/1/617
f 671/1/671 606/1/606 669/1/669
f 672/1/672 673/1/673 674/1/674
f 666/1/666 673/1/673 675/1/675
f 673/1/673 621/1/621 615/1/615
f 674/1/674 615/1/615 613/1/613
f 676/1/676 677/1/677 678/1/678
f 679/1/679 680/1/680 676/1/676
f 680/1/680 610/1/610 608/1/608
f 677/1/677 608/1/608 609/1/609
f 681/1/681 682/1/682 683/1/683
f 684/1/684 669/1/669 682/1/682
f 669/1/669 604/1/604 682/1/682
f 682/1/682 605/1/605 683/1/683
f 685/1/685 686/1/686 687/1/687
f 685/1/685 674/1/674 688/1/688
f 674/1/674 602/1/602 688/1/688
f 688/1/688 600/1/600 686/1/686
f 689/1/689 654/1/654 690/1/690
f 689/1/689 677/1/677 691/1/691
f 691/1/691 609/1/609 598/1/598
f 654/1/654 598/1/598 595/1/595
f 692/1/692 693/1/693 694/1/694
f 681/1/681 695/1/695 692/1/692
f 683/1/683 593/1/593 695/1/695
f 695/1/695 591/1/591 693/1/693
f 696/1/696 697/1/697 698/1/698
f 699/1/699 686/1/686 697/1/697
f 686/1/686 589/1/589 697/1/697
f 697/1/697 587/1/587 698/1/698
f 700/1/700 701/1/701 702/1/702
f 703/1/703 704/1/704 701/1/701
f 701/1/701 382/1/382 584/1/584
f 701/1/701 573/1/573 702/1/702
f 705/1/705 706/1/706 707/1/707
f 694/1/694 708/1/708 705/1/705
f 693/1/693 582/1/582 708/1/708
f 708/1/708 580/1/580 706/1/706
f 709/1/709 710/1/710 711/1/711
f 712/1/712 698/1/698 710/1/710
f 698/1/698 578/1/578 710/1/710
f 710/1/710 566/1/566 711/1/711
f 713/1/713 714/1/714 715/1/715
f 700/1/700 716/1/716 713/1/713
f 702/1/702 572/1/572 716/1/716
f 716/1/716 419/1/419 714/1/714
f 717/1/717 718/1/718 719/1/719
f 707/1/707 720/1/720 717/1/717
f 720/1/720 580/1/580 570/1/570
f 720/1/720 568/1/568 718/1/718
f 721/1/721 722/1/722 723/1/723
f 724/1/724 711/1/711 722/1/722
f 711/1/711 564/1/564 722/1/722
f 722/1/722 556/1/556 723/1/723
f 725/1/725 726/1/726 727/1/727
f 728/1/728 729/1/729 725/1/725
f 730/1/730 562/1/562 729/1/729
f 729/1/729 383/1/383 726/1/726
f 731/1/731 732/1/732 733/1/733
f 734/1/734 718/1/718 732/1/732
f 718/1/718 560/1/560 732/1/732
f 732/1/732 558/1/558 733/1/733
f 735/1/735 736/1/736 737/1/737
f 738/1/738 723/1/723 736/1/736
f 723/1/723 554/1/554 736/1/736
f 736/1/736 545/1/545 737/1/737
f 739/1/739 740/1/740 741/1/741
f 742/1/742 743/1/743 739/1/739
f 743/1/743 442/1/442 553/1/553
f 740/1/740 553/1/553 551/1/551
f 744/1/744 745/1/745 746/1/746
f 744/1/744 733/1/733 747/1/747
f 747/1/747 558/1/558 549/1/549
f 745/1/745 549/1/549 547/1/547
f 748/1/748 749/1/749 750/1/750
f 751/1/751 737/1/737 749/1/749
f 737/1/737 543/1/543 749/1/749
f 749/1/749 531/1/531 750/1/750
f 752/1/752 662/1/662 753/1/753
f 754/1/754 755/1/755 752/1/752
f 755/1/755 540/1/540 537/1/537
f 755/1/755 539/1/539 662/1/662
f 756/1/756 757/1/757 758/1/758
f 759/1/759 745/1/745 757/1/757
f 745/1/745 535/1/535 757/1/757
f 757/1/757 533/1/533 758/1/758
f 760/1/760 761/1/761 762/1/762
f 763/1/763 750/1/750 761/1/761
f 750/1/750 529/1/529 761/1/761
f 761/1/761 523/1/523 762/1/762
f 764/1/764 765/1/765 766/1/766
f 756/1/756 765/1/765 767/1/767
f 758/1/758 527/1/527 765/1/765
f 765/1/765 525/1/525 766/1/766
f 768/1/768 769/1/769 770/1/770
f 760/1/760 771/1/771 768/1/768
f 762/1/762 521/1/521 771/1/771
f 769/1/769 521/1/521 510/1/510
f 772/1/772 773/1/773 774/1/774
f 775/1/775 652/1/652 773/1/773
f 652/1/652 519/1/519 773/1/773
f 773/1/773 516/1/516 774/1/774
f 776/1/776 777/1/777 778/1/778
f 776/1/776 766/1/766 779/1/779
f 766/1/766 514/1/514 779/1/779
f 779/1/779 506/1/506 777/1/777
f 780/1/780 781/1/781 782/1/782
f 770/1/770 783/1/783 780/1/780
f 769/1/769 508/1/508 783/1/783
f 783/1/783 502/1/502 781/1/781
f 784/1/784 785/1/785 786/1/786
f 778/1/778 787/1/787 784/1/784
f 787/1/787 506/1/506 504/1/504
f 787/1/787 498/1/498 785/1/785
f 788/1/788 789/1/789 790/1/790
f 782/1/782 791/1/791 788/1/788
f 791/1/791 502/1/502 500/1/500
f 789/1/789 500/1/500 494/1/494
f 792/1/792 793/1/793 794/1/794
f 786/1/786 795/1/795 792/1/792
f 795/1/795 498/1/498 496/1/496
f 795/1/795 490/1/490 793/1/793
f 796/1/796 797/1/797 798/1/798
f 790/1/790 797/1/797 799/1/799
f 797/1/797 494/1/494 492/1/492
f 798/1/798 492/1/492 493/1/493
f 800/1/800 801/1/801 802/1/802
f 800/1/800 793/1/793 803/1/803
f 793/1/793 488/1/488 803/1/803
f 801/1/801 488/1/488 482/1/482
f 804/1/804 805/1/805 806/1/806
f 796/1/796 805/1/805 807/1/807
f 798/1/798 486/1/486 805/1/805
f 805/1/805 484/1/484 806/1/806
f 808/1/808 809/1/809 810/1/810
f 802/1/802 809/1/809 811/1/811
f 809/1/809 482/1/482 480/1/480
f 809/1/809 474/1/474 810/1/810
f 812/1/812 813/1/813 814/1/814
f 812/1/812 806/1/806 815/1/815
f 806/1/806 478/1/478 815/1/815
f 815/1/815 476/1/476 813/1/813
f 816/1/816 817/1/817 818/1/818
f 808/1/808 817/1/817 819/1/819
f 817/1/817 474/1/474 472/1/472
f 817/1/817 463/1/463 818/1/818
f 820/1/820 821/1/821 822/1/822
f 814/1/814 823/1/823 820/1/820
f 823/1/823 476/1/476 470/1/470
f 823/1/823 468/1/468 821/1/821
f 824/1/824 825/1/825 826/1/826
f 827/1/827 828/1/828 825/1/825
f 828/1/828 465/1/465 825/1/825
f 826/1/826 465/1/465 455/1/455
f 829/1/829 830/1/830 831/1/831
f 816/1/816 832/1/832 829/1/829
f 818/1/818 461/1/461 832/1/832
f 832/1/832 452/1/452 830/1/830
f 833/1/833 834/1/834 835/1/835
f 822/1/822 836/1/836 833/1/833
f 836/1/836 468/1/468 459/1/459
f 834/1/834 459/1/459 457/1/457
f 837/1/837 838/1/838 839/1/839
f 837/1/837 826/1/826 840/1/840
f 840/1/840 455/1/455 454/1/454
f 840/1/840 443/1/443 838/1/838
f 841/1/841 842/1/842 843/1/843
f 831/1/831 842/1/842 844/1/844
f 842/1/842 452/1/452 450/1/450
f 843/1/843 450/1/450 438/1/438
f 845/1/845 846/1/846 847/1/847
f 835/1/835 848/1/848 845/1/845
f 848/1/848 457/1/457 448/1/448
f 848/1/848 446/1/446 846/1/846
f 849/1/849 850/1/850 742/1/742
f 839/1/839 851/1/851 849/1/849
f 851/1/851 443/1/443 440/1/440
f 850/1/850 440/1/440 442/1/442
f 852/1/852 853/1/853 854/1/854
f 841/1/841 855/1/855 852/1/852
f 855/1/855 438/1/438 436/1/436
f 855/1/855 437/1/437 853/1/853
f 856/1/856 857/1/857 858/1/858
f 847/1/847 859/1/859 856/1/856
f 846/1/846 434/1/434 859/1/859
f 859/1/859 432/1/432 857/1/857
f 860/1/860 861/1/861 862/1/862
f 854/1/854 863/1/863 860/1/860
f 863/1/863 437/1/437 430/1/430
f 863/1/863 428/1/428 861/1/861
f 864/1/864 865/1/865 866/1/866
f 864/1/864 857/1/857 867/1/867
f 867/1/867 432/1/432 426/1/426
f 865/1/865 426/1/426 424/1/424
f 868/1/868 869/1/869 870/1/870
f 715/1/715 871/1/871 868/1/868
f 871/1/871 419/1/419 416/1/416
f 869/1/869 416/1/416 418/1/418
f 872/1/872 873/1/873 874/1/874
f 862/1/862 875/1/875 872/1/872
f 875/1/875 428/1/428 414/1/414
f 873/1/873 414/1/414 412/1/412
f 876/1/876 877/1/877 828/1/828
f 878/1/878 865/1/865 877/1/877
f 865/1/865 410/1/410 877/1/877
f 877/1/877 407/1/407 828/1/828
f 879/1/879 880/1/880 881/1/881
f 882/1/882 774/1/774 880/1/880
f 774/1/774 403/1/403 880/1/880
f 880/1/880 388/1/388 881/1/881
f 883/1/883 884/1/884 885/1/885
f 741/1/741 886/1/886 883/1/883
f 886/1/886 551/1/551 398/1/398
f 884/1/884 398/1/398 400/1/400
f 887/1/887 888/1/888 889/1/889
f 887/1/887 873/1/873 890/1/890
f 873/1/873 396/1/396 890/1/890
f 890/1/890 394/1/394 888/1/888
f 891/1/891 892/1/892 893/1/893
f 657/1/657 894/1/894 891/1/891
f 894/1/894 392/1/392 390/1/390
f 894/1/894 374/1/374 892/1/892
f 895/1/895 896/1/896 897/1/897
f 879/1/879 898/1/898 895/1/895
f 881/1/881 386/1/386 898/1/898
f 898/1/898 371/1/371 896/1/896
f 899/1/899 704/1/704 900/1/900
f 727/1/727 901/1/901 899/1/899
f 726/1/726 380/1/380 901/1/901
f 901/1/901 382/1/382 704/1/704
f 902/1/902 903/1/903 904/1/904
f 905/1/905 888/1/888 903/1/903
f 888/1/888 378/1/378 903/1/903
f 903/1/903 376/1/376 904/1/904
f 906/1/906 907/1/907 908/1/908
f 893/1/893 909/1/909 906/1/906
f 909/1/909 374/1/374 373/1/373
f 909/1/909 362/1/362 907/1/907
f 910/1/910 911/1/911 912/1/912
f 897/1/897 913/1/913 910/1/910
f 896/1/896 369/1/369 913/1/913
f 913/1/913 370/1/370 911/1/911
f 914/1/914 915/1/915 916/1/916
f 914/1/914 904/1/904 917/1/917
f 904/1/904 367/1/367 917/1/917
f 915/1/915 367/1/367 365/1/365
f 918/1/918 730/1/730 728/1/728
f 908/1/908 919/1/919 918/1/918
f 919/1/919 362/1/362 359/1/359
f 919/1/919 361/1/361 730/1/730
f 920/1/920 921/1/921 922/1/922
f 920/1/920 911/1/911 923/1/923
f 923/1/923 370/1/370 357/1/357
f 921/1/921 357/1/357 355/1/355
f 924/1/924 925/1/925 643/1/643
f 926/1/926 915/1/915 925/1/925
f 925/1/925 365/1/365 353/1/353
f 925/1/925 350/1/350 643/1/643
f 927/1/927 928/1/928 649/1/649
f 922/1/922 928/1/928 929/1/929
f 928/1/928 355/1/355 348/1/348
f 928/1/928 345/1/345 649/1/649
f 25/1/25 930/1/930 931/1/931
f 23/1/23 930/1/930 22/1/22
f 932/1/932 929/1/929 930/1/930
f 930/1/930 927/1/927 931/1/931
f 128/1/128 933/1/933 934/1/934
f 127/1/127 933/1/933 126/1/126
f 935/1/935 926/1/926 933/1/933
f 933/1/933 924/1/924 934/1/934
f 23/1/23 936/1/936 932/1/932
f 21/1/21 936/1/936 20/1/20
f 937/1/937 920/1/920 936/1/936
f 936/1/936 922/1/922 932/1/932
f 75/1/75 938/1/938 939/1/939
f 72/1/72 940/1/940 938/1/938
f 938/1/938 908/1/908 918/1/918
f 939/1/939 918/1/918 728/1/728
f 127/1/127 941/1/941 935/1/935
f 125/1/125 941/1/941 124/1/124
f 942/1/942 914/1/914 941/1/941
f 941/1/941 916/1/916 935/1/935
f 21/1/21 943/1/943 937/1/937
f 19/1/19 943/1/943 18/1/18
f 943/1/943 897/1/897 910/1/910
f 937/1/937 910/1/910 912/1/912
f 73/1/73 944/1/944 940/1/940
f 71/1/71 944/1/944 70/1/70
f 944/1/944 893/1/893 906/1/906
f 940/1/940 906/1/906 908/1/908
f 125/1/125 945/1/945 942/1/942
f 123/1/123 945/1/945 122/1/122
f 946/1/946 905/1/905 945/1/945
f 945/1/945 902/1/902 942/1/942
f 163/1/163 947/1/947 948/1/948
f 164/1/164 949/1/949 947/1/947
f 947/1/947 727/1/727 899/1/899
f 948/1/948 899/1/899 900/1/900
f 19/1/19 950/1/950 951/1/951
f 17/1/17 950/1/950 16/1/16
f 950/1/950 879/1/879 895/1/895
f 951/1/951 895/1/895 897/1/897
f 71/1/71 952/1/952 953/1/953
f 69/1/69 952/1/952 68/1/68
f 952/1/952 657/1/657 891/1/891
f 953/1/953 891/1/891 893/1/893
f 123/1/123 954/1/954 946/1/946
f 121/1/121 954/1/954 120/1/120
f 955/1/955 887/1/887 954/1/954
f 954/1/954 889/1/889 946/1/946
f 168/1/168 956/1/956 957/1/957
f 156/1/156 956/1/956 167/1/167
f 958/1/958 883/1/883 956/1/956
f 957/1/957 883/1/883 885/1/885
f 17/1/17 959/1/959 960/1/960
f 15/1/15 959/1/959 14/1/14
f 961/1/961 882/1/882 959/1/959
f 960/1/960 882/1/882 879/1/879
f 5/1/5 962/1/962 963/1/963
f 3/1/3 962/1/962 1/1/1
f 964/1/964 878/1/878 962/1/962
f 962/1/962 876/1/876 963/1/963
f 121/1/121 965/1/965 955/1/955
f 119/1/119 965/1/965 118/1/118
f 966/1/966 872/1/872 965/1/965
f 965/1/965 874/1/874 955/1/955
f 967/1/967 968/1/968 969/1/969
f 970/1/970 971/1/971 968/1/968
f 968/1/968 715/1/715 868/1/868
f 969/1/969 868/1/868 870/1/870
f 3/1/3 972/1/972 964/1/964
f 64/1/64 972/1/972 2/1/2
f 973/1/973 864/1/864 972/1/972
f 972/1/972 866/1/866 964/1/964
f 119/1/119 974/1/974 966/1/966
f 117/1/117 974/1/974 116/1/116
f 975/1/975 860/1/860 974/1/974
f 974/1/974 862/1/862 966/1/966
f 64/1/64 976/1/976 973/1/973
f 63/1/63 976/1/976 62/1/62
f 977/1/977 856/1/856 976/1/976
f 976/1/976 858/1/858 973/1/973
f 117/1/117 978/1/978 975/1/975
f 115/1/115 978/1/978 114/1/114
f 978/1/978 841/1/841 852/1/852
f 975/1/975 852/1/852 854/1/854
f 11/1/11 979/1/979 980/1/980
f 8/1/8 981/1/981 979/1/979
f 979/1/979 839/1/839 849/1/849
f 980/1/980 849/1/849 742/1/742
f 63/1/63 982/1/982 977/1/977
f 61/1/61 982/1/982 60/1/60
f 983/1/983 845/1/845 982/1/982
f 982/1/982 847/1/847 977/1/977
f 115/1/115 984/1/984 985/1/985
f 113/1/113 984/1/984 112/1/112
f 984/1/984 831/1/831 844/1/844
f 985/1/985 844/1/844 841/1/841
f 9/1/9 986/1/986 981/1/981
f 7/1/7 986/1/986 6/1/6
f 986/1/986 824/1/824 837/1/837
f 981/1/981 837/1/837 839/1/839
f 61/1/61 987/1/987 983/1/983
f 59/1/59 987/1/987 58/1/58
f 988/1/988 833/1/833 987/1/987
f 987/1/987 835/1/835 983/1/983
f 113/1/113 989/1/989 990/1/990
f 111/1/111 989/1/989 110/1/110
f 989/1/989 816/1/816 829/1/829
f 990/1/990 829/1/829 831/1/831
f 7/1/7 991/1/991 992/1/992
f 5/1/5 991/1/991 4/1/4
f 991/1/991 876/1/876 827/1/827
f 992/1/992 827/1/827 824/1/824
f 59/1/59 993/1/993 988/1/988
f 57/1/57 993/1/993 56/1/56
f 994/1/994 820/1/820 993/1/993
f 993/1/993 822/1/822 988/1/988
f 111/1/111 995/1/995 996/1/996
f 109/1/109 995/1/995 108/1/108
f 995/1/995 808/1/808 819/1/819
f 996/1/996 819/1/819 816/1/816
f 57/1/57 997/1/997 994/1/994
f 55/1/55 997/1/997 54/1/54
f 998/1/998 812/1/812 997/1/997
f 997/1/997 814/1/814 994/1/994
f 109/1/109 999/1/999 1000/1/1000
f 107/1/107 999/1/999 106/1/106
f 999/1/999 802/1/802 811/1/811
f 1000/1/1000 811/1/811 808/1/808
f 55/1/55 1001/1/1001 998/1/998
f 53/1/53 1001/1/1001 52/1/52
f 1002/1/1002 807/1/807 1001/1/1001
f 1001/1/1001 804/1/804 998/1/998
f 107/1/107 1003/1/1003 1004/1/1004
f 105/1/105 1003/1/1003 104/1/104
f 1003/1/1003 794/1/794 800/1/800
f 1004/1/1004 800/1/800 802/1/802
f 53/1/53 1005/1/1005 1002/1/1002
f 51/1/51 1005/1/1005 50/1/50
f 1005/1/1005 790/1/790 799/1/799
f 1002/1/1002 799/1/799 796/1/796
f 105/1/105 1006/1/1006 1007/1/1007
f 103/1/103 1006/1/1006 102/1/102
f 1006/1/1006 786/1/786 792/1/792
f 1007/1/1007 792/1/792 794/1/794
f 51/1/51 1008/1/1008 1009/1/1009
f 49/1/49 1008/1/1008 48/1/48
f 1008/1/1008 782/1/782 788/1/788
f 1009/1/1009 788/1/788 790/1/790
f 103/1/103 1010/1/1010 1011/1/1011
f 101/1/101 1010/1/1010 100/1/100
f 1010/1/1010 778/1/778 784/1/784
f 1011/1/1011 784/1/784 786/1/786
f 49/1/49 1012/1/1012 1013/1/1013
f 47/1/47 1012/1/1012 46/1/46
f 1012/1/1012 770/1/770 780/1/780
f 1013/1/1013 780/1/780 782/1/782
f 101/1/101 1014/1/1014 1015/1/1015
f 99/1/99 1014/1/1014 98/1/98
f 1016/1/1016 776/1/776 1014/1/1014
f 1014/1/1014 778/1/778 1015/1/1015
f 133/1/133 961/1/961 15/1/15
f 133/1/133 1017/1/1017 1018/1/1018
f 1018/1/1018 650/1/650 775/1/775
f 1018/1/1018 772/1/772 961/1/961
f 47/1/47 1019/1/1019 1020/1/1020
f 45/1/45 1019/1/1019 44/1/44
f 1019/1/1019 760/1/760 768/1/768
f 1020/1/1020 768/1/768 770/1/770
f 99/1/99 1021/1/1021 1016/1/1016
f 97/1/97 1021/1/1021 96/1/96
f 1022/1/1022 767/1/767 1021/1/1021
f 1021/1/1021 764/1/764 1016/1/1016
f 45/1/45 1023/1/1023 1024/1/1024
f 43/1/43 1023/1/1023 42/1/42
f 1023/1/1023 748/1/748 763/1/763
f 1024/1/1024 763/1/763 760/1/760
f 97/1/97 1025/1/1025 1022/1/1022
f 95/1/95 1025/1/1025 94/1/94
f 1026/1/1026 759/1/759 1025/1/1025
f 1025/1/1025 756/1/756 1022/1/1022
f 79/1/79 1027/1/1027 1028/1/1028
f 137/1/137 1029/1/1029 1027/1/1027
f 1027/1/1027 754/1/754 752/1/752
f 1028/1/1028 752/1/752 753/1/753
f 43/1/43 1030/1/1030 1031/1/1031
f 41/1/41 1030/1/1030 40/1/40
f 1030/1/1030 735/1/735 751/1/751
f 1031/1/1031 751/1/751 748/1/748
f 95/1/95 1032/1/1032 1026/1/1026
f 93/1/93 1032/1/1032 92/1/92
f 1033/1/1033 744/1/744 1032/1/1032
f 1032/1/1032 746/1/746 1026/1/1026
f 139/1/139 958/1/958 156/1/156
f 139/1/139 980/1/980 1034/1/1034
f 1034/1/1034 742/1/742 739/1/739
f 1034/1/1034 741/1/741 958/1/958
f 41/1/41 1035/1/1035 1036/1/1036
f 39/1/39 1035/1/1035 38/1/38
f 1035/1/1035 721/1/721 738/1/738
f 1036/1/1036 738/1/738 735/1/735
f 93/1/93 1037/1/1037 1033/1/1033
f 91/1/91 1037/1/1037 90/1/90
f 1038/1/1038 734/1/734 1037/1/1037
f 1037/1/1037 731/1/731 1033/1/1033
f 161/1/161 1039/1/1039 949/1/949
f 143/1/143 939/1/939 1039/1/1039
f 1039/1/1039 728/1/728 725/1/725
f 949/1/949 725/1/725 727/1/727
f 39/1/39 1040/1/1040 1041/1/1041
f 37/1/37 1040/1/1040 36/1/36
f 1040/1/1040 709/1/709 724/1/724
f 1041/1/1041 724/1/724 721/1/721
f 91/1/91 1042/1/1042 1038/1/1038
f 89/1/89 1042/1/1042 88/1/88
f 1043/1/1043 717/1/717 1042/1/1042
f 1042/1/1042 719/1/719 1038/1/1038
f 1044/1/1044 1045/1/1045 971/1/971
f 165/1/165 1045/1/1045 153/1/153
f 1045/1/1045 700/1/700 713/1/713
f 971/1/971 713/1/713 715/1/715
f 37/1/37 1046/1/1046 1047/1/1047
f 35/1/35 1046/1/1046 34/1/34
f 1048/1/1048 712/1/712 1046/1/1046
f 1046/1/1046 709/1/709 1047/1/1047
f 89/1/89 1049/1/1049 1043/1/1043
f 87/1/87 1049/1/1049 86/1/86
f 1050/1/1050 705/1/705 1049/1/1049
f 1049/1/1049 707/1/707 1043/1/1043
f 165/1/165 1051/1/1051 1052/1/1052
f 1053/1/1053 948/1/948 1051/1/1051
f 1051/1/1051 900/1/900 703/1/703
f 1052/1/1052 703/1/703 700/1/700
f 35/1/35 1054/1/1054 1048/1/1048
f 33/1/33 1054/1/1054 32/1/32
f 1055/1/1055 699/1/699 1054/1/1054
f 1054/1/1054 696/1/696 1048/1/1048
f 87/1/87 1056/1/1056 1050/1/1050
f 85/1/85 1056/1/1056 84/1/84
f 1057/1/1057 692/1/692 1056/1/1056
f 1056/1/1056 694/1/694 1050/1/1050
f 148/1/148 1058/1/1058 149/1/149
f 160/1/160 1059/1/1059 148/1/148
f 1060/1/1060 689/1/689 1059/1/1059
f 1059/1/1059 690/1/690 1058/1/1058
f 33/1/33 1061/1/1061 1055/1/1055
f 31/1/31 1061/1/1061 30/1/30
f 1062/1/1062 685/1/685 1061/1/1061
f 1061/1/1061 687/1/687 1055/1/1055
f 85/1/85 1063/1/1063 1057/1/1057
f 83/1/83 1063/1/1063 82/1/82
f 1063/1/1063 670/1/670 684/1/684
f 1057/1/1057 684/1/684 681/1/681
f 159/1/159 1060/1/1060 160/1/160
f 159/1/159 1064/1/1064 1065/1/1065
f 1065/1/1065 679/1/679 676/1/676
f 1060/1/1060 676/1/676 678/1/678
f 31/1/31 1066/1/1066 1062/1/1062
f 29/1/29 1066/1/1066 28/1/28
f 1067/1/1067 675/1/675 1066/1/1066
f 1066/1/1066 672/1/672 1062/1/1062
f 83/1/83 1068/1/1068 1069/1/1069
f 81/1/81 1068/1/1068 80/1/80
f 1068/1/1068 661/1/661 668/1/668
f 1069/1/1069 668/1/668 670/1/670
f 29/1/29 1070/1/1070 1067/1/1067
f 27/1/27 1070/1/1070 26/1/26
f 1071/1/1071 664/1/664 1070/1/1070
f 1070/1/1070 666/1/666 1067/1/1067
f 81/1/81 1072/1/1072 1073/1/1073
f 79/1/79 1072/1/1072 78/1/78
f 1028/1/1028 659/1/659 1072/1/1072
f 1073/1/1073 659/1/659 661/1/661
f 69/1/69 1074/1/1074 1075/1/1075
f 67/1/67 1074/1/1074 65/1/65
f 1076/1/1076 655/1/655 1074/1/1074
f 1074/1/1074 657/1/657 1075/1/1075
f 132/1/132 1077/1/1077 1017/1/1017
f 149/1/149 1077/1/1077 150/1/150
f 1058/1/1058 653/1/653 1077/1/1077
f 1077/1/1077 650/1/650 1017/1/1017
f 27/1/27 1078/1/1078 1071/1/1071
f 25/1/25 1078/1/1078 24/1/24
f 931/1/931 648/1/648 1078/1/1078
f 1078/1/1078 645/1/645 1071/1/1071
f 67/1/67 1079/1/1079 1076/1/1076
f 128/1/128 1079/1/1079 66/1/66
f 934/1/934 640/1/640 1079/1/1079
f 1079/1/1079 642/1/642 1076/1/1076
f 169/1/169 1080/1/1080 1081/1/1081
f 1082/1/1082 969/1/969 1080/1/1080
f 1080/1/1080 870/1/870 1083/1/1083
f 1081/1/1081 1083/1/1083 1084/1/1084
f 155/1/155 1085/1/1085 1029/1/1029
f 1086/1/1086 1087/1/1087 1085/1/1085
f 1085/1/1085 1088/1/1088 1089/1/1089
f 1029/1/1029 1089/1/1089 754/1/754
f 1089/1/1089 1090/1/1090 754/1/754
f 1089/1/1089 1091/1/1091 1092/1/1092
f 1091/1/1091 1093/1/1093 1092/1/1092
f 1090/1/1090 1093/1/1093 540/1/540
f 1084/1/1084 1094/1/1094 1095/1/1095
f 870/1/870 1094/1/1094 1083/1/1083
f 869/1/869 1096/1/1096 1094/1/1094
f 1094/1/1094 1097/1/1097 1095/1/1095
f 1096/1/1096 1098/1/1098 1097/1/1097
f 418/1/418 1099/1/1099 1096/1/1096
f 417/1/417 1100/1/1100 1099/1/1099
f 1099/1/1099 344/1/344 1098/1/1098
f 1093/1/1093 542/1/542 540/1/540
f 1101/1/1101 1102/1/1102 1093/1/1093
f 1103/1/1103 1104/1/1104 1102/1/1102
f 1102/1/1102 327/1/327 542/1/542
f 1104/1/1104 328/1/328 327/1/327
f 1105/1/1105 1106/1/1106 1104/1/1104
f 1107/1/1107 422/1/422 1106/1/1106
f 1106/1/1106 575/1/575 328/1/328
f 154/1/154 1086/1/1086 155/1/155
f 1044/1/1044 1108/1/1108 154/1/154
f 970/1/970 1109/1/1109 1108/1/1108
f 1108/1/1108 1110/1/1110 1086/1/1086
f 1111/1/1111 612/1/612 610/1/610
f 1097/1/1097 1112/1/1112 1111/1/1111
f 1098/1/1098 343/1/343 1112/1/1112
f 1112/1/1112 334/1/334 612/1/612
f 679/1/679 1113/1/1113 1114/1/1114
f 1115/1/1115 1095/1/1095 1113/1/1113
f 1095/1/1095 1111/1/1111 1113/1/1113
f 1113/1/1113 610/1/610 1114/1/1114
f 1116/1/1116 1117/1/1117 1064/1/1064
f 171/1/171 1081/1/1081 1117/1/1117
f 1117/1/1117 1084/1/1084 1115/1/1115
f 1064/1/1064 1115/1/1115 679/1/679
f 1110/1/1110 1118/1/1118 1087/1/1087
f 1119/1/1119 957/1/957 1118/1/1118
f 1118/1/1118 885/1/885 1120/1/1120
f 1087/1/1087 1120/1/1120 1088/1/1088
f 1088/1/1088 1121/1/1121 1091/1/1091
f 1120/1/1120 884/1/884 1121/1/1121
f 1121/1/1121 400/1/400 1122/1/1122
f 1121/1/1121 1101/1/1101 1091/1/1091
f 1122/1/1122 1103/1/1103 1101/1/1101
f 400/1/400 1123/1/1123 1122/1/1122
f 399/1/399 1124/1/1124 1123/1/1123
f 1123/1/1123 1105/1/1105 1103/1/1103
f 1124/1/1124 1107/1/1107 1105/1/1105
f 341/1/341 1125/1/1125 1124/1/1124
f 340/1/340 1100/1/1100 1125/1/1125
f 1125/1/1125 423/1/423 1107/1/1107
f 1109/1/1109 1119/1/1119 1110/1/1110
f 967/1/967 1126/1/1126 1109/1/1109
f 1082/1/1082 166/1/166 1126/1/1126
f 1126/1/1126 168/1/168 1119/1/1119
f 1/1/1 1127/1/1127 2/1/2
f 4/1/4 1127/1/1127 1/1/1
f 6/1/6 1127/1/1127 4/1/4
f 8/1/8 1127/1/1127 6/1/6
f 10/1/10 1127/1/1127 8/1/8
f 12/1/12 1127/1/1127 10/1/10
f 14/1/14 1127/1/1127 12/1/12
f 16/1/16 1127/1/1127 14/1/14
f 18/1/18 1127/1/1127 16/1/16
f 20/1/20 1127/1/1127 18/1/18
f 22/1/22 1127/1/1127 20/1/20
f 24/1/24 1127/1/1127 22/1/22
f 26/1/26 1127/1/1127 24/1/24
f 28/1/28 1127/1/1127 26/1/26
f 30/1/30 1127/1/1127 28/1/28
f 32/1/32 1127/1/1127 30/1/30
f 34/1/34 1127/1/1127 32/1/32
f 36/1/36 1127/1/1127 34/1/34
f 38/1/38 1127/1/1127 36/1/36
f 40/1/40 1127/1/1127 38/1/38
f 42/1/42 1127/1/1127 40/1/40
f 44/1/44 1127/1/1127 42/1/42
f 46/1/46 1127/1/1127 44/1/44
f 48/1/48 1127/1/1127 46/1/46
f 50/1/50 1127/1/1127 48/1/48
f 52/1/52 1127/1/1127 50/1/50
f 54/1/54 1127/1/1127 52/1/52
f 56/1/56 1127/1/1127 54/1/54
f 58/1/58 1127/1/1127 56/1/56
f 60/1/60 1127/1/1127 58/1/58
f 62/1/62 1127/1/1127 60/1/60
f 2/1/2 1127/1/1127 62/1/62
f 65/1/65 1128/1/1128 66/1/66
f 68/1/68 1128/1/1128 65/1/65
f 70/1/70 1128/1/1128 68/1/68
f 72/1/72 1128/1/1128 70/1/70
f 74/1/74 1128/1/1128 72/1/72
f 76/1/76 1128/1/1128 74/1/74
f 78/1/78 1128/1/1128 76/1/76
f 80/1/80 1128/1/1128 78/1/78
f 82/1/82 1128/1/1128 80/1/80
f 84/1/84 1128/1/1128 82/1/82
f 86/1/86 1128/1/1128 84/1/84
f 88/1/88 1128/1/1128 86/1/86
f 90/1/90 1128/1/1128 88/1/88
f 92/1/92 1128/1/1128 90/1/90
f 94/1/94 1128/1/1128 92/1/92
f 96/1/96 1128/1/1128 94/1/94
f 98/1/98 1128/1/1128 96/1/96
f 100/1/100 1128/1/1128 98/1/98
f 102/1/102 1128/1/1128 100/1/100
f 104/1/104 1128/1/1128 102/1/102
f 106/1/106 1128/1/1128 104/1/104
f 108/1/108 1128/1/1128 106/1/106
f 110/1/110 1128/1/1128 108/1/108
f 112/1/112 1128/1/1128 110/1/110
f 114/1/114 1128/1/1128 112/1/112
f 116/1/116 1128/1/1128 114/1/114
f 118/1/118 1128/1/1128 116/1/116
f 120/1/120 1128/1/1128 118/1/118
f 122/1/122 1128/1/1128 120/1/120
f 124/1/124 1128/1/1128 122/1/122
f 126/1/126 1128/1/1128 124/1/124
f 66/1/66 1128/1/1128 126/1/126
f 13/1/13 130/1/130 129/1/129
f 130/1/130 141/1/141 131/1/131
f 129/1/129 131/1/131 132/1/132
f 12/1/12 129/1/129 133/1/133
f 77/1/77 135/1/135 134/1/134
f 135/1/135 145/1/145 136/1/136
f 136/1/136 155/1/155 137/1/137
f 76/1/76 134/1/134 137/1/137
f 11/1/11 139/1/139 138/1/138
f 139/1/139 156/1/156 140/1/140
f 138/1/138 140/1/140 141/1/141
f 138/1/138 130/1/130 13/1/13
f 75/1/75 143/1/143 142/1/142
f 143/1/143 161/1/161 144/1/144
f 142/1/142 144/1/144 145/1/145
f 142/1/142 135/1/135 77/1/77
f 141/1/141 147/1/147 146/1/146
f 147/1/147 160/1/160 148/1/148
f 146/1/146 148/1/148 149/1/149
f 131/1/131 146/1/146 150/1/150
f 145/1/145 152/1/152 151/1/151
f 152/1/152 165/1/165 153/1/153
f 153/1/153 1044/1/1044 154/1/154
f 151/1/151 154/1/154 155/1/155
f 156/1/156 158/1/158 157/1/157
f 158/1/158 1116/1/1116 159/1/159
f 157/1/157 159/1/159 160/1/160
f 140/1/140 157/1/157 147/1/147
f 161/1/161 164/1/164 162/1/162
f 163/1/163 1053/1/1053 162/1/162
f 162/1/162 1053/1/1053 165/1/165
f 144/1/144 162/1/162 152/1/152
f 166/1/166 170/1/170 167/1/167
f 169/1/169 171/1/171 170/1/170
f 171/1/171 1116/1/1116 158/1/158
f 167/1/167 170/1/170 158/1/158
f 172/1/172 1129/1/1129 173/1/173
f 175/1/175 1129/1/1129 172/1/172
f 177/1/177 1129/1/1129 175/1/175
f 179/1/179 1129/1/1129 177/1/177
f 181/1/181 1129/1/1129 179/1/179
f 183/1/183 1129/1/1129 181/1/181
f 185/1/185 1129/1/1129 183/1/183
f 187/1/187 1129/1/1129 185/1/185
f 189/1/189 1129/1/1129 187/1/187
f 191/1/191 1129/1/1129 189/1/189
f 193/1/193 1129/1/1129 191/1/191
f 195/1/195 1129/1/1129 193/1/193
f 197/1/197 1129/1/1129 195/1/195
f 199/1/199 1129/1/1129 197/1/197
f 201/1/201 1129/1/1129 199/1/199
f 203/1/203 1129/1/1129 201/1/201
f 205/1/205 1129/1/1129 203/1/203
f 207/1/207 1129/1/1129 205/1/205
f 209/1/209 1129/1/1129 207/1/207
f 211/1/211 1129/1/1129 209/1/209
f 213/1/213 1129/1/1129 211/1/211
f 215/1/215 1129/1/1129 213/1/213
f 217/1/217 1129/1/1129 215/1/215
f 219/1/219 1129/1/1129 217/1/217
f 221/1/221 1129/1/1129 219/1/219
f 223/1/223 1129/1/1129 221/1/221
f 225/1/225 1129/1/1129 223/1/223
f 227/1/227 1129/1/1129 225/1/225
f 229/1/229 1129/1/1129 227/1/227
f 231/1/231 1129/1/1129 229/1/229
f 233/1/233 1129/1/1129 231/1/231
f 173/1/173 1129/1/1129 233/1/233
f 236/1/236 1130/1/1130 237/1/237
f 239/1/239 1130/1/1130 236/1/236
f 241/1/241 1130/1/1130 239/1/239
f 243/1/243 1130/1/1130 241/1/241
f 245/1/245 1130/1/1130 243/1/243
f 247/1/247 1130/1/1130 245/1/245
f 249/1/249 1130/1/1130 247/1/247
f 251/1/251 1130/1/1130 249/1/249
f 253/1/253 1130/1/1130 251/1/251
f 255/1/255 1130/1/1130 253/1/253
f 257/1/257 1130/1/1130 255/1/255
f 259/1/259 1130/1/1130 257/1/257
f 261/1/261 1130/1/1130 259/1/259
f 263/1/263 1130/1/1130 261/1/261
f 265/1/265 1130/1/1130 263/1/263
f 267/1/267 1130/1/1130 265/1/265
f 269/1/269 1130/1/1130 267/1/267
f 271/1/271 1130/1/1130 269/1/269
f 273/1/273 1130/1/1130 271/1/271
f 275/1/275 1130/1/1130 273/1/273
f 277/1/277 1130/1/1130 275/1/275
f 279/1/279 1130/1/1130 277/1/277
f 281/1/281 1130/1/1130 279/1/279
f 283/1/283 1130/1/1130 281/1/281
f 285/1/285 1130/1/1130 283/1/283
f 287/1/287 1130/1/1130 285/1/285
f 289/1/289 1130/1/1130 287/1/287
f 291/1/291 1130/1/1130 289/1/289
f 293/1/293 1130/1/1130 291/1/291
f 295/1/295 1130/1/1130 293/1/293
f 297/1/297 1130/1/1130 295/1/295
f 237/1/237 1130/1/1130 297/1/297
f 228/1/228 225/1/225 300/1/300
f 225/1/225 226/1/226 302/1/302
f 300/1/300 302/1/302 303/1/303
f 301/1/301 300/1/300 304/1/304
f 292/1/292 289/1/289 306/1/306
f 289/1/289 290/1/290 308/1/308
f 308/1/308 327/1/327 309/1/309
f 307/1/307 306/1/306 309/1/309
f 230/1/230 227/1/227 311/1/311
f 228/1/228 301/1/301 311/1/311
f 311/1/311 301/1/301 305/1/305
f 312/1/312 311/1/311 313/1/313
f 294/1/294 291/1/291 315/1/315
f 292/1/292 307/1/307 315/1/315
f 315/1/315 307/1/307 310/1/310
f 316/1/316 315/1/315 317/1/317
f 305/1/305 304/1/304 319/1/319
f 304/1/304 303/1/303 321/1/321
f 319/1/319 321/1/321 322/1/322
f 320/1/320 319/1/319 323/1/323
f 310/1/310 309/1/309 325/1/325
f 327/1/327 328/1/328 325/1/325
f 328/1/328 575/1/575 329/1/329
f 326/1/326 325/1/325 329/1/329
f 314/1/314 313/1/313 331/1/331
f 313/1/313 305/1/305 320/1/320
f 331/1/331 320/1/320 324/1/324
f 332/1/332 331/1/331 333/1/333
f 318/1/318 317/1/317 335/1/335
f 317/1/317 310/1/310 326/1/326
f 335/1/335 326/1/326 330/1/330
f 335/1/335 337/1/337 338/1/338
f 339/1/339 342/1/342 340/1/340
f 339/1/339 314/1/314 332/1/332
f 332/1/332 334/1/334 343/1/343
f 342/1/342 343/1/343 344/1/344
f 345/1/345 348/1/348 346/1/346
f 348/1/348 355/1/355 349/1/349
f 346/1/346 349/1/349 218/1/218
f 346/1/346 215/1/215 216/1/216
f 350/1/350 353/1/353 351/1/351
f 353/1/353 365/1/365 354/1/354
f 351/1/351 354/1/354 242/1/242
f 351/1/351 239/1/239 240/1/240
f 355/1/355 357/1/357 356/1/356
f 357/1/357 370/1/370 358/1/358
f 356/1/356 358/1/358 220/1/220
f 356/1/356 217/1/217 218/1/218
f 359/1/359 363/1/363 360/1/360
f 362/1/362 364/1/364 363/1/363
f 364/1/364 296/1/296 293/1/293
f 363/1/363 293/1/293 294/1/294
f 365/1/365 367/1/367 366/1/366
f 367/1/367 376/1/376 368/1/368
f 366/1/366 368/1/368 244/1/244
f 366/1/366 241/1/241 242/1/242
f 369/1/369 372/1/372 358/1/358
f 371/1/371 387/1/387 372/1/372
f 372/1/372 387/1/387 222/1/222
f 372/1/372 219/1/219 220/1/220
f 373/1/373 375/1/375 364/1/364
f 374/1/374 391/1/391 375/1/375
f 375/1/375 391/1/391 298/1/298
f 375/1/375 295/1/295 296/1/296
f 376/1/376 378/1/378 377/1/377
f 378/1/378 394/1/394 379/1/379
f 377/1/377 379/1/379 246/1/246
f 377/1/377 243/1/243 244/1/244
f 380/1/380 384/1/384 381/1/381
f 383/1/383 385/1/385 384/1/384
f 385/1/385 318/1/318 336/1/336
f 384/1/384 336/1/336 338/1/338
f 386/1/386 389/1/389 387/1/387
f 388/1/388 404/1/404 389/1/389
f 389/1/389 404/1/404 224/1/224
f 389/1/389 221/1/221 222/1/222
f 390/1/390 393/1/393 391/1/391
f 392/1/392 629/1/629 393/1/393
f 393/1/393 629/1/629 299/1/299
f 393/1/393 297/1/297 298/1/298
f 394/1/394 396/1/396 395/1/395
f 396/1/396 412/1/412 397/1/397
f 395/1/395 397/1/397 248/1/248
f 395/1/395 245/1/245 246/1/246
f 398/1/398 402/1/402 399/1/399
f 398/1/398 551/1/551 401/1/401
f 402/1/402 401/1/401 314/1/314
f 402/1/402 339/1/339 341/1/341
f 403/1/403 406/1/406 404/1/404
f 403/1/403 516/1/516 405/1/405
f 406/1/406 405/1/405 226/1/226
f 406/1/406 223/1/223 224/1/224
f 407/1/407 410/1/410 408/1/408
f 410/1/410 424/1/424 411/1/411
f 408/1/408 411/1/411 174/1/174
f 408/1/408 173/1/173 235/1/235
f 412/1/412 414/1/414 413/1/413
f 414/1/414 428/1/428 415/1/415
f 413/1/413 415/1/415 250/1/250
f 413/1/413 247/1/247 248/1/248
f 416/1/416 420/1/420 417/1/417
f 419/1/419 421/1/421 420/1/420
f 421/1/421 575/1/575 422/1/422
f 420/1/420 422/1/422 423/1/423
f 424/1/424 426/1/426 425/1/425
f 426/1/426 432/1/432 427/1/427
f 425/1/425 427/1/427 176/1/176
f 425/1/425 172/1/172 174/1/174
f 428/1/428 430/1/430 429/1/429
f 430/1/430 437/1/437 431/1/431
f 429/1/429 431/1/431 252/1/252
f 429/1/429 249/1/249 250/1/250
f 432/1/432 434/1/434 433/1/433
f 434/1/434 446/1/446 435/1/435
f 433/1/433 435/1/435 178/1/178
f 433/1/433 175/1/175 176/1/176
f 436/1/436 439/1/439 431/1/431
f 438/1/438 451/1/451 439/1/439
f 439/1/439 451/1/451 254/1/254
f 439/1/439 251/1/251 252/1/252
f 440/1/440 444/1/444 441/1/441
f 443/1/443 445/1/445 444/1/444
f 445/1/445 232/1/232 229/1/229
f 444/1/444 229/1/229 230/1/230
f 446/1/446 448/1/448 447/1/447
f 448/1/448 457/1/457 449/1/449
f 447/1/447 449/1/449 180/1/180
f 447/1/447 177/1/177 178/1/178
f 450/1/450 453/1/453 451/1/451
f 452/1/452 462/1/462 453/1/453
f 453/1/453 462/1/462 256/1/256
f 453/1/453 253/1/253 254/1/254
f 454/1/454 456/1/456 445/1/445
f 455/1/455 466/1/466 456/1/456
f 456/1/456 466/1/466 234/1/234
f 456/1/456 231/1/231 232/1/232
f 457/1/457 459/1/459 458/1/458
f 459/1/459 468/1/468 460/1/460
f 458/1/458 460/1/460 182/1/182
f 458/1/458 179/1/179 180/1/180
f 461/1/461 464/1/464 462/1/462
f 463/1/463 473/1/473 464/1/464
f 464/1/464 473/1/473 258/1/258
f 464/1/464 255/1/255 256/1/256
f 465/1/465 467/1/467 466/1/466
f 407/1/407 409/1/409 467/1/467
f 467/1/467 409/1/409 235/1/235
f 467/1/467 233/1/233 234/1/234
f 468/1/468 470/1/470 469/1/469
f 470/1/470 476/1/476 471/1/471
f 469/1/469 471/1/471 184/1/184
f 469/1/469 181/1/181 182/1/182
f 472/1/472 475/1/475 473/1/473
f 474/1/474 481/1/481 475/1/475
f 475/1/475 481/1/481 260/1/260
f 475/1/475 257/1/257 258/1/258
f 476/1/476 478/1/478 477/1/477
f 478/1/478 484/1/484 479/1/479
f 477/1/477 479/1/479 186/1/186
f 477/1/477 183/1/183 184/1/184
f 480/1/480 483/1/483 481/1/481
f 482/1/482 489/1/489 483/1/483
f 483/1/483 489/1/489 262/1/262
f 483/1/483 259/1/259 260/1/260
f 484/1/484 486/1/486 485/1/485
f 486/1/486 493/1/493 487/1/487
f 485/1/485 487/1/487 188/1/188
f 485/1/485 185/1/185 186/1/186
f 488/1/488 491/1/491 489/1/489
f 490/1/490 497/1/497 491/1/491
f 491/1/491 497/1/497 264/1/264
f 491/1/491 261/1/261 262/1/262
f 492/1/492 495/1/495 487/1/487
f 494/1/494 501/1/501 495/1/495
f 495/1/495 501/1/501 190/1/190
f 495/1/495 187/1/187 188/1/188
f 496/1/496 499/1/499 497/1/497
f 498/1/498 505/1/505 499/1/499
f 499/1/499 505/1/505 266/1/266
f 499/1/499 263/1/263 264/1/264
f 500/1/500 503/1/503 501/1/501
f 502/1/502 509/1/509 503/1/503
f 503/1/503 509/1/509 192/1/192
f 503/1/503 189/1/189 190/1/190
f 504/1/504 507/1/507 505/1/505
f 506/1/506 513/1/513 507/1/507
f 507/1/507 513/1/513 268/1/268
f 507/1/507 265/1/265 266/1/266
f 508/1/508 511/1/511 509/1/509
f 510/1/510 522/1/522 511/1/511
f 511/1/511 522/1/522 194/1/194
f 511/1/511 191/1/191 192/1/192
f 506/1/506 514/1/514 512/1/512
f 514/1/514 525/1/525 515/1/515
f 512/1/512 515/1/515 270/1/270
f 512/1/512 267/1/267 268/1/268
f 516/1/516 519/1/519 517/1/517
f 518/1/518 520/1/520 517/1/517
f 520/1/520 303/1/303 302/1/302
f 405/1/405 517/1/517 302/1/302
f 521/1/521 524/1/524 522/1/522
f 523/1/523 530/1/530 524/1/524
f 524/1/524 530/1/530 196/1/196
f 524/1/524 193/1/193 194/1/194
f 525/1/525 527/1/527 526/1/526
f 527/1/527 533/1/533 528/1/528
f 526/1/526 528/1/528 272/1/272
f 526/1/526 269/1/269 270/1/270
f 529/1/529 532/1/532 530/1/530
f 531/1/531 544/1/544 532/1/532
f 532/1/532 544/1/544 198/1/198
f 532/1/532 195/1/195 196/1/196
f 533/1/533 535/1/535 534/1/534
f 535/1/535 547/1/547 536/1/536
f 534/1/534 536/1/536 274/1/274
f 534/1/534 271/1/271 272/1/272
f 537/1/537 541/1/541 538/1/538
f 540/1/540 542/1/542 541/1/541
f 542/1/542 327/1/327 308/1/308
f 541/1/541 308/1/308 290/1/290
f 543/1/543 546/1/546 544/1/544
f 545/1/545 555/1/555 546/1/546
f 546/1/546 555/1/555 200/1/200
f 546/1/546 197/1/197 198/1/198
f 547/1/547 549/1/549 548/1/548
f 549/1/549 558/1/558 550/1/550
f 548/1/548 550/1/550 276/1/276
f 548/1/548 273/1/273 274/1/274
f 551/1/551 553/1/553 552/1/552
f 442/1/442 441/1/441 552/1/552
f 441/1/441 230/1/230 312/1/312
f 401/1/401 552/1/552 312/1/312
f 554/1/554 557/1/557 555/1/555
f 556/1/556 565/1/565 557/1/557
f 557/1/557 565/1/565 202/1/202
f 557/1/557 199/1/199 200/1/200
f 558/1/558 560/1/560 559/1/559
f 560/1/560 568/1/568 561/1/561
f 559/1/559 561/1/561 278/1/278
f 559/1/559 275/1/275 276/1/276
f 562/1/562 563/1/563 385/1/385
f 361/1/361 360/1/360 563/1/563
f 360/1/360 294/1/294 316/1/316
f 563/1/563 316/1/316 318/1/318
f 564/1/564 567/1/567 565/1/565
f 566/1/566 577/1/577 567/1/567
f 567/1/567 577/1/577 204/1/204
f 567/1/567 201/1/201 202/1/202
f 568/1/568 570/1/570 569/1/569
f 570/1/570 580/1/580 571/1/571
f 569/1/569 571/1/571 280/1/280
f 569/1/569 277/1/277 278/1/278
f 572/1/572 574/1/574 421/1/421
f 573/1/573 585/1/585 574/1/574
f 574/1/574 585/1/585 330/1/330
f 574/1/574 329/1/329 575/1/575
f 566/1/566 578/1/578 576/1/576
f 578/1/578 587/1/587 579/1/579
f 576/1/576 579/1/579 206/1/206
f 576/1/576 203/1/203 204/1/204
f 580/1/580 582/1/582 581/1/581
f 582/1/582 591/1/591 583/1/583
f 581/1/581 583/1/583 282/1/282
f 581/1/581 279/1/279 280/1/280
f 584/1/584 586/1/586 585/1/585
f 382/1/382 381/1/381 586/1/586
f 381/1/381 338/1/338 337/1/337
f 586/1/586 337/1/337 330/1/330
f 587/1/587 589/1/589 588/1/588
f 589/1/589 600/1/600 590/1/590
f 588/1/588 590/1/590 208/1/208
f 588/1/588 205/1/205 206/1/206
f 591/1/591 593/1/593 592/1/592
f 593/1/593 605/1/605 594/1/594
f 592/1/592 594/1/594 284/1/284
f 592/1/592 281/1/281 282/1/282
f 595/1/595 598/1/598 596/1/596
f 598/1/598 609/1/609 599/1/599
f 596/1/596 599/1/599 324/1/324
f 597/1/597 596/1/596 323/1/323
f 600/1/600 602/1/602 601/1/601
f 602/1/602 613/1/613 603/1/603
f 601/1/601 603/1/603 210/1/210
f 601/1/601 207/1/207 208/1/208
f 604/1/604 607/1/607 594/1/594
f 606/1/606 618/1/618 607/1/607
f 607/1/607 618/1/618 286/1/286
f 607/1/607 283/1/283 284/1/284
f 608/1/608 611/1/611 599/1/599
f 610/1/610 612/1/612 611/1/611
f 612/1/612 334/1/334 333/1/333
f 599/1/599 611/1/611 333/1/333
f 613/1/613 615/1/615 614/1/614
f 615/1/615 621/1/621 616/1/616
f 614/1/614 616/1/616 212/1/212
f 614/1/614 209/1/209 210/1/210
f 617/1/617 620/1/620 618/1/618
f 619/1/619 626/1/626 620/1/620
f 620/1/620 626/1/626 288/1/288
f 620/1/620 285/1/285 286/1/286
f 621/1/621 623/1/623 622/1/622
f 623/1/623 634/1/634 624/1/624
f 622/1/622 624/1/624 214/1/214
f 622/1/622 211/1/211 212/1/212
f 625/1/625 627/1/627 626/1/626
f 625/1/625 539/1/539 538/1/538
f 627/1/627 538/1/538 290/1/290
f 627/1/627 287/1/287 288/1/288
f 392/1/392 630/1/630 628/1/628
f 630/1/630 637/1/637 631/1/631
f 628/1/628 631/1/631 238/1/238
f 628/1/628 237/1/237 299/1/299
f 518/1/518 633/1/633 632/1/632
f 633/1/633 595/1/595 597/1/597
f 632/1/632 597/1/597 322/1/322
f 632/1/632 321/1/321 303/1/303
f 634/1/634 636/1/636 635/1/635
f 636/1/636 345/1/345 347/1/347
f 635/1/635 347/1/347 216/1/216
f 635/1/635 213/1/213 214/1/214
f 637/1/637 639/1/639 638/1/638
f 639/1/639 350/1/350 352/1/352
f 638/1/638 352/1/352 240/1/240
f 638/1/638 236/1/236 238/1/238
f 640/1/640 644/1/644 641/1/641
f 640/1/640 924/1/924 643/1/643
f 644/1/644 643/1/643 350/1/350
f 644/1/644 639/1/639 637/1/637
f 645/1/645 648/1/648 646/1/646
f 648/1/648 927/1/927 649/1/649
f 646/1/646 649/1/649 345/1/345
f 647/1/647 646/1/646 636/1/636
f 650/1/650 653/1/653 651/1/651
f 653/1/653 690/1/690 654/1/654
f 651/1/651 654/1/654 595/1/595
f 651/1/651 633/1/633 518/1/518
f 655/1/655 658/1/658 656/1/656
f 655/1/655 642/1/642 641/1/641
f 658/1/658 641/1/641 637/1/637
f 658/1/658 630/1/630 392/1/392
f 659/1/659 663/1/663 660/1/660
f 659/1/659 753/1/753 662/1/662
f 662/1/662 539/1/539 625/1/625
f 663/1/663 625/1/625 619/1/619
f 664/1/664 667/1/667 665/1/665
f 664/1/664 645/1/645 647/1/647
f 647/1/647 634/1/634 623/1/623
f 667/1/667 623/1/623 621/1/621
f 668/1/668 671/1/671 669/1/669
f 661/1/661 660/1/660 671/1/671
f 671/1/671 660/1/660 619/1/619
f 671/1/671 617/1/617 606/1/606
f 672/1/672 675/1/675 673/1/673
f 666/1/666 665/1/665 673/1/673
f 673/1/673 665/1/665 621/1/621
f 674/1/674 673/1/673 615/1/615
f 676/1/676 680/1/680 677/1/677
f 679/1/679 1114/1/1114 680/1/680
f 680/1/680 1114/1/1114 610/1/610
f 677/1/677 680/1/680 608/1/608
f 681/1/681 684/1/684 682/1/682
f 684/1/684 670/1/670 669/1/669
f 669/1/669 606/1/606 604/1/604
f 682/1/682 604/1/604 605/1/605
f 685/1/685 688/1/688 686/1/686
f 685/1/685 672/1/672 674/1/674
f 674/1/674 613/1/613 602/1/602
f 688/1/688 602/1/602 600/1/600
f 689/1/689 691/1/691 654/1/654
f 689/1/689 678/1/678 677/1/677
f 691/1/691 677/1/677 609/1/609
f 654/1/654 691/1/691 598/1/598
f 692/1/692 695/1/695 693/1/693
f 681/1/681 683/1/683 695/1/695
f 683/1/683 605/1/605 593/1/593
f 695/1/695 593/1/593 591/1/591
f 696/1/696 699/1/699 697/1/697
f 699/1/699 687/1/687 686/1/686
f 686/1/686 600/1/600 589/1/589
f 697/1/697 589/1/589 587/1/587
f 700/1/700 703/1/703 701/1/701
f 703/1/703 900/1/900 704/1/704
f 701/1/701 704/1/704 382/1/382
f 701/1/701 584/1/584 573/1/573
f 705/1/705 708/1/708 706/1/706
f 694/1/694 693/1/693 708/1/708
f 693/1/693 591/1/591 582/1/582
f 708/1/708 582/1/582 580/1/580
f 709/1/709 712/1/712 710/1/710
f 712/1/712 696/1/696 698/1/698
f 698/1/698 587/1/587 578/1/578
f 710/1/710 578/1/578 566/1/566
f 713/1/713 716/1/716 714/1/714
f 700/1/700 702/1/702 716/1/716
f 702/1/702 573/1/573 572/1/572
f 716/1/716 572/1/572 419/1/419
f 717/1/717 720/1/720 718/1/718
f 707/1/707 706/1/706 720/1/720
f 720/1/720 706/1/706 580/1/580
f 720/1/720 570/1/570 568/1/568
f 721/1/721 724/1/724 722/1/722
f 724/1/724 709/1/709 711/1/711
f 711/1/711 566/1/566 564/1/564
f 722/1/722 564/1/564 556/1/556
f 725/1/725 729/1/729 726/1/726
f 728/1/728 730/1/730 729/1/729
f 730/1/730 361/1/361 562/1/562
f 729/1/729 562/1/562 383/1/383
f 731/1/731 734/1/734 732/1/732
f 734/1/734 719/1/719 718/1/718
f 718/1/718 568/1/568 560/1/560
f 732/1/732 560/1/560 558/1/558
f 735/1/735 738/1/738 736/1/736
f 738/1/738 721/1/721 723/1/723
f 723/1/723 556/1/556 554/1/554
f 736/1/736 554/1/554 545/1/545
f 739/1/739 743/1/743 740/1/740
f 742/1/742 850/1/850 743/1/743
f 743/1/743 850/1/850 442/1/442
f 740/1/740 743/1/743 553/1/553
f 744/1/744 747/1/747 745/1/745
f 744/1/744 731/1/731 733/1/733
f 747/1/747 733/1/733 558/1/558
f 745/1/745 747/1/747 549/1/549
f 748/1/748 751/1/751 749/1/749
f 751/1/751 735/1/735 737/1/737
f 737/1/737 545/1/545 543/1/543
f 749/1/749 543/1/543 531/1/531
f 752/1/752 755/1/755 662/1/662
f 754/1/754 1090/1/1090 755/1/755
f 755/1/755 1090/1/1090 540/1/540
f 755/1/755 537/1/537 539/1/539
f 756/1/756 759/1/759 757/1/757
f 759/1/759 746/1/746 745/1/745
f 745/1/745 547/1/547 535/1/535
f 757/1/757 535/1/535 533/1/533
f 760/1/760 763/1/763 761/1/761
f 763/1/763 748/1/748 750/1/750
f 750/1/750 531/1/531 529/1/529
f 761/1/761 529/1/529 523/1/523
f 764/1/764 767/1/767 765/1/765
f 756/1/756 758/1/758 765/1/765
f 758/1/758 533/1/533 527/1/527
f 765/1/765 527/1/527 525/1/525
f 768/1/768 771/1/771 769/1/769
f 760/1/760 762/1/762 771/1/771
f 762/1/762 523/1/523 521/1/521
f 769/1/769 771/1/771 521/1/521
f 772/1/772 775/1/775 773/1/773
f 775/1/775 650/1/650 652/1/652
f 652/1/652 518/1/518 519/1/519
f 773/1/773 519/1/519 516/1/516
f 776/1/776 779/1/779 777/1/777
f 776/1/776 764/1/764 766/1/766
f 766/1/766 525/1/525 514/1/514
f 779/1/779 514/1/514 506/1/506
f 780/1/780 783/1/783 781/1/781
f 770/1/770 769/1/769 783/1/783
f 769/1/769 510/1/510 508/1/508
f 783/1/783 508/1/508 502/1/502
f 784/1/784 787/1/787 785/1/785
f 778/1/778 777/1/777 787/1/787
f 787/1/787 777/1/777 506/1/506
f 787/1/787 504/1/504 498/1/498
f 788/1/788 791/1/791 789/1/789
f 782/1/782 781/1/781 791/1/791
f 791/1/791 781/1/781 502/1/502
f 789/1/789 791/1/791 500/1/500
f 792/1/792 795/1/795 793/1/793
f 786/1/786 785/1/785 795/1/795
f 795/1/795 785/1/785 498/1/498
f 795/1/795 496/1/496 490/1/490
f 796/1/796 799/1/799 797/1/797
f 790/1/790 789/1/789 797/1/797
f 797/1/797 789/1/789 494/1/494
f 798/1/798 797/1/797 492/1/492
f 800/1/800 803/1/803 801/1/801
f 800/1/800 794/1/794 793/1/793
f 793/1/793 490/1/490 488/1/488
f 801/1/801 803/1/803 488/1/488
f 804/1/804 807/1/807 805/1/805
f 796/1/796 798/1/798 805/1/805
f 798/1/798 493/1/493 486/1/486
f 805/1/805 486/1/486 484/1/484
f 808/1/808 811/1/811 809/1/809
f 802/1/802 801/1/801 809/1/809
f 809/1/809 801/1/801 482/1/482
f 809/1/809 480/1/480 474/1/474
f 812/1/812 815/1/815 813/1/813
f 812/1/812 804/1/804 806/1/806
f 806/1/806 484/1/484 478/1/478
f 815/1/815 478/1/478 476/1/476
f 816/1/816 819/1/819 817/1/817
f 808/1/808 810/1/810 817/1/817
f 817/1/817 810/1/810 474/1/474
f 817/1/817 472/1/472 463/1/463
f 820/1/820 823/1/823 821/1/821
f 814/1/814 813/1/813 823/1/823
f 823/1/823 813/1/813 476/1/476
f 823/1/823 470/1/470 468/1/468
f 824/1/824 827/1/827 825/1/825
f 827/1/827 876/1/876 828/1/828
f 828/1/828 407/1/407 465/1/465
f 826/1/826 825/1/825 465/1/465
f 829/1/829 832/1/832 830/1/830
f 816/1/816 818/1/818 832/1/832
f 818/1/818 463/1/463 461/1/461
f 832/1/832 461/1/461 452/1/452
f 833/1/833 836/1/836 834/1/834
f 822/1/822 821/1/821 836/1/836
f 836/1/836 821/1/821 468/1/468
f 834/1/834 836/1/836 459/1/459
f 837/1/837 840/1/840 838/1/838
f 837/1/837 824/1/824 826/1/826
f 840/1/840 826/1/826 455/1/455
f 840/1/840 454/1/454 443/1/443
f 841/1/841 844/1/844 842/1/842
f 831/1/831 830/1/830 842/1/842
f 842/1/842 830/1/830 452/1/452
f 843/1/843 842/1/842 450/1/450
f 845/1/845 848/1/848 846/1/846
f 835/1/835 834/1/834 848/1/848
f 848/1/848 834/1/834 457/1/457
f 848/1/848 448/1/448 446/1/446
f 849/1/849 851/1/851 850/1/850
f 839/1/839 838/1/838 851/1/851
f 851/1/851 838/1/838 443/1/443
f 850/1/850 851/1/851 440/1/440
f 852/1/852 855/1/855 853/1/853
f 841/1/841 843/1/843 855/1/855
f 855/1/855 843/1/843 438/1/438
f 855/1/855 436/1/436 437/1/437
f 856/1/856 859/1/859 857/1/857
f 847/1/847 846/1/846 859/1/859
f 846/1/846 446/1/446 434/1/434
f 859/1/859 434/1/434 432/1/432
f 860/1/860 863/1/863 861/1/861
f 854/1/854 853/1/853 863/1/863
f 863/1/863 853/1/853 437/1/437
f 863/1/863 430/1/430 428/1/428
f 864/1/864 867/1/867 865/1/865
f 864/1/864 858/1/858 857/1/857
f 867/1/867 857/1/857 432/1/432
f 865/1/865 867/1/867 426/1/426
f 868/1/868 871/1/871 869/1/869
f 715/1/715 714/1/714 871/1/871
f 871/1/871 714/1/714 419/1/419
f 869/1/869 871/1/871 416/1/416
f 872/1/872 875/1/875 873/1/873
f 862/1/862 861/1/861 875/1/875
f 875/1/875 861/1/861 428/1/428
f 873/1/873 875/1/875 414/1/414
f 876/1/876 878/1/878 877/1/877
f 878/1/878 866/1/866 865/1/865
f 865/1/865 424/1/424 410/1/410
f 877/1/877 410/1/410 407/1/407
f 879/1/879 882/1/882 880/1/880
f 882/1/882 772/1/772 774/1/774
f 774/1/774 516/1/516 403/1/403
f 880/1/880 403/1/403 388/1/388
f 883/1/883 886/1/886 884/1/884
f 741/1/741 740/1/740 886/1/886
f 886/1/886 740/1/740 551/1/551
f 884/1/884 886/1/886 398/1/398
f 887/1/887 890/1/890 888/1/888
f 887/1/887 874/1/874 873/1/873
f 873/1/873 412/1/412 396/1/396
f 890/1/890 396/1/396 394/1/394
f 891/1/891 894/1/894 892/1/892
f 657/1/657 656/1/656 894/1/894
f 894/1/894 656/1/656 392/1/392
f 894/1/894 390/1/390 374/1/374
f 895/1/895 898/1/898 896/1/896
f 879/1/879 881/1/881 898/1/898
f 881/1/881 388/1/388 386/1/386
f 898/1/898 386/1/386 371/1/371
f 899/1/899 901/1/901 704/1/704
f 727/1/727 726/1/726 901/1/901
f 726/1/726 383/1/383 380/1/380
f 901/1/901 380/1/380 382/1/382
f 902/1/902 905/1/905 903/1/903
f 905/1/905 889/1/889 888/1/888
f 888/1/888 394/1/394 378/1/378
f 903/1/903 378/1/378 376/1/376
f 906/1/906 909/1/909 907/1/907
f 893/1/893 892/1/892 909/1/909
f 909/1/909 892/1/892 374/1/374
f 909/1/909 373/1/373 362/1/362
f 910/1/910 913/1/913 911/1/911
f 897/1/897 896/1/896 913/1/913
f 896/1/896 371/1/371 369/1/369
f 913/1/913 369/1/369 370/1/370
f 914/1/914 917/1/917 915/1/915
f 914/1/914 902/1/902 904/1/904
f 904/1/904 376/1/376 367/1/367
f 915/1/915 917/1/917 367/1/367
f 918/1/918 919/1/919 730/1/730
f 908/1/908 907/1/907 919/1/919
f 919/1/919 907/1/907 362/1/362
f 919/1/919 359/1/359 361/1/361
f 920/1/920 923/1/923 921/1/921
f 920/1/920 912/1/912 911/1/911
f 923/1/923 911/1/911 370/1/370
f 921/1/921 923/1/923 357/1/357
f 924/1/924 926/1/926 925/1/925
f 926/1/926 916/1/916 915/1/915
f 925/1/925 915/1/915 365/1/365
f 925/1/925 353/1/353 350/1/350
f 927/1/927 929/1/929 928/1/928
f 922/1/922 921/1/921 928/1/928
f 928/1/928 921/1/921 355/1/355
f 928/1/928 348/1/348 345/1/345
f 25/1/25 22/1/22 930/1/930
f 23/1/23 932/1/932 930/1/930
f 932/1/932 922/1/922 929/1/929
f 930/1/930 929/1/929 927/1/927
f 128/1/128 126/1/126 933/1/933
f 127/1/127 935/1/935 933/1/933
f 935/1/935 916/1/916 926/1/926
f 933/1/933 926/1/926 924/1/924
f 23/1/23 20/1/20 936/1/936
f 21/1/21 937/1/937 936/1/936
f 937/1/937 912/1/912 920/1/920
f 936/1/936 920/1/920 922/1/922
f 75/1/75 72/1/72 938/1/938
f 72/1/72 73/1/73 940/1/940
f 938/1/938 940/1/940 908/1/908
f 939/1/939 938/1/938 918/1/918
f 127/1/127 124/1/124 941/1/941
f 125/1/125 942/1/942 941/1/941
f 942/1/942 902/1/902 914/1/914
f 941/1/941 914/1/914 916/1/916
f 21/1/21 18/1/18 943/1/943
f 19/1/19 951/1/951 943/1/943
f 943/1/943 951/1/951 897/1/897
f 937/1/937 943/1/943 910/1/910
f 73/1/73 70/1/70 944/1/944
f 71/1/71 953/1/953 944/1/944
f 944/1/944 953/1/953 893/1/893
f 940/1/940 944/1/944 906/1/906
f 125/1/125 122/1/122 945/1/945
f 123/1/123 946/1/946 945/1/945
f 946/1/946 889/1/889 905/1/905
f 945/1/945 905/1/905 902/1/902
f 163/1/163 164/1/164 947/1/947
f 164/1/164 161/1/161 949/1/949
f 947/1/947 949/1/949 727/1/727
f 948/1/948 947/1/947 899/1/899
f 19/1/19 16/1/16 950/1/950
f 17/1/17 960/1/960 950/1/950
f 950/1/950 960/1/960 879/1/879
f 951/1/951 950/1/950 895/1/895
f 71/1/71 68/1/68 952/1/952
f 69/1/69 1075/1/1075 952/1/952
f 952/1/952 1075/1/1075 657/1/657
f 953/1/953 952/1/952 891/1/891
f 123/1/123 120/1/120 954/1/954
f 121/1/121 955/1/955 954/1/954
f 955/1/955 874/1/874 887/1/887
f 954/1/954 887/1/887 889/1/889
f 168/1/168 167/1/167 956/1/956
f 156/1/156 958/1/958 956/1/956
f 958/1/958 741/1/741 883/1/883
f 957/1/957 956/1/956 883/1/883
f 17/1/17 14/1/14 959/1/959
f 15/1/15 961/1/961 959/1/959
f 961/1/961 772/1/772 882/1/882
f 960/1/960 959/1/959 882/1/882
f 5/1/5 1/1/1 962/1/962
f 3/1/3 964/1/964 962/1/962
f 964/1/964 866/1/866 878/1/878
f 962/1/962 878/1/878 876/1/876
f 121/1/121 118/1/118 965/1/965
f 119/1/119 966/1/966 965/1/965
f 966/1/966 862/1/862 872/1/872
f 965/1/965 872/1/872 874/1/874
f 967/1/967 970/1/970 968/1/968
f 970/1/970 1044/1/1044 971/1/971
f 968/1/968 971/1/971 715/1/715
f 969/1/969 968/1/968 868/1/868
f 3/1/3 2/1/2 972/1/972
f 64/1/64 973/1/973 972/1/972
f 973/1/973 858/1/858 864/1/864
f 972/1/972 864/1/864 866/1/866
f 119/1/119 116/1/116 974/1/974
f 117/1/117 975/1/975 974/1/974
f 975/1/975 854/1/854 860/1/860
f 974/1/974 860/1/860 862/1/862
f 64/1/64 62/1/62 976/1/976
f 63/1/63 977/1/977 976/1/976
f 977/1/977 847/1/847 856/1/856
f 976/1/976 856/1/856 858/1/858
f 117/1/117 114/1/114 978/1/978
f 115/1/115 985/1/985 978/1/978
f 978/1/978 985/1/985 841/1/841
f 975/1/975 978/1/978 852/1/852
f 11/1/11 8/1/8 979/1/979
f 8/1/8 9/1/9 981/1/981
f 979/1/979 981/1/981 839/1/839
f 980/1/980 979/1/979 849/1/849
f 63/1/63 60/1/60 982/1/982
f 61/1/61 983/1/983 982/1/982
f 983/1/983 835/1/835 845/1/845
f 982/1/982 845/1/845 847/1/847
f 115/1/115 112/1/112 984/1/984
f 113/1/113 990/1/990 984/1/984
f 984/1/984 990/1/990 831/1/831
f 985/1/985 984/1/984 844/1/844
f 9/1/9 6/1/6 986/1/986
f 7/1/7 992/1/992 986/1/986
f 986/1/986 992/1/992 824/1/824
f 981/1/981 986/1/986 837/1/837
f 61/1/61 58/1/58 987/1/987
f 59/1/59 988/1/988 987/1/987
f 988/1/988 822/1/822 833/1/833
f 987/1/987 833/1/833 835/1/835
f 113/1/113 110/1/110 989/1/989
f 111/1/111 996/1/996 989/1/989
f 989/1/989 996/1/996 816/1/816
f 990/1/990 989/1/989 829/1/829
f 7/1/7 4/1/4 991/1/991
f 5/1/5 963/1/963 991/1/991
f 991/1/991 963/1/963 876/1/876
f 992/1/992 991/1/991 827/1/827
f 59/1/59 56/1/56 993/1/993
f 57/1/57 994/1/994 993/1/993
f 994/1/994 814/1/814 820/1/820
f 993/1/993 820/1/820 822/1/822
f 111/1/111 108/1/108 995/1/995
f 109/1/109 1000/1/1000 995/1/995
f 995/1/995 1000/1/1000 808/1/808
f 996/1/996 995/1/995 819/1/819
f 57/1/57 54/1/54 997/1/997
f 55/1/55 998/1/998 997/1/997
f 998/1/998 804/1/804 812/1/812
f 997/1/997 812/1/812 814/1/814
f 109/1/109 106/1/106 999/1/999
f 107/1/107 1004/1/1004 999/1/999
f 999/1/999 1004/1/1004 802/1/802
f 1000/1/1000 999/1/999 811/1/811
f 55/1/55 52/1/52 1001/1/1001
f 53/1/53 1002/1/1002 1001/1/1001
f 1002/1/1002 796/1/796 807/1/807
f 1001/1/1001 807/1/807 804/1/804
f 107/1/107 104/1/104 1003/1/1003
f 105/1/105 1007/1/1007 1003/1/1003
f 1003/1/1003 1007/1/1007 794/1/794
f 1004/1/1004 1003/1/1003 800/1/800
f 53/1/53 50/1/50 1005/1/1005
f 51/1/51 1009/1/1009 1005/1/1005
f 1005/1/1005 1009/1/1009 790/1/790
f 1002/1/1002 1005/1/1005 799/1/799
f 105/1/105 102/1/102 1006/1/1006
f 103/1/103 1011/1/1011 1006/1/1006
f 1006/1/1006 1011/1/1011 786/1/786
f 1007/1/1007 1006/1/1006 792/1/792
f 51/1/51 48/1/48 1008/1/1008
f 49/1/49 1013/1/1013 1008/1/1008
f 1008/1/1008 1013/1/1013 782/1/782
f 1009/1/1009 1008/1/1008 788/1/788
f 103/1/103 100/1/100 1010/1/1010
f 101/1/101 1015/1/1015 1010/1/1010
f 1010/1/1010 1015/1/1015 778/1/778
f 1011/1/1011 1010/1/1010 784/1/784
f 49/1/49 46/1/46 1012/1/1012
f 47/1/47 1020/1/1020 1012/1/1012
f 1012/1/1012 1020/1/1020 770/1/770
f 1013/1/1013 1012/1/1012 780/1/780
f 101/1/101 98/1/98 1014/1/1014
f 99/1/99 1016/1/1016 1014/1/1014
f 1016/1/1016 764/1/764 776/1/776
f 1014/1/1014 776/1/776 778/1/778
f 133/1/133 1018/1/1018 961/1/961
f 133/1/133 132/1/132 1017/1/1017
f 1018/1/1018 1017/1/1017 650/1/650
f 1018/1/1018 775/1/775 772/1/772
f 47/1/47 44/1/44 1019/1/1019
f 45/1/45 1024/1/1024 1019/1/1019
f 1019/1/1019 1024/1/1024 760/1/760
f 1020/1/1020 1019/1/1019 768/1/768
f 99/1/99 96/1/96 1021/1/1021
f 97/1/97 1022/1/1022 1021/1/1021
f 1022/1/1022 756/1/756 767/1/767
f 1021/1/1021 767/1/767 764/1/764
f 45/1/45 42/1/42 1023/1/1023
f 43/1/43 1031/1/1031 1023/1/1023
f 1023/1/1023 1031/1/1031 748/1/748
f 1024/1/1024 1023/1/1023 763/1/763
f 97/1/97 94/1/94 1025/1/1025
f 95/1/95 1026/1/1026 1025/1/1025
f 1026/1/1026 746/1/746 759/1/759
f 1025/1/1025 759/1/759 756/1/756
f 79/1/79 137/1/137 1027/1/1027
f 137/1/137 155/1/155 1029/1/1029
f 1027/1/1027 1029/1/1029 754/1/754
f 1028/1/1028 1027/1/1027 752/1/752
f 43/1/43 40/1/40 1030/1/1030
f 41/1/41 1036/1/1036 1030/1/1030
f 1030/1/1030 1036/1/1036 735/1/735
f 1031/1/1031 1030/1/1030 751/1/751
f 95/1/95 92/1/92 1032/1/1032
f 93/1/93 1033/1/1033 1032/1/1032
f 1033/1/1033 731/1/731 744/1/744
f 1032/1/1032 744/1/744 746/1/746
f 139/1/139 1034/1/1034 958/1/958
f 139/1/139 11/1/11 980/1/980
f 1034/1/1034 980/1/980 742/1/742
f 1034/1/1034 739/1/739 741/1/741
f 41/1/41 38/1/38 1035/1/1035
f 39/1/39 1041/1/1041 1035/1/1035
f 1035/1/1035 1041/1/1041 721/1/721
f 1036/1/1036 1035/1/1035 738/1/738
f 93/1/93 90/1/90 1037/1/1037
f 91/1/91 1038/1/1038 1037/1/1037
f 1038/1/1038 719/1/719 734/1/734
f 1037/1/1037 734/1/734 731/1/731
f 161/1/161 143/1/143 1039/1/1039
f 143/1/143 75/1/75 939/1/939
f 1039/1/1039 939/1/939 728/1/728
f 949/1/949 1039/1/1039 725/1/725
f 39/1/39 36/1/36 1040/1/1040
f 37/1/37 1047/1/1047 1040/1/1040
f 1040/1/1040 1047/1/1047 709/1/709
f 1041/1/1041 1040/1/1040 724/1/724
f 91/1/91 88/1/88 1042/1/1042
f 89/1/89 1043/1/1043 1042/1/1042
f 1043/1/1043 707/1/707 717/1/717
f 1042/1/1042 717/1/717 719/1/719
f 1044/1/1044 153/1/153 1045/1/1045
f 165/1/165 1052/1/1052 1045/1/1045
f 1045/1/1045 1052/1/1052 700/1/700
f 971/1/971 1045/1/1045 713/1/713
f 37/1/37 34/1/34 1046/1/1046
f 35/1/35 1048/1/1048 1046/1/1046
f 1048/1/1048 696/1/696 712/1/712
f 1046/1/1046 712/1/712 709/1/709
f 89/1/89 86/1/86 1049/1/1049
f 87/1/87 1050/1/1050 1049/1/1049
f 1050/1/1050 694/1/694 705/1/705
f 1049/1/1049 705/1/705 707/1/707
f 165/1/165 1053/1/1053 1051/1/1051
f 1053/1/1053 163/1/163 948/1/948
f 1051/1/1051 948/1/948 900/1/900
f 1052/1/1052 1051/1/1051 703/1/703
f 35/1/35 32/1/32 1054/1/1054
f 33/1/33 1055/1/1055 1054/1/1054
f 1055/1/1055 687/1/687 699/1/699
f 1054/1/1054 699/1/699 696/1/696
f 87/1/87 84/1/84 1056/1/1056
f 85/1/85 1057/1/1057 1056/1/1056
f 1057/1/1057 681/1/681 692/1/692
f 1056/1/1056 692/1/692 694/1/694
f 148/1/148 1059/1/1059 1058/1/1058
f 160/1/160 1060/1/1060 1059/1/1059
f 1060/1/1060 678/1/678 689/1/689
f 1059/1/1059 689/1/689 690/1/690
f 33/1/33 30/1/30 1061/1/1061
f 31/1/31 1062/1/1062 1061/1/1061
f 1062/1/1062 672/1/672 685/1/685
f 1061/1/1061 685/1/685 687/1/687
f 85/1/85 82/1/82 1063/1/1063
f 83/1/83 1069/1/1069 1063/1/1063
f 1063/1/1063 1069/1/1069 670/1/670
f 1057/1/1057 1063/1/1063 684/1/684
f 159/1/159 1065/1/1065 1060/1/1060
f 159/1/159 1116/1/1116 1064/1/1064
f 1065/1/1065 1064/1/1064 679/1/679
f 1060/1/1060 1065/1/1065 676/1/676
f 31/1/31 28/1/28 1066/1/1066
f 29/1/29 1067/1/1067 1066/1/1066
f 1067/1/1067 666/1/666 675/1/675
f 1066/1/1066 675/1/675 672/1/672
f 83/1/83 80/1/80 1068/1/1068
f 81/1/81 1073/1/1073 1068/1/1068
f 1068/1/1068 1073/1/1073 661/1/661
f 1069/1/1069 1068/1/1068 668/1/668
f 29/1/29 26/1/26 1070/1/1070
f 27/1/27 1071/1/1071 1070/1/1070
f 1071/1/1071 645/1/645 664/1/664
f 1070/1/1070 664/1/664 666/1/666
f 81/1/81 78/1/78 1072/1/1072
f 79/1/79 1028/1/1028 1072/1/1072
f 1028/1/1028 753/1/753 659/1/659
f 1073/1/1073 1072/1/1072 659/1/659
f 69/1/69 65/1/65 1074/1/1074
f 67/1/67 1076/1/1076 1074/1/1074
f 1076/1/1076 642/1/642 655/1/655
f 1074/1/1074 655/1/655 657/1/657
f 132/1/132 150/1/150 1077/1/1077
f 149/1/149 1058/1/1058 1077/1/1077
f 1058/1/1058 690/1/690 653/1/653
f 1077/1/1077 653/1/653 650/1/650
f 27/1/27 24/1/24 1078/1/1078
f 25/1/25 931/1/931 1078/1/1078
f 931/1/931 927/1/927 648/1/648
f 1078/1/1078 648/1/648 645/1/645
f 67/1/67 66/1/66 1079/1/1079
f 128/1/128 934/1/934 1079/1/1079
f 934/1/934 924/1/924 640/1/640
f 1079/1/1079 640/1/640 642/1/642
f 169/1/169 1082/1/1082 1080/1/1080
f 1082/1/1082 967/1/967 969/1/969
f 1080/1/1080 969/1/969 870/1/870
f 1081/1/1081 1080/1/1080 1083/1/1083
f 155/1/155 1086/1/1086 1085/1/1085
f 1086/1/1086 1110/1/1110 1087/1/1087
f 1085/1/1085 1087/1/1087 1088/1/1088
f 1029/1/1029 1085/1/1085 1089/1/1089
f 1089/1/1089 1092/1/1092 1090/1/1090
f 1089/1/1089 1088/1/1088 1091/1/1091
f 1091/1/1091 1101/1/1101 1093/1/1093
f 1090/1/1090 1092/1/1092 1093/1/1093
f 1084/1/1084 1083/1/1083 1094/1/1094
f 870/1/870 869/1/869 1094/1/1094
f 869/1/869 418/1/418 1096/1/1096
f 1094/1/1094 1096/1/1096 1097/1/1097
f 1096/1/1096 1099/1/1099 1098/1/1098
f 418/1/418 417/1/417 1099/1/1099
f 417/1/417 423/1/423 1100/1/1100
f 1099/1/1099 1100/1/1100 344/1/344
f 1093/1/1093 1102/1/1102 542/1/542
f 1101/1/1101 1103/1/1103 1102/1/1102
f 1103/1/1103 1105/1/1105 1104/1/1104
f 1102/1/1102 1104/1/1104 327/1/327
f 1104/1/1104 1106/1/1106 328/1/328
f 1105/1/1105 1107/1/1107 1106/1/1106
f 1107/1/1107 423/1/423 422/1/422
f 1106/1/1106 422/1/422 575/1/575
f 154/1/154 1108/1/1108 1086/1/1086
f 1044/1/1044 970/1/970 1108/1/1108
f 970/1/970 967/1/967 1109/1/1109
f 1108/1/1108 1109/1/1109 1110/1/1110
f 1111/1/1111 1112/1/1112 612/1/612
f 1097/1/1097 1098/1/1098 1112/1/1112
f 1098/1/1098 344/1/344 343/1/343
f 1112/1/1112 343/1/343 334/1/334
f 679/1/679 1115/1/1115 1113/1/1113
f 1115/1/1115 1084/1/1084 1095/1/1095
f 1095/1/1095 1097/1/1097 1111/1/1111
f 1113/1/1113 1111/1/1111 610/1/610
f 1116/1/1116 171/1/171 1117/1/1117
f 171/1/171 169/1/169 1081/1/1081
f 1117/1/1117 1081/1/1081 1084/1/1084
f 1064/1/1064 1117/1/1117 1115/1/1115
f 1110/1/1110 1119/1/1119 1118/1/1118
f 1119/1/1119 168/1/168 957/1/957
f 1118/1/1118 957/1/957 885/1/885
f 1087/1/1087 1118/1/1118 1120/1/1120
f 1088/1/1088 1120/1/1120 1121/1/1121
f 1120/1/1120 885/1/885 884/1/884
f 1121/1/1121 884/1/884 400/1/400
f 1121/1/1121 1122/1/1122 1101/1/1101
f 1122/1/1122 1123/1/1123 1103/1/1103
f 400/1/400 399/1/399 1123/1/1123
f 399/1/399 341/1/341 1124/1/1124
f 1123/1/1123 1124/1/1124 1105/1/1105
f 1124/1/1124 1125/1/1125 1107/1/1107
f 341/1/341 340/1/340 1125/1/1125
f 340/1/340 344/1/344 1100/1/1100
f 1125/1/1125 1100/1/1100 423/1/423
f 1109/1/1109 1126/1/1126 1119/1/1119
f 967/1/967 1082/1/1082 1126/1/1126
f 1082/1/1082 169/1/169 166/1/166
f 1126/1/1126 166/1/166 168/1/168
# Vertices: 1130, normals: 1130, texture coordinates: 1, faces: 2256

