# File generated by ImageToStl.com - Free Image and 3D model conversion tools

mtllib violinprefab.mtl

o obj1
v 0 -2.80658027 1.64878203
v 0 8.22742828 0.72750208
v 0.37910709 8.22742828 0.72750208
v 0.38987949 -2.80658027 1.64878203
v 0.48791212 8.22379771 0.68508024
v 0.77975899 -2.81958966 1.49677248
v 0.48791212 8.22905724 0.74653575
v 0.77975899 -2.80074327 1.71698507
v 0 -2.80658027 1.64878203
v 0.38987949 -2.80658027 1.64878203
v 0.38987949 -2.78773388 1.86899464
v 0 -2.78773388 1.86899464
v 0.37910709 8.22742828 0.72750208
v 0.37910709 8.23268781 0.78895758
v 0 8.22742828 0.72750208
v 0 8.23268781 0.78895758
v 0.38987949 -2.78773388 1.86899464
v 0.37910709 8.23268781 0.78895758
v 0 8.23268781 0.78895758
v 0 -2.78773388 1.86899464
v -0.38987949 -2.80658027 1.64878203
v -0.37910709 8.22742828 0.72750208
v -0.77975899 -2.81958966 1.49677248
v -0.48791212 8.22379771 0.68508024
v -0.77975899 -2.80074327 1.71698507
v -0.48791212 8.22905724 0.74653575
v -0.38987949 -2.78773388 1.86899464
v -0.38987949 -2.80658027 1.64878203
v -0.37910709 8.23268781 0.78895758
v -0.37910709 8.22742828 0.72750208
v -0.38987949 -2.78773388 1.86899464
v -0.37910709 8.23268781 0.78895758
v 2.28250444 -5.81579488 0.89814821
v 2.28391066 -5.84068909 0.14626546
v 2.33850675 -5.73738081 0.20186783
v 2.33710053 -5.7124866 0.95375064
v 2.66767988 -5.9631111 0.89814801
v 2.6690861 -5.98800531 0.14626533
v 2.58900671 -6.11987049 0.25162741
v 2.58760049 -6.09497629 1.00351015
v 1.54839495 -4.97179568 0.94826739
v 1.54980117 -4.99668921 0.19638466
v 1.51737017 -3.96421643 0.22832106
v 1.51596396 -3.93932222 0.98020381
v 2.66591598 -5.81133814 0.89814819
v 2.66732219 -5.83623302 0.1462655
v 2.25899829 -6.22454803 1.03379577
v 2.26040432 -6.24944223 0.28191309
v 2.41850935 -6.09229669 0.2516274
v 2.41710314 -6.06740248 1.00351015
v 1.10775578 -3.86389939 1.01535441
v 1.109162 -3.88879292 0.26347167
v 0.96022358 -3.89381987 0.2634716
v 0.95881737 -3.86892566 1.01535434
v 2.28567438 -5.99246138 0.14626529
v 2.28426816 -5.96756718 0.89814797
v 1.90874252 -6.23757325 1.0074703
v 1.91014873 -6.26246747 0.25558749
v 1.64958589 -5.73102068 0.23465118
v 1.64817967 -5.70612648 0.98653393
v 2.2671043 -6.3363949 1.03379573
v 2.26851033 -6.36128977 0.28191311
v 1.11608432 -3.71035 0.966206
v 1.11749054 -3.7352442 0.21432332
v 1.109162 -3.88879292 0.26347167
v 1.10775578 -3.86389939 1.01535441
v 1.85484396 -5.70612648 0.98653393
v 1.85625017 -5.73102068 0.23465118
v 2.03861931 -6.15926083 0.25558751
v 2.03721309 -6.13436662 1.00747025
v 1.83299834 -4.99668921 0.19638466
v 1.72598799 -3.89652715 0.22832114
v 1.41866084 -3.45838783 0.2686222
v 1.34145347 -3.57363966 0.26862218
v 1.06371142 -3.49534725 0.26862219
v 1.15453319 -3.60020563 0.26862226
v 0.87031156 -3.74358683 0.21432327
v 2.61072126 -5.73421665 0.20186786
v 1.41725463 -3.43349362 1.02050488
v 1.72458177 -3.87163362 0.98020388
v 1.83159213 -4.97179568 0.94826739
v 2.60931504 -5.70932245 0.95375054
v 0.86890525 -3.71869329 0.96620607
v 1.06230521 -3.47045305 1.02050487
v 2.61072126 -5.73421665 0.20186786
v 2.60931504 -5.70932245 0.95375054
v 1.34004726 -3.54874477 1.02050493
v 1.15312697 -3.57531143 1.02050493
v -2.28250444 -5.81579488 0.89814821
v -2.33710053 -5.7124866 0.95375064
v -2.33850675 -5.73738081 0.20186783
v -2.28391066 -5.84068909 0.14626546
v -2.66767988 -5.9631111 0.89814801
v -2.58760049 -6.09497629 1.00351015
v -2.58900671 -6.11987049 0.25162741
v -2.6690861 -5.98800531 0.14626533
v -1.54839495 -4.97179568 0.94826739
v -1.51596396 -3.93932222 0.98020381
v -1.51737017 -3.96421643 0.22832106
v -1.54980117 -4.99668921 0.19638466
v -2.66591598 -5.81133814 0.89814819
v -2.66732219 -5.83623302 0.1462655
v -2.25899829 -6.22454803 1.03379577
v -2.41710314 -6.06740248 1.00351015
v -2.41850935 -6.09229669 0.2516274
v -2.26040432 -6.24944223 0.28191309
v -1.10775578 -3.86389939 1.01535441
v -0.95881737 -3.86892566 1.01535434
v -0.96022358 -3.89381987 0.2634716
v -1.109162 -3.88879292 0.26347167
v -2.28426816 -5.96756718 0.89814797
v -2.28567438 -5.99246138 0.14626529
v -1.90874252 -6.23757325 1.0074703
v -1.64817967 -5.70612648 0.98653393
v -1.64958589 -5.73102068 0.23465118
v -1.91014873 -6.26246747 0.25558749
v -2.2671043 -6.3363949 1.03379573
v -2.26851033 -6.36128977 0.28191311
v -1.11608432 -3.71035 0.966206
v -1.10775578 -3.86389939 1.01535441
v -1.109162 -3.88879292 0.26347167
v -1.11749054 -3.7352442 0.21432332
v -1.85484396 -5.70612648 0.98653393
v -2.03721309 -6.13436662 1.00747025
v -2.03861931 -6.15926083 0.25558751
v -1.85625017 -5.73102068 0.23465118
v -1.83299834 -4.99668921 0.19638466
v -1.72598799 -3.89652715 0.22832114
v -1.34145347 -3.57363966 0.26862218
v -1.41866084 -3.45838783 0.2686222
v -1.15453319 -3.60020563 0.26862226
v -1.06371142 -3.49534725 0.26862219
v -0.87031156 -3.74358683 0.21432327
v -2.61072126 -5.73421665 0.20186786
v -1.41725463 -3.43349362 1.02050488
v -1.72458177 -3.87163362 0.98020388
v -1.83159213 -4.97179568 0.94826739
v -2.60931504 -5.70932245 0.95375054
v -0.86890525 -3.71869329 0.96620607
v -1.06230521 -3.47045305 1.02050487
v -2.60931504 -5.70932245 0.95375054
v -2.61072126 -5.73421665 0.20186786
v -1.34004726 -3.54874477 1.02050493
v -1.15312697 -3.57531143 1.02050493
v -0 -8.14489178 1.69500961
v -0 -6.97295427 1.90810031
v 0.79447973 -6.95709424 1.92115651
v 0.67564291 -8.05750517 1.71589956
v 0.79447973 -7.01680266 1.56375927
v 0.67564291 -8.11721359 1.35850231
v -0 -8.2046002 1.33761237
v -0 -8.74194371 1.25519694
v 0.46024611 -8.67561793 1.27105237
v -0 -6.97295427 1.90810031
v -0 -7.03266202 1.55070301
v -0 -7.03266202 1.55070301
v -0 -8.79312204 1.52957298
v 0.46024611 -8.72679626 1.54542835
v 0.36830968 -9.82752008 1.2763865
v -0 -9.86170634 1.26821392
v 0.54265726 -11.6256528 0.76381257
v -0 -11.65984039 0.75564024
v 0.36830968 -9.80113956 1.13496199
v -0 -9.83532716 1.12678953
v -0 -11.65984039 0.75564024
v 0.54265726 -11.59927363 0.62238818
v -0 -11.63345989 0.6142156
v -0 -11.63345989 0.6142156
v -0.67564291 -8.05750517 1.71589956
v -0.79447973 -6.95709424 1.92115651
v -0.67564291 -8.11721359 1.35850231
v -0.79447973 -7.01680266 1.56375927
v -0.46024611 -8.67561793 1.27105237
v -0.36830968 -9.82752008 1.2763865
v -0.46024611 -8.72679626 1.54542835
v -0.54265726 -11.6256528 0.76381257
v -0.36830968 -9.80113956 1.13496199
v -0.54265726 -11.59927363 0.62238818
v -0.94228178 -9.52625975 1.13817967
v -0.94228178 -9.52625943 1.49483109
v -0.52256096 -9.60908231 1.49483108
v -0.52256096 -9.60908128 1.13817961
v -0.12470025 -9.72664064 1.4948311
v -0.12470025 -9.72664096 1.13817968
v 0.23601077 -9.87441747 1.49483105
v 0.23601077 -9.87441779 1.13817963
v 0.54571012 -10.04673381 1.49483101
v 0.54571012 -10.04673413 1.13817959
v 0.79249636 -10.23696778 1.49483103
v 0.79249636 -10.2369681 1.13817961
v 0.96688554 -10.43780893 1.494831
v 0.96688554 -10.43780925 1.13817965
v 1.062176 -10.64153828 1.49483098
v 1.062176 -10.64153859 1.13817963
v 1.0747059 -10.8403286 1.49483111
v 1.0747059 -10.84032758 1.13817958
v 1.00399354 -11.0265367 1.49483095
v 1.00399354 -11.02653702 1.13817954
v 0.85275636 -11.19301035 1.49483103
v 0.85275636 -11.19301067 1.13817961
v 0.62680643 -11.33335092 1.49483104
v 0.62680643 -11.3333499 1.13817951
v 0.334827 -11.4421635 1.49483095
v 0.334827 -11.44216382 1.13817953
v -0.01196157 -11.51526933 1.49483093
v -0.01196157 -11.51526965 1.13817951
v -0.4002323 -11.54985732 1.49483098
v -0.4002323 -11.54985765 1.1381795
v -0.81506423 -11.54459905 1.49483103
v -0.81506423 -11.54459803 1.13817943
v -1.24051556 -11.49969472 1.49483094
v -1.24051556 -11.49969504 1.13817952
v -1.66023643 -11.41687319 1.49483099
v -1.66023643 -11.41687217 1.13817953
v -2.058097 -11.29931352 1.49483092
v -2.058097 -11.29931383 1.13817957
v -2.41880811 -11.15153669 1.49483098
v -2.41880811 -11.15153701 1.13817956
v -2.72850746 -10.97922035 1.49483101
v -2.72850746 -10.97922067 1.1381796
v -2.9752937 -10.78898638 1.494831
v -2.9752937 -10.7889867 1.13817958
v -3.14968269 -10.58814522 1.49483102
v -3.14968269 -10.58814555 1.13817954
v -3.24497334 -10.38441588 1.49483104
v -3.24497334 -10.3844162 1.13817963
v -3.25750324 -10.1856269 1.49483102
v -3.25750324 -10.18562588 1.13817949
v -3.18679088 -9.99941746 1.49483107
v -3.18679088 -9.99941778 1.13817965
v -3.0355537 -9.8329438 1.494831
v -3.0355537 -9.83294412 1.13817958
v -2.80960376 -9.69260458 1.4948311
v -2.80960376 -9.69260355 1.13817957
v -2.51762434 -9.58379065 1.49483108
v -2.51762434 -9.58379097 1.13817966
v -2.17083577 -9.51068482 1.4948311
v -2.17083577 -9.51068514 1.13817968
v -1.78256494 -9.47609683 1.4948311
v -1.78256494 -9.47609715 1.13817962
v -0.4941245 -10.0271398 1.30374646
v -0.73994257 -9.9545061 1.30374642
v -0.99926689 -9.90333432 1.30374646
v -1.26213176 -9.87559007 1.30374637
v -1.51843552 -9.87234068 1.30374635
v -1.75832835 -9.89371196 1.30374645
v -1.97259167 -9.93888008 1.30374645
v -2.15299092 -10.00610942 1.30374635
v -2.2925941 -10.09281885 1.30374639
v -2.38603607 -10.19567511 1.30374644
v -2.42972562 -10.31072402 1.30374638
v -2.42198399 -10.43354603 1.30374642
v -2.36310865 -10.55941993 1.30374638
v -2.25536247 -10.6835095 1.30374637
v -2.10288564 -10.80104483 1.30374633
v -1.91153803 -10.90751167 1.3037464
v -1.68867289 -10.99881516 1.30374635
v -1.44285476 -11.07144887 1.30374638
v -1.18353044 -11.12262065 1.30374635
v -0.92066558 -11.15036356 1.30374632
v -0.66436182 -11.15361294 1.30374634
v -0.42446889 -11.132243 1.30374636
v -0.21020567 -11.08707488 1.30374636
v -0.02980633 -11.0198442 1.30374634
v 0.10979666 -10.93313612 1.30374642
v 0.20323863 -10.83027986 1.30374637
v 0.24692828 -10.71523094 1.30374643
v 0.23918665 -10.59240893 1.30374639
v 0.1803114 -10.46653503 1.30374643
v 0.07256504 -10.34244546 1.30374644
v -0.0799117 -10.22490879 1.30374636
v -0.27125931 -10.11844329 1.30374641
v -1.36773311 -9.48135645 1.49483117
v -1.36773311 -9.48135543 1.13817957
v -0.94228178 -9.52625943 1.49483109
v -0.94228178 -9.52625975 1.13817967
v -1.36773311 -9.48135543 1.13817957
v -0.94228178 -9.52625975 1.13817967
v -0.52256096 -9.60908128 1.13817961
v -0.12470025 -9.72664096 1.13817968
v 0.23601077 -9.87441779 1.13817963
v 0.54571012 -10.04673413 1.13817959
v 0.79249636 -10.2369681 1.13817961
v 0.96688554 -10.43780925 1.13817965
v 1.062176 -10.64153859 1.13817963
v 1.0747059 -10.84032758 1.13817958
v 1.00399354 -11.02653702 1.13817954
v 0.85275636 -11.19301067 1.13817961
v 0.62680643 -11.3333499 1.13817951
v 0.334827 -11.44216382 1.13817953
v -0.01196157 -11.51526965 1.13817951
v -0.4002323 -11.54985765 1.1381795
v -0.81506423 -11.54459803 1.13817943
v -1.24051556 -11.49969504 1.13817952
v -1.66023643 -11.41687217 1.13817953
v -2.058097 -11.29931383 1.13817957
v -2.41880811 -11.15153701 1.13817956
v -2.72850746 -10.97922067 1.1381796
v -2.9752937 -10.7889867 1.13817958
v -3.14968269 -10.58814555 1.13817954
v -3.24497334 -10.3844162 1.13817963
v -3.25750324 -10.18562588 1.13817949
v -3.18679088 -9.99941778 1.13817965
v -3.0355537 -9.83294412 1.13817958
v -2.80960376 -9.69260355 1.13817957
v -2.51762434 -9.58379097 1.13817966
v -2.17083577 -9.51068514 1.13817968
v -1.78256494 -9.47609715 1.13817962
v -0.96241517 -9.65948373 1.41672143
v -0.59936393 -9.73112314 1.41672138
v -0.52256096 -9.60908231 1.49483108
v -0.94228178 -9.52625943 1.49483109
v -0.25522122 -9.83280925 1.41672138
v -0.12470025 -9.72664064 1.4948311
v 0.05678759 -9.96063386 1.41672136
v 0.23601077 -9.87441747 1.49483105
v 0.32467209 -10.10968501 1.41672138
v 0.54571012 -10.04673381 1.49483101
v 0.53813786 -10.27423366 1.41672131
v 0.79249636 -10.23696778 1.49483103
v 0.68898147 -10.44795825 1.41672134
v 0.96688554 -10.43780893 1.494831
v 0.7714061 -10.62418143 1.41672137
v 1.062176 -10.64153828 1.49483098
v 0.78224441 -10.79612981 1.41672134
v 1.0747059 -10.8403286 1.49483111
v 0.72107941 -10.95719774 1.41672136
v 1.00399354 -11.0265367 1.49483095
v 0.59026192 -11.10119355 1.41672126
v 0.85275636 -11.19301035 1.49483103
v 0.3948191 -11.22258566 1.41672129
v 0.62680643 -11.33335092 1.49483104
v 0.14226187 -11.31670834 1.41672134
v 0.334827 -11.4421635 1.49483095
v -0.15770421 -11.37994291 1.41672129
v -0.01196157 -11.51526933 1.49483093
v -0.49355171 -11.40986109 1.41672135
v -0.4002323 -11.54985732 1.49483098
v -0.85237422 -11.40531168 1.4167213
v -0.81506423 -11.54459905 1.49483103
v -1.22038217 -11.36647053 1.41672126
v -1.24051556 -11.49969472 1.49483094
v -1.58343332 -11.29483112 1.41672131
v -1.66023643 -11.41687319 1.49483099
v -1.92757622 -11.19314501 1.41672132
v -2.058097 -11.29931352 1.49483092
v -2.23958493 -11.0653204 1.41672133
v -2.41880811 -11.15153669 1.49483098
v -2.50746943 -10.91626925 1.41672131
v -2.72850746 -10.97922035 1.49483101
v -2.7209352 -10.7517206 1.41672138
v -2.9752937 -10.78898638 1.494831
v -2.87177881 -10.57799602 1.41672129
v -3.14968269 -10.58814522 1.49483102
v -2.95420344 -10.40177418 1.41672137
v -3.24497334 -10.38441588 1.49483104
v -2.96504175 -10.22982445 1.41672135
v -3.25750324 -10.1856269 1.49483102
v -2.90387675 -10.06875652 1.41672133
v -3.18679088 -9.99941746 1.49483107
v -2.77305925 -9.92476071 1.41672143
v -3.0355537 -9.8329438 1.494831
v -2.57761644 -9.8033686 1.4167214
v -2.80960376 -9.69260458 1.4948311
v -2.3250592 -9.70924726 1.4167214
v -2.51762434 -9.58379065 1.49483108
v -2.02509312 -9.64601136 1.41672133
v -2.17083577 -9.51068482 1.4948311
v -1.68924567 -9.61609317 1.41672134
v -1.78256494 -9.47609683 1.4948311
v -1.33042312 -9.62064259 1.41672139
v -1.36773311 -9.48135645 1.49483117
v -0.58543892 9.09088405 -0.10919105
v 0.67960189 9.09088402 -0.15233598
v 0.67960189 9.06116494 -0.1494089
v -0.58543892 9.06958207 -0.10709299
v 0.67960189 9.03258726 -0.14074007
v -0.58543892 9.04909834 -0.10087942
v 0.67960194 9.0062507 -0.12666274
v -0.58543892 9.03022071 -0.09078904
v 0.67960194 8.98316615 -0.10771784
v -0.58543892 9.01367424 -0.07720976
v 0.67960194 8.96422097 -0.08463335
v -0.58543892 9.00009471 -0.0606633
v 0.67960194 8.95014414 -0.05829652
v -0.58543892 8.99000467 -0.04178567
v 0.67960194 8.94147537 -0.02971938
v -0.58543892 8.98379115 -0.02130223
v 0.67960194 8.93854817 -8E-08
v -0.58543892 8.9816932 -1.1E-07
v 0.67960194 8.94147513 0.02971914
v -0.58543892 8.98379091 0.02130205
v 0.67960194 8.95014366 0.05829633
v -0.58543892 8.99000474 0.04178548
v 0.67960194 8.96422097 0.08463321
v -0.58543892 9.00009487 0.06066318
v 0.67960194 8.98316593 0.10771766
v -0.58543892 9.01367451 0.07720957
v 0.67960194 9.00625057 0.12666258
v -0.58543892 9.03022054 0.09078892
v 0.67960189 9.03258738 0.14073993
v -0.58543892 9.04909845 0.10087921
v 0.67960189 9.06116484 0.14940867
v -0.58543892 9.06958177 0.10709282
v 0.67960189 9.09088374 0.1523358
v -0.58543892 9.09088371 0.10919093
v 0.67960189 9.12060282 0.14940871
v -0.58543892 9.11218636 0.10709281
v 0.67960189 9.14918049 0.14073989
v -0.58543892 9.13266942 0.10087924
v 0.67960189 9.17551706 0.12666259
v -0.58543892 9.15154705 0.09078893
v 0.67960189 9.1986016 0.10771766
v -0.58543892 9.16809352 0.07720961
v 0.67960189 9.21754678 0.08463317
v -0.58543892 9.18167304 0.06066319
v 0.67960189 9.23162362 0.05829634
v -0.58543892 9.19176308 0.04178549
v 0.67960189 9.24029239 0.0297192
v -0.58543892 9.1979766 0.02130205
v 0.67960189 9.24321959 -1E-07
v -0.58543892 9.20007523 -1.2E-07
v 0.67960189 9.24029262 -0.02971932
v -0.58543892 9.19797685 -0.02130217
v 0.67960189 9.2316241 -0.05829652
v -0.58543892 9.19176301 -0.04178566
v 0.67960189 9.21754678 -0.08463342
v -0.58543892 9.18167289 -0.06066333
v 0.67960189 9.19860182 -0.10771787
v -0.58543892 9.16809391 -0.07720981
v 0.67960189 9.17551718 -0.12666276
v -0.58543892 9.15154722 -0.09078906
v 0.67960189 9.14918038 -0.14074011
v -0.58543892 9.13266931 -0.10087939
v 0.8846629 8.97658822 -0.17105567
v 0.8846629 8.94541276 -0.1454709
v 0.67960189 9.12060291 -0.14940885
v -0.58543892 9.11218599 -0.10709297
v 0.67960189 9.09088402 -0.15233598
v -0.58543892 9.09088405 -0.10919105
v -0.58543892 9.11218599 -0.10709297
v -0.58543892 9.09088405 -0.10919105
v -0.58543892 9.06958207 -0.10709299
v -0.58543892 9.04909834 -0.10087942
v -0.58543892 9.03022071 -0.09078904
v -0.58543892 9.01367424 -0.07720976
v -0.58543892 9.00009471 -0.0606633
v -0.58543892 8.99000467 -0.04178567
v -0.58543892 8.98379115 -0.02130223
v -0.58543892 8.9816932 -1.1E-07
v -0.58543892 8.98379091 0.02130205
v -0.58543892 8.99000474 0.04178548
v -0.58543892 9.00009487 0.06066318
v -0.58543892 9.01367451 0.07720957
v -0.58543892 9.03022054 0.09078892
v -0.58543892 9.04909845 0.10087921
v -0.58543892 9.06958177 0.10709282
v -0.58543892 9.09088371 0.10919093
v -0.58543892 9.11218636 0.10709281
v -0.58543892 9.13266942 0.10087924
v -0.58543892 9.15154705 0.09078893
v -0.58543892 9.16809352 0.07720961
v -0.58543892 9.18167304 0.06066319
v -0.58543892 9.19176308 0.04178549
v -0.58543892 9.1979766 0.02130205
v -0.58543892 9.20007523 -1.2E-07
v -0.58543892 9.19797685 -0.02130217
v -0.58543892 9.19176301 -0.04178566
v -0.58543892 9.18167289 -0.06066333
v -0.58543892 9.16809391 -0.07720981
v -0.58543892 9.15154722 -0.09078906
v -0.58543892 9.13266931 -0.10087939
v 0.8846629 9.29265727 0.04013522
v 0.8846629 9.28095033 0.07872816
v 1.02778822 9.41903911 0.0262092
v 1.02778822 9.43925132 0.01336132
v 0.8846629 8.94541298 0.14547071
v 0.8846629 8.97658803 0.17105546
v 0.8846629 9.26193917 0.11429558
v 0.8846629 9.16961201 -0.1900668
v 0.8846629 9.13101891 -0.2017739
v 0.8846629 8.88515714 -1E-07
v 0.8846629 8.88911015 0.0401352
v 0.8846629 9.13101902 0.20177368
v 0.8846629 9.16961175 0.19006667
v 0.8846629 9.28095054 -0.07872835
v 0.8846629 9.26193899 -0.11429576
v 0.8846629 8.91982791 -0.11429577
v 0.8846629 9.01215575 0.19006662
v 0.8846629 9.09088371 -0.20572686
v 0.8846629 9.05074806 -0.20177381
v 0.8846629 9.09088371 -0.20572686
v 0.8846629 8.90081721 0.07872811
v 0.8846629 9.20517953 0.17105543
v 0.8846629 9.23635477 -0.14547089
v 0.8846629 8.90081674 -0.07872831
v 0.8846629 9.05074817 0.20177371
v 0.8846629 9.29661061 -8E-08
v 0.8846629 9.01215533 -0.1900668
v 0.8846629 8.91982808 0.11429557
v 0.8846629 9.23635432 0.14547071
v 0.8846629 9.20517905 -0.17105561
v 0.8846629 8.88910981 -0.04013538
v 0.8846629 9.09088337 0.2057267
v 0.8846629 9.29265761 -0.04013538
v 1.02778822 9.41903882 -0.02620937
v 1.02778822 9.43925119 -0.01336147
v 1.42146007 9.43925187 -0.01336146
v 1.42146007 9.41903949 -0.02620943
v 1.02778841 8.74251656 0.01336129
v 1.02778841 8.76272894 0.02620919
v 1.02778822 9.44607639 -1E-07
v 1.02778831 8.79555235 0.03804989
v 1.02778831 8.83972494 0.04842841
v 1.02778831 8.89354932 0.05694582
v 1.02778831 9.38621541 -0.03805007
v 1.02778831 8.95495748 0.06327478
v 1.02778831 9.09088408 -0.06848832
v 1.02778831 9.02158939 -0.06717234
v 1.02778831 9.34204282 -0.04842855
v 1.02778831 9.02158964 0.06717212
v 1.02778831 8.95495741 -0.06327492
v 1.02778831 9.28821843 -0.056946
v 1.02778831 9.09088367 0.06848814
v 1.02778831 8.89354964 -0.05694598
v 1.02778831 9.22681027 -0.06327496
v 1.02778831 9.16017836 0.06717216
v 1.02778831 8.83972484 -0.04842857
v 1.02778831 9.16017879 -0.06717233
v 1.02778831 9.22681035 0.06327474
v 1.02778831 8.79555248 -0.03805016
v 1.02778831 9.09088408 -0.06848832
v 1.02778831 9.28821811 0.0569458
v 1.02778841 8.76272865 -0.02620935
v 1.02778831 9.34204291 0.04842838
v 1.02778841 8.74251644 -0.0133615
v 1.02778831 9.38621595 0.03804992
v 1.02778841 8.73569137 -5E-08
v 1.42146007 8.95495815 0.06327475
v 1.42146007 8.89355 0.05694579
v 1.65538959 8.95469611 0.03930053
v 1.65538959 8.99707659 0.04366839
v 1.42146007 8.83972561 0.04842838
v 1.42146007 9.38621608 -0.03805012
v 1.42146007 9.09088408 -0.06848832
v 1.42146007 9.02159007 -0.0671724
v 1.42146007 9.34204349 -0.04842861
v 1.42146007 9.02158964 0.06717215
v 1.42146007 8.95495808 -0.06327498
v 1.42146007 9.28821844 -0.05694593
v 1.42146007 9.09088435 0.06848812
v 1.42146007 8.89355032 -0.05694597
v 1.42146007 9.22681094 -0.06327502
v 1.42146007 9.16017904 0.06717217
v 1.42146007 8.83972551 -0.04842862
v 1.42146007 9.16017879 -0.06717233
v 1.42146007 9.22681035 0.06327481
v 1.42146007 8.79555249 -0.03805009
v 1.42146007 9.09088408 -0.06848832
v 1.42146007 9.28821879 0.05694578
v 1.42146007 8.76272932 -0.0262094
v 1.42146007 9.34204359 0.04842839
v 1.42146007 8.74251711 -0.01336149
v 1.42146007 9.38621595 0.03804995
v 1.42146007 8.73569204 -1.1E-07
v 1.42146007 9.41903911 0.02620923
v 1.42146007 8.74251656 0.01336129
v 1.42146007 9.43925199 0.01336129
v 1.42146007 8.76272961 0.0262092
v 1.42146007 9.44607706 -1.2E-07
v 1.42146007 8.79555235 0.03804995
v 1.65538959 8.99707619 -0.04366858
v 1.65538959 9.04306117 -0.04635835
v 1.65538959 9.09088419 -0.04726653
v 1.65538959 9.13870709 -0.04635829
v 1.65538959 9.18469251 -0.04366862
v 1.65538959 9.227073 -0.03930073
v 1.65538959 9.26421895 -0.03342249
v 1.65538959 9.2947048 -0.02625995
v 1.65538959 9.31735715 -0.01808817
v 1.65538959 9.331307 -0.00922136
v 1.65538959 9.33601722 -9E-08
v 1.65538959 9.33130666 0.00922115
v 1.65538959 9.31735736 0.018088
v 1.65538959 9.29470495 0.02625974
v 1.65538959 9.26421946 0.03342233
v 1.65538959 9.22707251 0.03930056
v 1.65538959 9.18469225 0.04366847
v 1.65538959 9.13870726 0.04635818
v 1.65538959 9.09088424 0.04726639
v 1.65538959 9.04306134 0.04635819
v 1.65538959 8.99707659 0.04366839
v 1.65538959 8.95469611 0.03930053
v 1.65538959 8.91754949 0.03342238
v 1.65538959 8.8870643 0.02625972
v 1.65538959 8.86441128 0.018088
v 1.65538959 8.85046211 0.00922113
v 1.65538959 8.84575188 -8E-08
v 1.65538959 8.85046177 -0.00922132
v 1.65538959 8.86441175 -0.01808823
v 1.65538959 8.88706416 -0.02625991
v 1.65538959 8.91754965 -0.03342256
v 1.65538959 8.95469592 -0.0393007
v 1.65538959 9.09088419 -0.04726653
v 1.65538959 9.04306117 -0.04635835
v 1.65538959 9.2947048 -0.02625995
v 1.65538959 9.26421895 -0.03342249
v 1.65538959 9.04306134 0.04635819
v 1.65538959 8.99707619 -0.04366858
v 1.65538959 9.227073 -0.03930073
v 1.65538959 9.09088424 0.04726639
v 1.65538959 8.95469592 -0.0393007
v 1.65538959 9.18469251 -0.04366862
v 1.65538959 9.13870726 0.04635818
v 1.65538959 8.91754965 -0.03342256
v 1.65538959 9.13870709 -0.04635829
v 1.65538959 9.18469225 0.04366847
v 1.65538959 8.88706416 -0.02625991
v 1.65538959 9.09088419 -0.04726653
v 1.65538959 9.22707251 0.03930056
v 1.65538959 8.86441175 -0.01808823
v 1.65538959 9.26421946 0.03342233
v 1.65538959 8.85046177 -0.00922132
v 1.65538959 9.29470495 0.02625974
v 1.65538959 8.84575188 -8E-08
v 1.65538959 9.31735736 0.018088
v 1.65538959 8.85046211 0.00922113
v 1.65538959 9.33130666 0.00922115
v 1.65538959 8.86441128 0.018088
v 1.65538959 9.33601722 -9E-08
v 1.65538959 8.8870643 0.02625972
v 1.65538959 9.331307 -0.00922136
v 1.65538959 8.91754949 0.03342238
v 1.65538959 9.31735715 -0.01808817
v -0.58543892 10.17568361 -0.56301506
v 0.67960189 10.20372997 -0.59580106
v 0.67960189 10.17924328 -0.61289542
v -0.58543892 10.15813236 -0.57526794
v 0.67960189 10.15189272 -0.62488438
v -0.58543892 10.13852827 -0.58386131
v 0.67960189 10.12272829 -0.63130692
v -0.58543892 10.11762404 -0.5884649
v 0.67960189 10.09287158 -0.63191639
v -0.58543892 10.09622281 -0.58890176
v 0.67960189 10.06346904 -0.62668951
v -0.58543892 10.07514848 -0.58515524
v 0.67960194 10.03565203 -0.61582682
v -0.58543892 10.05520923 -0.5773691
v 0.67960194 10.01048798 -0.59974607
v -0.58543892 10.03717282 -0.56584284
v 0.67960194 9.98894538 -0.57906514
v -0.58543892 10.0217312 -0.55101918
v 0.67960194 9.97185106 -0.55457878
v -0.58543892 10.00947818 -0.53346781
v 0.67960194 9.95986178 -0.52722785
v -0.58543892 10.00088496 -0.51386337
v 0.67960194 9.95343951 -0.49806363
v -0.58543892 9.99628143 -0.49295905
v 0.67960194 9.95282989 -0.46820681
v -0.58543892 9.99584434 -0.47155836
v 0.67960194 9.95805718 -0.43880478
v -0.58543892 9.99959124 -0.45048366
v 0.67960189 9.96891915 -0.41098734
v -0.58543892 10.00737708 -0.43054477
v 0.67960189 9.98500032 -0.38582373
v -0.58543892 10.01890359 -0.41250796
v 0.67960189 10.00568088 -0.36428071
v -0.58543892 10.03372726 -0.39706645
v 0.67960189 10.03016757 -0.34718636
v -0.58543892 10.05127852 -0.38481357
v 0.67960189 10.05751812 -0.33519746
v -0.58543892 10.07088327 -0.37622025
v 0.67960189 10.08668256 -0.32877485
v -0.58543892 10.0917875 -0.37161667
v 0.67960189 10.11653928 -0.32816532
v -0.58543892 10.11318806 -0.37117975
v 0.67960189 10.1459418 -0.33339233
v -0.58543892 10.13426239 -0.37492633
v 0.67960189 10.17375883 -0.34425488
v -0.58543892 10.15420165 -0.38271241
v 0.67960189 10.19892287 -0.3603357
v -0.58543892 10.17223805 -0.39423867
v 0.67960189 10.22046547 -0.38101663
v -0.58543892 10.18767967 -0.40906233
v 0.67960189 10.23755979 -0.40550299
v -0.58543892 10.19993269 -0.4266137
v 0.67960189 10.24954907 -0.43285392
v -0.58543892 10.20852591 -0.44621814
v 0.67960189 10.25597134 -0.46201814
v -0.58543892 10.21312944 -0.46712246
v 0.67960189 10.25658096 -0.49187497
v -0.58543892 10.21356653 -0.48852315
v 0.67960189 10.25135434 -0.52127705
v -0.58543892 10.2098203 -0.50959791
v 0.67960189 10.2404917 -0.54909443
v -0.58543892 10.20203379 -0.52953674
v 0.8846629 10.12904442 -0.68432297
v 0.8846629 10.08872389 -0.68514619
v 0.67960189 10.22441053 -0.57425804
v -0.58543892 10.19050728 -0.54757355
v 0.67960189 10.20372997 -0.59580106
v -0.58543892 10.17568361 -0.56301506
v -0.58543892 10.19050728 -0.54757355
v -0.58543892 10.17568361 -0.56301506
v -0.58543892 10.15813236 -0.57526794
v -0.58543892 10.13852827 -0.58386131
v -0.58543892 10.11762404 -0.5884649
v -0.58543892 10.09622281 -0.58890176
v -0.58543892 10.07514848 -0.58515524
v -0.58543892 10.05520923 -0.5773691
v -0.58543892 10.03717282 -0.56584284
v -0.58543892 10.0217312 -0.55101918
v -0.58543892 10.00947818 -0.53346781
v -0.58543892 10.00088496 -0.51386337
v -0.58543892 9.99628143 -0.49295905
v -0.58543892 9.99584434 -0.47155836
v -0.58543892 9.99959124 -0.45048366
v -0.58543892 10.00737708 -0.43054477
v -0.58543892 10.01890359 -0.41250796
v -0.58543892 10.03372726 -0.39706645
v -0.58543892 10.05127852 -0.38481357
v -0.58543892 10.07088327 -0.37622025
v -0.58543892 10.0917875 -0.37161667
v -0.58543892 10.11318806 -0.37117975
v -0.58543892 10.13426239 -0.37492633
v -0.58543892 10.15420165 -0.38271241
v -0.58543892 10.17223805 -0.39423867
v -0.58543892 10.18767967 -0.40906233
v -0.58543892 10.19993269 -0.4266137
v -0.58543892 10.20852591 -0.44621814
v -0.58543892 10.21312944 -0.46712246
v -0.58543892 10.21356653 -0.48852315
v -0.58543892 10.2098203 -0.50959791
v -0.58543892 10.20203379 -0.52953674
v 0.8846629 10.23194393 -0.31838141
v 0.8846629 10.19796049 -0.29666456
v 1.02778831 10.36074446 -0.24343503
v 1.02778831 10.33703344 -0.24681083
v 0.8846629 9.89960038 -0.4640593
v 0.8846629 9.90665924 -0.42435237
v 0.8846629 10.16039375 -0.28199487
v 0.8846629 10.28808181 -0.57329652
v 0.8846629 10.26636501 -0.60727958
v 0.8846629 9.94837312 -0.61377147
v 0.8846629 9.92528791 -0.580703
v 0.8846629 10.00404363 -0.30062344
v 0.8846629 10.04098045 -0.28443276
v 0.8846629 10.30031334 -0.41631582
v 0.8846629 10.30898711 -0.45570165
v 0.8846629 10.0490164 -0.67808717
v 0.8846629 9.92132901 -0.38678558
v 0.8846629 10.238436 -0.63637306
v 0.8846629 10.2053672 -0.65945859
v 0.8846629 10.238436 -0.63637306
v 0.8846629 9.90909681 -0.54376615
v 0.8846629 10.08036573 -0.27575914
v 0.8846629 10.30981045 -0.49602273
v 0.8846629 10.01144966 -0.66341742
v 0.8846629 9.94304582 -0.35280246
v 0.8846629 10.26103703 -0.34631057
v 0.8846629 10.16843038 -0.67564927
v 0.8846629 9.90042371 -0.50438045
v 0.8846629 10.12068692 -0.27493598
v 0.8846629 10.30275159 -0.53572966
v 0.8846629 9.9774669 -0.64170062
v 0.8846629 9.97097482 -0.3237091
v 0.8846629 10.28412291 -0.37937903
v 1.02778831 10.37110805 -0.28664381
v 1.02778831 10.37811599 -0.26374179
v 1.42146007 10.37811601 -0.26374153
v 1.42146007 10.37110808 -0.28664355
v 1.02778831 9.83129553 -0.69634004
v 1.02778831 9.83830281 -0.67343783
v 1.02778831 10.37461635 -0.24915192
v 1.02778831 9.85554886 -0.64310369
v 1.02778831 9.88236918 -0.6065031
v 1.02778831 9.91773362 -0.5650426
v 1.02778831 10.353862 -0.31697795
v 1.02778831 9.96028358 -0.52031557
v 1.02778831 10.14922552 -0.53208512
v 1.02778831 10.09571286 -0.57612928
v 1.02778831 10.32704169 -0.35357854
v 1.02778831 10.0083839 -0.47404083
v 1.02778831 10.04254598 -0.61648088
v 1.02778831 10.29167724 -0.39503911
v 1.02778831 10.06018534 -0.42799659
v 1.02778831 9.99176774 -0.65158908
v 1.02778831 10.24912727 -0.43976614
v 1.02778831 10.11369799 -0.38395243
v 1.02778831 9.94533 -0.68010483
v 1.02778831 10.20102695 -0.48604088
v 1.02778831 10.16686487 -0.3436009
v 1.02778831 9.90501685 -0.70093221
v 1.02778831 10.14922552 -0.53208512
v 1.02778831 10.21764311 -0.30849262
v 1.02778831 9.87237742 -0.71327088
v 1.02778831 10.26408085 -0.27997688
v 1.02778831 9.8486664 -0.71664661
v 1.02778831 10.304394 -0.25914949
v 1.02778831 9.8347945 -0.71092978
v 1.42146007 9.96028428 -0.52031536
v 1.42146007 9.91773431 -0.56504239
v 1.65538959 9.97566906 -0.53870369
v 1.65538959 10.0050344 -0.50783575
v 1.42146007 9.8823692 -0.60650284
v 1.42146007 10.35386269 -0.31697775
v 1.42146007 10.14922554 -0.53208486
v 1.42146007 10.09571355 -0.57612907
v 1.42146007 10.32704238 -0.35357834
v 1.42146007 10.00838393 -0.4740405
v 1.42146007 10.04254668 -0.61648067
v 1.42146007 10.29167726 -0.39503885
v 1.42146007 10.06018603 -0.42799638
v 1.42146007 9.99176844 -0.65158888
v 1.42146007 10.2491273 -0.43976588
v 1.42146007 10.11369802 -0.38395217
v 1.42146007 9.94533002 -0.68010456
v 1.42146007 10.20102764 -0.48604067
v 1.42146007 10.16686489 -0.34360057
v 1.42146007 9.90501687 -0.70093195
v 1.42146007 10.14922554 -0.53208486
v 1.42146007 10.21764313 -0.30849236
v 1.42146007 9.87237744 -0.71327062
v 1.42146007 10.26408155 -0.27997668
v 1.42146007 9.84866642 -0.71664635
v 1.42146007 10.3043947 -0.25914922
v 1.42146007 9.83479452 -0.71092952
v 1.42146007 10.33703414 -0.24681056
v 1.42146007 9.83129557 -0.69633965
v 1.42146007 10.36074515 -0.24343483
v 1.42146007 9.8383035 -0.67343763
v 1.42146007 10.37461705 -0.24915166
v 1.42146007 9.85554889 -0.64310343
v 1.65538959 10.06180714 -0.57420324
v 1.65538959 10.09849979 -0.54635504
v 1.65538959 10.13543083 -0.51595839
v 1.65538959 10.17118132 -0.48418147
v 1.65538959 10.20437718 -0.45224536
v 1.65538959 10.23374252 -0.42137742
v 1.65538959 10.25814907 -0.39276392
v 1.65538959 10.27665925 -0.36750435
v 1.65538959 10.28856095 -0.34656949
v 1.65538959 10.29339705 -0.33076388
v 1.65538959 10.29098235 -0.32069482
v 1.65538959 10.28140883 -0.31674942
v 1.65538959 10.26504502 -0.31907922
v 1.65538959 10.24251883 -0.32759457
v 1.65538959 10.214697 -0.34196841
v 1.65538959 10.18264881 -0.36164831
v 1.65538959 10.14760444 -0.38587786
v 1.65538959 10.1109118 -0.41372607
v 1.65538959 10.07398075 -0.44412272
v 1.65538959 10.03823025 -0.4758997
v 1.65538959 10.0050344 -0.50783575
v 1.65538959 9.97566906 -0.53870369
v 1.65538959 9.95126252 -0.56731719
v 1.65538959 9.93275301 -0.59257675
v 1.65538959 9.92085064 -0.61351162
v 1.65538959 9.91601453 -0.62931717
v 1.65538959 9.91842924 -0.63938623
v 1.65538959 9.92800276 -0.64333162
v 1.65538959 9.94436657 -0.64100189
v 1.65538959 9.96689275 -0.63248654
v 1.65538959 9.99471459 -0.6181127
v 1.65538959 10.02676344 -0.59843285
v 1.65538959 10.13543083 -0.51595839
v 1.65538959 10.09849979 -0.54635504
v 1.65538959 10.27665925 -0.36750435
v 1.65538959 10.25814907 -0.39276392
v 1.65538959 10.03823025 -0.4758997
v 1.65538959 10.06180714 -0.57420324
v 1.65538959 10.23374252 -0.42137742
v 1.65538959 10.07398075 -0.44412272
v 1.65538959 10.02676344 -0.59843285
v 1.65538959 10.20437718 -0.45224536
v 1.65538959 10.1109118 -0.41372607
v 1.65538959 9.99471459 -0.6181127
v 1.65538959 10.17118132 -0.48418147
v 1.65538959 10.14760444 -0.38587786
v 1.65538959 9.96689275 -0.63248654
v 1.65538959 10.13543083 -0.51595839
v 1.65538959 10.18264881 -0.36164831
v 1.65538959 9.94436657 -0.64100189
v 1.65538959 10.214697 -0.34196841
v 1.65538959 9.92800276 -0.64333162
v 1.65538959 10.24251883 -0.32759457
v 1.65538959 9.91842924 -0.63938623
v 1.65538959 10.26504502 -0.31907922
v 1.65538959 9.91601453 -0.62931717
v 1.65538959 10.28140883 -0.31674942
v 1.65538959 9.92085064 -0.61351162
v 1.65538959 10.29098235 -0.32069482
v 1.65538959 9.93275301 -0.59257675
v 1.65538959 10.29339705 -0.33076388
v 1.65538959 9.95126252 -0.56731719
v 1.65538959 10.28856095 -0.34656949
v 0.5876227 8.65520822 0.00456913
v -0.67741811 8.65520819 -0.03857573
v -0.67741811 8.62548911 -0.03564865
v 0.5876227 8.63390624 0.00666726
v -0.67741811 8.59691144 -0.02697982
v 0.5876227 8.61342251 0.01288082
v -0.67741816 8.57057487 -0.01290249
v 0.5876227 8.59454488 0.02297113
v -0.67741816 8.54749032 0.0060424
v 0.5876227 8.57799841 0.03655049
v -0.67741816 8.52854514 0.0291269
v 0.5876227 8.56441888 0.05309694
v -0.67741816 8.51446831 0.05546372
v 0.5876227 8.55432884 0.07197457
v -0.67741816 8.50579954 0.08404086
v 0.5876227 8.54811532 0.09245805
v -0.67741816 8.50287233 0.11376013
v 0.5876227 8.54601737 0.11376013
v -0.67741816 8.50579931 0.14347942
v 0.5876227 8.54811508 0.13506226
v -0.67741816 8.51446783 0.17205658
v 0.5876227 8.55432891 0.15554572
v -0.67741816 8.52854514 0.19839345
v 0.5876227 8.56441904 0.17442342
v -0.67741816 8.5474901 0.2214779
v 0.5876227 8.57799868 0.19096981
v -0.67741816 8.57057474 0.24042282
v 0.5876227 8.59454471 0.20454916
v -0.67741811 8.59691155 0.25450017
v 0.5876227 8.61342262 0.21463945
v -0.67741811 8.62548901 0.26316891
v 0.5876227 8.63390594 0.22085306
v -0.67741811 8.65520791 0.26609604
v 0.5876227 8.65520788 0.22295118
v -0.67741811 8.68492699 0.26316896
v 0.5876227 8.67651053 0.22085306
v -0.67741811 8.71350466 0.25450013
v 0.5876227 8.69699359 0.21463948
v -0.67741811 8.73984123 0.24042283
v 0.5876227 8.71587122 0.20454917
v -0.67741811 8.76292577 0.2214779
v 0.5876227 8.73241769 0.19096985
v -0.67741811 8.78187095 0.19839341
v 0.5876227 8.74599722 0.17442343
v -0.67741811 8.79594779 0.17205658
v 0.5876227 8.75608726 0.15554574
v -0.67741811 8.80461656 0.14347944
v 0.5876227 8.76230077 0.13506229
v -0.67741811 8.80754376 0.11376018
v 0.5876227 8.7643994 0.11376012
v -0.67741811 8.80461679 0.08404089
v 0.5876227 8.76230102 0.09245804
v -0.67741811 8.79594827 0.05546373
v 0.5876227 8.75608718 0.07197461
v -0.67741811 8.78187095 0.02912682
v 0.5876227 8.74599706 0.05309692
v -0.67741811 8.76292599 0.00604237
v 0.5876227 8.73241808 0.03655044
v -0.67741811 8.73984135 -0.01290252
v 0.5876227 8.71587139 0.02297118
v -0.67741811 8.71350455 -0.02697987
v 0.5876227 8.69699348 0.01288085
v -0.88247912 8.54091239 -0.05729543
v -0.88247912 8.50973693 -0.03171066
v -0.67741811 8.68492708 -0.03564861
v 0.5876227 8.67651016 0.00666728
v -0.67741811 8.65520819 -0.03857573
v 0.5876227 8.65520822 0.00456913
v 0.5876227 8.67651016 0.00666728
v 0.5876227 8.65520822 0.00456913
v 0.5876227 8.63390624 0.00666726
v 0.5876227 8.61342251 0.01288082
v 0.5876227 8.59454488 0.02297113
v 0.5876227 8.57799841 0.03655049
v 0.5876227 8.56441888 0.05309694
v 0.5876227 8.55432884 0.07197457
v 0.5876227 8.54811532 0.09245805
v 0.5876227 8.54601737 0.11376013
v 0.5876227 8.54811508 0.13506226
v 0.5876227 8.55432891 0.15554572
v 0.5876227 8.56441904 0.17442342
v 0.5876227 8.57799868 0.19096981
v 0.5876227 8.59454471 0.20454916
v 0.5876227 8.61342262 0.21463945
v 0.5876227 8.63390594 0.22085306
v 0.5876227 8.65520788 0.22295118
v 0.5876227 8.67651053 0.22085306
v 0.5876227 8.69699359 0.21463948
v 0.5876227 8.71587122 0.20454917
v 0.5876227 8.73241769 0.19096985
v 0.5876227 8.74599722 0.17442343
v 0.5876227 8.75608726 0.15554574
v 0.5876227 8.76230077 0.13506229
v 0.5876227 8.7643994 0.11376012
v 0.5876227 8.76230102 0.09245804
v 0.5876227 8.75608718 0.07197461
v 0.5876227 8.74599706 0.05309692
v 0.5876227 8.73241808 0.03655044
v 0.5876227 8.71587139 0.02297118
v 0.5876227 8.69699348 0.01288085
v -0.88247912 8.85698144 0.15389546
v -0.88247912 8.8452745 0.1924884
v -1.02560453 8.98336328 0.13996944
v -1.02560453 9.00357549 0.12712156
v -0.88247912 8.50973715 0.25923096
v -0.88247912 8.5409122 0.2848157
v -0.88247912 8.82626334 0.22805582
v -0.88247912 8.73393617 -0.07630663
v -0.88247912 8.69534308 -0.08801359
v -0.88247912 8.44948131 0.11376014
v -0.88247912 8.45343432 0.15389544
v -0.88247912 8.69534319 0.31553393
v -0.88247912 8.73393592 0.30382692
v -0.88247912 8.84527471 0.03503189
v -0.88247912 8.82626316 -0.00053551
v -0.88247912 8.48415208 -0.00053553
v -0.88247912 8.57647992 0.30382687
v -0.88247912 8.65520788 -0.09196661
v -0.88247912 8.61507223 -0.08801363
v -0.88247912 8.65520788 -0.09196661
v -0.88247912 8.46514138 0.19248835
v -0.88247912 8.7695037 0.28481567
v -0.88247912 8.80067894 -0.03171065
v -0.88247912 8.46514091 0.03503193
v -0.88247912 8.61507234 0.31553395
v -0.88247912 8.86093478 0.11376013
v -0.88247912 8.5764795 -0.07630662
v -0.88247912 8.48415225 0.22805581
v -0.88247912 8.80067849 0.25923095
v -0.88247912 8.76950322 -0.05729537
v -0.88247912 8.45343398 0.07362487
v -0.88247912 8.65520754 0.31948694
v -0.88247912 8.85698177 0.07362483
v -1.02560453 8.98336299 0.08755087
v -1.02560453 9.00357536 0.1003988
v -1.4192762 9.00357604 0.10039878
v -1.4192762 8.98336366 0.08755085
v -1.02560453 8.30684073 0.12712153
v -1.02560453 8.32705311 0.13996946
v -1.02560453 9.01040056 0.11376015
v -1.02560453 8.35987652 0.15181016
v -1.02560453 8.40404911 0.16218865
v -1.02560453 8.45787349 0.17070606
v -1.02560453 8.95053957 0.07571014
v -1.02560453 8.51928165 0.17703502
v -1.02560453 8.65520825 0.04527192
v -1.02560453 8.58591356 0.0465879
v -1.02560453 8.90636699 0.06533169
v -1.02560453 8.58591381 0.18093236
v -1.02560453 8.51928158 0.05048532
v -1.02560453 8.85254261 0.05681428
v -1.02560453 8.65520784 0.18224839
v -1.02560453 8.45787381 0.05681426
v -1.02560453 8.79113444 0.05048528
v -1.02560453 8.72450253 0.1809324
v -1.02560453 8.40404901 0.06533168
v -1.02560453 8.72450296 0.04658792
v -1.02560453 8.79113452 0.17703499
v -1.02560453 8.35987631 0.07571012
v -1.02560453 8.65520825 0.04527192
v -1.02560453 8.85254228 0.17070604
v -1.02560453 8.32705316 0.08755087
v -1.02560453 8.90636708 0.16218863
v -1.02560453 8.30684061 0.10039875
v -1.02560453 8.95054012 0.15181016
v -1.02560453 8.30001554 0.11376016
v -1.4192762 8.51928233 0.177035
v -1.4192762 8.45787417 0.17070603
v -1.65320572 8.51902028 0.15306077
v -1.65320572 8.56140076 0.15742863
v -1.4192762 8.40404945 0.16218865
v -1.4192762 8.95054025 0.07571012
v -1.4192762 8.65520825 0.04527192
v -1.4192762 8.58591424 0.04658791
v -1.4192762 8.90636766 0.06533166
v -1.4192762 8.58591382 0.1809324
v -1.4192762 8.51928225 0.05048526
v -1.4192762 8.85254261 0.05681431
v -1.4192762 8.65520852 0.18224836
v -1.4192762 8.45787449 0.05681427
v -1.4192762 8.79113512 0.05048526
v -1.4192762 8.72450321 0.18093241
v -1.4192762 8.40404969 0.06533169
v -1.4192762 8.72450296 0.04658792
v -1.4192762 8.79113452 0.17703505
v -1.4192762 8.35987699 0.07571012
v -1.4192762 8.65520825 0.04527192
v -1.4192762 8.85254296 0.17070602
v -1.4192762 8.32705349 0.08755084
v -1.4192762 8.90636776 0.16218864
v -1.4192762 8.30684095 0.10039878
v -1.4192762 8.95054012 0.15181019
v -1.4192762 8.30001621 0.11376013
v -1.4192762 8.98336328 0.13996947
v -1.4192762 8.30684107 0.12712154
v -1.4192762 9.00357616 0.12712153
v -1.4192762 8.32705345 0.13996947
v -1.4192762 9.01040123 0.11376012
v -1.4192762 8.35987686 0.15181017
v -1.65320572 8.56140035 0.07009163
v -1.65320572 8.60738534 0.06740192
v -1.65320572 8.65520836 0.06649371
v -1.65320572 8.70303126 0.06740192
v -1.65320572 8.74901668 0.07009162
v -1.65320572 8.79139717 0.07445952
v -1.65320572 8.82854312 0.08033776
v -1.65320572 8.85902897 0.08750029
v -1.65320572 8.88168132 0.09567207
v -1.65320572 8.89563117 0.10453891
v -1.65320572 8.90034139 0.11376012
v -1.65320572 8.89563083 0.12298139
v -1.65320572 8.88168153 0.13184824
v -1.65320572 8.85902912 0.14001999
v -1.65320572 8.82854363 0.14718257
v -1.65320572 8.79139668 0.15306081
v -1.65320572 8.74901642 0.15742872
v -1.65320572 8.70303143 0.16011842
v -1.65320572 8.65520842 0.16102663
v -1.65320572 8.60738551 0.16011843
v -1.65320572 8.56140076 0.15742863
v -1.65320572 8.51902028 0.15306077
v -1.65320572 8.48187366 0.14718259
v -1.65320572 8.45138848 0.14002
v -1.65320572 8.42873546 0.13184828
v -1.65320572 8.41478628 0.12298137
v -1.65320572 8.41007605 0.11376017
v -1.65320572 8.41478595 0.10453896
v -1.65320572 8.42873592 0.09567205
v -1.65320572 8.45138833 0.0875003
v -1.65320572 8.48187382 0.08033772
v -1.65320572 8.51902009 0.07445954
v -1.65320572 8.65520836 0.06649371
v -1.65320572 8.60738534 0.06740192
v -1.65320572 8.85902897 0.08750029
v -1.65320572 8.82854312 0.08033776
v -1.65320572 8.60738551 0.16011843
v -1.65320572 8.56140035 0.07009163
v -1.65320572 8.79139717 0.07445952
v -1.65320572 8.65520842 0.16102663
v -1.65320572 8.51902009 0.07445954
v -1.65320572 8.74901668 0.07009162
v -1.65320572 8.70303143 0.16011842
v -1.65320572 8.48187382 0.08033772
v -1.65320572 8.70303126 0.06740192
v -1.65320572 8.74901642 0.15742872
v -1.65320572 8.45138833 0.0875003
v -1.65320572 8.65520836 0.06649371
v -1.65320572 8.79139668 0.15306081
v -1.65320572 8.42873592 0.09567205
v -1.65320572 8.82854363 0.14718257
v -1.65320572 8.41478595 0.10453896
v -1.65320572 8.85902912 0.14001999
v -1.65320572 8.41007605 0.11376017
v -1.65320572 8.88168153 0.13184824
v -1.65320572 8.41478628 0.12298137
v -1.65320572 8.89563083 0.12298139
v -1.65320572 8.42873546 0.13184828
v -1.65320572 8.90034139 0.11376012
v -1.65320572 8.45138848 0.14002
v -1.65320572 8.89563117 0.10453891
v -1.65320572 8.48187366 0.14718259
v -1.65320572 8.88168132 0.09567207
v 0.57481915 9.57197708 -0.26475826
v -0.69022167 9.59240118 -0.22675369
v -0.69022167 9.61719415 -0.24340048
v 0.57481915 9.58974811 -0.27669032
v -0.69022167 9.63826254 -0.26456423
v 0.57481915 9.60484965 -0.29186001
v -0.69022171 9.65479801 -0.28943167
v 0.57481915 9.61670187 -0.30968448
v -0.69022171 9.66616401 -0.31704715
v 0.57481915 9.62484867 -0.32947859
v -0.69022171 9.67192446 -0.34634945
v 0.57481915 9.6289777 -0.3504818
v -0.69022171 9.67185715 -0.37621239
v 0.57481915 9.62892944 -0.37188695
v -0.69022171 9.6659656 -0.40548851
v 0.57481915 9.62470663 -0.39287143
v -0.69022171 9.6544753 -0.43305257
v 0.57481915 9.61647031 -0.41262871
v -0.69022171 9.63782861 -0.45784549
v 0.57481915 9.60453838 -0.43039973
v -0.69022171 9.61666443 -0.47891432
v 0.57481915 9.58936908 -0.44550142
v -0.69022171 9.59179743 -0.49544956
v 0.57481915 9.57154437 -0.45735351
v -0.69022171 9.5641816 -0.50681558
v 0.57481915 9.55175054 -0.46550049
v -0.69022171 9.53487973 -0.51257578
v 0.57481915 9.53074694 -0.46962922
v -0.69022171 9.50501666 -0.51250868
v 0.57481915 9.50934189 -0.4695811
v -0.69022167 9.4757407 -0.50661688
v 0.57481915 9.48835772 -0.46535804
v -0.69022167 9.44817624 -0.49512687
v 0.57481915 9.46860035 -0.45712224
v -0.69022167 9.42338328 -0.47848002
v 0.57481915 9.45082932 -0.44519017
v -0.69022167 9.40231488 -0.45731633
v 0.57481915 9.4357271 -0.43002043
v -0.69022167 9.38577941 -0.43244889
v 0.57481915 9.42387556 -0.41219602
v -0.69022167 9.37441341 -0.40483342
v 0.57481915 9.41572809 -0.39240185
v -0.69022167 9.36865296 -0.37553112
v 0.57481915 9.41159973 -0.37139863
v -0.69022167 9.36872027 -0.34566818
v 0.57481915 9.41164799 -0.34999355
v -0.69022167 9.37461182 -0.31639205
v 0.57481915 9.41587079 -0.32900907
v -0.69022167 9.38610212 -0.28882799
v 0.57481915 9.42410645 -0.30925173
v -0.69022167 9.40274881 -0.26403508
v 0.57481915 9.43603837 -0.29148071
v -0.69022167 9.42391232 -0.24296618
v 0.57481915 9.45120836 -0.27637901
v -0.69022167 9.44877999 -0.226431
v 0.57481915 9.46903306 -0.26452699
v -0.69022167 9.47639582 -0.21506498
v 0.57481915 9.48882688 -0.25638001
v -0.69022167 9.50569769 -0.20930478
v 0.57481915 9.50983049 -0.25225127
v -0.69022167 9.53556076 -0.20937188
v 0.57481915 9.53123554 -0.25229939
v -0.89528268 9.70194126 -0.26436932
v -0.89528268 9.71729078 -0.30166352
v -0.69022167 9.56483672 -0.21526368
v 0.57481915 9.5522197 -0.25652246
v -0.69022167 9.59240118 -0.22675369
v 0.57481915 9.57197708 -0.26475826
v 0.57481915 9.5522197 -0.25652246
v 0.57481915 9.57197708 -0.26475826
v 0.57481915 9.58974811 -0.27669032
v 0.57481915 9.60484965 -0.29186001
v 0.57481915 9.61670187 -0.30968448
v 0.57481915 9.62484867 -0.32947859
v 0.57481915 9.6289777 -0.3504818
v 0.57481915 9.62892944 -0.37188695
v 0.57481915 9.62470663 -0.39287143
v 0.57481915 9.61647031 -0.41262871
v 0.57481915 9.60453838 -0.43039973
v 0.57481915 9.58936908 -0.44550142
v 0.57481915 9.57154437 -0.45735351
v 0.57481915 9.55175054 -0.46550049
v 0.57481915 9.53074694 -0.46962922
v 0.57481915 9.50934189 -0.4695811
v 0.57481915 9.48835772 -0.46535804
v 0.57481915 9.46860035 -0.45712224
v 0.57481915 9.45082932 -0.44519017
v 0.57481915 9.4357271 -0.43002043
v 0.57481915 9.42387556 -0.41219602
v 0.57481915 9.41572809 -0.39240185
v 0.57481915 9.41159973 -0.37139863
v 0.57481915 9.41164799 -0.34999355
v 0.57481915 9.41587079 -0.32900907
v 0.57481915 9.42410645 -0.30925173
v 0.57481915 9.43603837 -0.29148071
v 0.57481915 9.45120836 -0.27637901
v 0.57481915 9.46903306 -0.26452699
v 0.57481915 9.48882688 -0.25638001
v 0.57481915 9.50983049 -0.25225127
v 0.57481915 9.53123554 -0.25229939
v -0.89528268 9.32355537 -0.30077888
v -0.89528268 9.31559861 -0.34031565
v -1.03840809 9.21882333 -0.22868594
v -1.03840809 9.20710049 -0.20780057
v -0.89528268 9.57956549 -0.55794227
v -0.89528268 9.53999365 -0.56572128
v -0.89528268 9.3155081 -0.38064511
v -0.89528268 9.54091333 -0.15625001
v -0.89528268 9.58045065 -0.16420684
v -0.89528268 9.7015056 -0.45832671
v -0.89528268 9.67902405 -0.49180901
v -0.89528268 9.38941999 -0.51967567
v -0.89528268 9.3609671 -0.49109444
v -0.89528268 9.39013507 -0.20161861
v -0.89528268 9.42371757 -0.17928812
v -0.89528268 9.72506998 -0.34123564
v -0.89528268 9.49966408 -0.56563069
v -0.89528268 9.61767498 -0.1797239
v -0.89528268 9.65115742 -0.20220503
v -0.89528268 9.61767498 -0.1797239
v -0.89528268 9.65044301 -0.52026214
v -0.89528268 9.33863682 -0.45751143
v -0.89528268 9.46101192 -0.16393842
v -0.89528268 9.72497947 -0.3815651
v -0.89528268 9.46012744 -0.55767391
v -0.89528268 9.33907248 -0.26355404
v -0.89528268 9.6796103 -0.23078632
v -0.89528268 9.61685984 -0.54259257
v -0.89528268 9.3232873 -0.42021723
v -0.89528268 9.50058443 -0.15615947
v -0.89528268 9.71702271 -0.42110187
v -0.89528268 9.42290243 -0.5421568
v -0.89528268 9.36155336 -0.23007168
v -1.03840809 9.24363694 -0.18251248
v -1.03840809 9.21975061 -0.18426161
v -1.43207976 9.21974996 -0.18426135
v -1.43207976 9.24363629 -0.18251222
v -1.03840809 9.82082681 -0.53761896
v -1.03840809 9.79694048 -0.53936802
v -1.03840809 9.20741363 -0.19280031
v -1.03840809 9.76242235 -0.53426021
v -1.03840809 9.71859959 -0.52249182
v -1.03840809 9.66715561 -0.50451509
v -1.03840809 9.27815508 -0.18762028
v -1.03840809 9.61006789 -0.4810209
v -1.03840809 9.55270972 -0.30061176
v -1.03840809 9.61312501 -0.33457338
v -1.03840809 9.32197783 -0.19938868
v -1.03840809 9.54952981 -0.45291205
v -1.03840809 9.66997353 -0.36954832
v -1.03840809 9.37342182 -0.21736541
v -1.03840809 9.48786771 -0.42126873
v -1.03840809 9.72106925 -0.40419242
v -1.03840809 9.43050954 -0.2408596
v -1.03840809 9.42745175 -0.38730706
v -1.03840809 9.76444956 -0.43717441
v -1.03840809 9.49104762 -0.26896844
v -1.03840809 9.37060389 -0.35233218
v -1.03840809 9.79844674 -0.46722679
v -1.03840809 9.55270972 -0.30061176
v -1.03840809 9.31950818 -0.31768808
v -1.03840809 9.8217541 -0.49319456
v -1.03840809 9.27612787 -0.28470609
v -1.03840809 9.83347626 -0.51407986
v -1.03840809 9.24213068 -0.2546537
v -1.03840809 9.83316312 -0.52908013
v -1.43207976 9.61006723 -0.48102071
v -1.43207976 9.66715562 -0.50451496
v -1.66600927 9.62164728 -0.46002683
v -1.66600927 9.58224849 -0.44381246
v -1.43207976 9.71859893 -0.52249163
v -1.43207976 9.27815442 -0.18762009
v -1.43207976 9.55270907 -0.30061151
v -1.43207976 9.61312502 -0.33457319
v -1.43207976 9.32197718 -0.19938843
v -1.43207976 9.54952915 -0.4529118
v -1.43207976 9.66997287 -0.36954813
v -1.43207976 9.37342116 -0.21736515
v -1.43207976 9.48786772 -0.4212686
v -1.43207976 9.72106926 -0.40419228
v -1.43207976 9.43050889 -0.24085934
v -1.43207976 9.42745176 -0.38730692
v -1.43207976 9.7644489 -0.43717422
v -1.43207976 9.49104697 -0.26896819
v -1.43207976 9.37060324 -0.35233193
v -1.43207976 9.79844609 -0.46722654
v -1.43207976 9.55270907 -0.30061151
v -1.43207976 9.31950752 -0.31768783
v -1.43207976 9.82175345 -0.49319431
v -1.43207976 9.27612721 -0.28470584
v -1.43207976 9.83347628 -0.51407967
v -1.43207976 9.24213069 -0.25465357
v -1.43207976 9.83316313 -0.52908
v -1.43207976 9.21882267 -0.22868568
v -1.43207976 9.82082615 -0.5376187
v -1.43207976 9.20710051 -0.20780038
v -1.43207976 9.79693983 -0.53936777
v -1.43207976 9.20741365 -0.19280011
v -1.43207976 9.76242237 -0.53426002
v -1.66600927 9.62359164 -0.36688078
v -1.66600927 9.58435824 -0.34274317
v -1.66600927 9.54266313 -0.31930489
v -1.66600927 9.50010801 -0.29746662
v -1.66600927 9.4583283 -0.27806758
v -1.66600927 9.41892951 -0.26185329
v -1.66600927 9.3834262 -0.24944683
v -1.66600927 9.35318175 -0.24132495
v -1.66600927 9.32935991 -0.23779988
v -1.66600927 9.31287506 -0.23900701
v -1.66600927 9.30436089 -0.24489988
v -1.66600927 9.30414454 -0.25525221
v -1.66600927 9.31223503 -0.26966604
v -1.66600927 9.32832061 -0.28758745
v -1.66600927 9.35178314 -0.30832779
v -1.66600927 9.38172158 -0.33108997
v -1.66600927 9.41698448 -0.35499921
v -1.66600927 9.45621788 -0.37913682
v -1.66600927 9.49791366 -0.40257516
v -1.66600927 9.54046877 -0.42441343
v -1.66600927 9.58224849 -0.44381246
v -1.66600927 9.62164728 -0.46002683
v -1.66600927 9.65715059 -0.47243322
v -1.66600927 9.68739436 -0.48055504
v -1.66600927 9.71121688 -0.48408017
v -1.66600927 9.72770173 -0.48287304
v -1.66600927 9.7362159 -0.4769801
v -1.66600927 9.73643158 -0.46662777
v -1.66600927 9.72834176 -0.45221401
v -1.66600927 9.71225618 -0.4342926
v -1.66600927 9.68879365 -0.41355226
v -1.66600927 9.65885521 -0.39079008
v -1.66600927 9.54266313 -0.31930489
v -1.66600927 9.58435824 -0.34274317
v -1.66600927 9.35318175 -0.24132495
v -1.66600927 9.3834262 -0.24944683
v -1.66600927 9.54046877 -0.42441343
v -1.66600927 9.62359164 -0.36688078
v -1.66600927 9.41892951 -0.26185329
v -1.66600927 9.49791366 -0.40257516
v -1.66600927 9.65885521 -0.39079008
v -1.66600927 9.4583283 -0.27806758
v -1.66600927 9.45621788 -0.37913682
v -1.66600927 9.68879365 -0.41355226
v -1.66600927 9.50010801 -0.29746662
v -1.66600927 9.41698448 -0.35499921
v -1.66600927 9.71225618 -0.4342926
v -1.66600927 9.54266313 -0.31930489
v -1.66600927 9.38172158 -0.33108997
v -1.66600927 9.72834176 -0.45221401
v -1.66600927 9.35178314 -0.30832779
v -1.66600927 9.73643158 -0.46662777
v -1.66600927 9.32832061 -0.28758745
v -1.66600927 9.7362159 -0.4769801
v -1.66600927 9.31223503 -0.26966604
v -1.66600927 9.72770173 -0.48287304
v -1.66600927 9.30414454 -0.25525221
v -1.66600927 9.71121688 -0.48408017
v -1.66600927 9.30436089 -0.24489988
v -1.66600927 9.68739436 -0.48055504
v -1.66600927 9.31287506 -0.23900701
v -1.66600927 9.65715059 -0.47243322
v -1.66600927 9.32935991 -0.23779988
vn 0 0.0425 -0.9991
vn -0.74219 0.0233 -0.66979
vn 0.98223 0.1877 0
vn 0 -1 0
vn 0 1 0
vn 0 0.2451 0.9695
vn 0.73131 0.172 0.66001
vn 0.74219 0.0233 -0.66979
vn -0.98223 0.1877 0
vn -0.73131 0.172 0.66001
vn 0.8149 -0.5796 -0.0013
vn 0.99961 -0.0279 0.0006
vn 0.24799 -0.96876 -0.0023
vn 0.2529 -0.96749 -0.0039
vn -0.22719 0.97385 0.0025
vn -0.22771 0.97373 0.0023
vn -0.18551 0.98264 0.0024
vn -0.1636 0.98652 0.0036
vn 0.87792 0.47881 0.002
vn 0.7735 0.6338 0.0021
vn 0.9119 0.4104 0.0016
vn 0.73258 0.68068 0.0023
vn -0.76019 -0.64969 -0.002
vn -0.9819 -0.1894 -0.0011
vn -0.99657 -0.0828 -0.0009
vn -0.99656 -0.0829 -0.0008
vn 0.1365 -0.99063 -0.0034
vn 0.1368 -0.9906 -0.0024
vn 0.1366 -0.99062 -0.0031
vn -0.0047 0.99998 0.0034
vn -0.0047 0.99999 0.0025
vn 0.1039 0.99458 0.0039
vn 0.1066 0.9943 0.0026
vn 0.1062 0.99434 0.0028
vn 0.99656 0.0829 0.0008
vn 0.99657 0.0827 0.0009
vn 0.27151 0.96243 0.0032
vn 0.27139 0.96247 0.0026
vn 0.45392 0.89104 0.0026
vn 0.50972 0.86033 0.0031
vn 0.0382 0.99926 0.0034
vn 0.0384 0.99926 0.0026
vn 0.0383 0.99926 0.0033
vn -0.73872 0.67402 0.0013
vn -0.74019 0.67239 0.0012
vn -0.93303 0.35981 0.0003
vn -0.9312 0.3645 0.0014
vn -0.73819 -0.67459 -0.0026
vn -0.6177 -0.78641 -0.0024
vn -0.3089 -0.95109 -0.0026
vn -0.30899 -0.95106 -0.0032
vn -0.0034 -0.58414 0.81165
vn -0.016 -0.65418 0.75617
vn 0.002 -0.74597 0.66597
vn 0.0031 -0.82748 0.56149
vn 0.0144 -0.93222 0.36161
vn 0.0241 -0.94191 0.335
vn 0.0328 -0.9449 0.3257
vn 0.012 -0.9005 0.4347
vn -0.0249 -0.98019 0.1965
vn -0.0109 -0.92897 0.36999
vn -0.0289 -0.98914 0.14411
vn -0.0062 0.97807 0.20819
vn -0.0318 -0.69358 0.71968
vn -0.13899 -0.65736 0.74065
vn 0.0264 -0.38241 0.92362
vn -0.0281 -0.46558 0.88456
vn 0.1686 -0.142 0.9754
vn 0.0064 0.99799 0.063
vn 0 -0.86907 0.49468
vn 0.0006 -0.94859 0.3165
vn 0.0006 -0.95044 0.31091
vn 0.0014 -0.99726 0.0739
vn -0.19331 -0.98113 -0.0036
vn -0.1926 -0.98127 -0.0026
vn -0.69051 -0.72332 -0.0023
vn -0.54471 -0.83862 -0.0029
vn -0.9569 -0.2904 -0.0014
vn -0.91348 -0.40689 -0.0016
vn -0.24169 -0.97035 -0.0039
vn -0.2378 -0.97131 -0.0026
vn 0.1736 -0.98481 -0.0028
vn 0.1731 -0.9849 -0.0024
vn 0.17451 -0.98465 -0.0037
vn 0.2257 0.97419 0.0037
vn 0.2269 0.97391 0.0026
vn 0.2265 0.97401 0.003
vn 0.0016 -0.99999 -0.0034
vn 0.0016 -1 -0.0025
vn -0.0196 0.9998 0.0034
vn -0.0196 0.9998 0.0025
vn -0.0196 0.9998 0.0033
vn 0.29231 0.95632 0.0026
vn 0.29349 0.95596 0.0037
vn -0.1039 0.99458 0.0025
vn -0.1038 0.99459 0.0034
vn 0.0144 -0.99989 -0.0033
vn 0.0144 -0.99989 -0.0025
vn 0.0144 -0.99989 -0.0034
vn -0.0564 -0.9984 -0.0033
vn -0.0566 -0.99839 -0.0026
vn -0.0564 -0.9984 -0.0035
vn -0.45001 0.89302 0.0036
vn -0.44353 0.89626 0.002
vn -0.8149 -0.5796 -0.0013
vn -0.2529 -0.96749 -0.0039
vn -0.24799 -0.96876 -0.0023
vn -0.99961 -0.0279 0.0006
vn 0.22719 0.97385 0.0025
vn 0.1636 0.98652 0.0036
vn 0.18551 0.98264 0.0024
vn 0.22771 0.97373 0.0023
vn -0.87792 0.47881 0.002
vn -0.73258 0.68068 0.0023
vn -0.9119 0.4104 0.0016
vn -0.7735 0.6338 0.0021
vn 0.76019 -0.64969 -0.002
vn 0.99656 -0.0829 -0.0008
vn 0.99657 -0.0828 -0.0009
vn 0.9819 -0.1894 -0.0011
vn -0.1365 -0.99063 -0.0034
vn -0.1366 -0.99062 -0.0031
vn -0.1368 -0.9906 -0.0024
vn 0.0047 0.99998 0.0034
vn 0.0047 0.99999 0.0025
vn -0.1039 0.99458 0.0039
vn -0.1062 0.99434 0.0028
vn -0.1066 0.9943 0.0026
vn -0.99656 0.0829 0.0008
vn -0.99657 0.0827 0.0009
vn -0.27151 0.96243 0.0032
vn -0.50972 0.86033 0.0031
vn -0.45392 0.89104 0.0026
vn -0.27139 0.96247 0.0026
vn -0.0382 0.99926 0.0034
vn -0.0383 0.99926 0.0033
vn -0.0384 0.99926 0.0026
vn 0.73872 0.67402 0.0013
vn 0.9312 0.3645 0.0014
vn 0.93303 0.35981 0.0003
vn 0.74019 0.67239 0.0012
vn 0.73819 -0.67459 -0.0026
vn 0.30899 -0.95106 -0.0032
vn 0.3089 -0.95109 -0.0026
vn 0.6177 -0.78641 -0.0024
vn 0.0034 -0.58414 0.81165
vn -0.0031 -0.82748 0.56149
vn -0.002 -0.74597 0.66597
vn 0.016 -0.65418 0.75617
vn -0.0241 -0.94191 0.335
vn -0.0144 -0.93222 0.36161
vn -0.012 -0.9005 0.4347
vn -0.0328 -0.9449 0.3257
vn 0.0109 -0.92897 0.36999
vn 0.0249 -0.98019 0.1965
vn 0.0289 -0.98914 0.14411
vn 0.0062 0.97807 0.20819
vn 0.13899 -0.65736 0.74065
vn 0.0318 -0.69358 0.71968
vn 0.0281 -0.46558 0.88456
vn -0.0264 -0.38241 0.92362
vn -0.1686 -0.142 0.9754
vn -0.0064 0.99799 0.063
vn -0.0006 -0.95044 0.31091
vn -0.0006 -0.94859 0.3165
vn -0.0014 -0.99726 0.0739
vn 0.19331 -0.98113 -0.0036
vn 0.54471 -0.83862 -0.0029
vn 0.69051 -0.72332 -0.0023
vn 0.1926 -0.98127 -0.0026
vn 0.91348 -0.40689 -0.0016
vn 0.9569 -0.2904 -0.0014
vn 0.24169 -0.97035 -0.0039
vn 0.2378 -0.97131 -0.0026
vn -0.1736 -0.98481 -0.0028
vn -0.17451 -0.98465 -0.0037
vn -0.1731 -0.9849 -0.0024
vn -0.2257 0.97419 0.0037
vn -0.2265 0.97401 0.003
vn -0.2269 0.97391 0.0026
vn -0.0016 -0.99999 -0.0034
vn -0.0016 -1 -0.0025
vn 0.0196 0.9998 0.0034
vn 0.0196 0.9998 0.0033
vn 0.0196 0.9998 0.0025
vn -0.29349 0.95596 0.0037
vn -0.29231 0.95632 0.0026
vn 0.1038 0.99459 0.0034
vn 0.1039 0.99458 0.0025
vn -0.0144 -0.99989 -0.0033
vn -0.0144 -0.99989 -0.0034
vn -0.0144 -0.99989 -0.0025
vn 0.0564 -0.9984 -0.0033
vn 0.0564 -0.9984 -0.0035
vn 0.0566 -0.99839 -0.0026
vn 0.45001 0.89302 0.0036
vn 0.44353 0.89626 0.002
vn 0 0.98784 -0.15551
vn 0 -0.0913 -0.99582
vn -0.5548 -0.0716 -0.8289
vn -0.4223 0.9024 -0.0856
vn -0.89035 -0.44528 0.09489
vn -0.90293 -0.1311 0.40931
vn 0 -0.98228 0.1874
vn 0 -0.97657 0.21519
vn -0.84888 -0.47269 0.23659
vn 0 -0.99568 0.0928
vn 0 0.99002 -0.1409
vn -0.19141 0.97863 -0.0752
vn -0.50219 0.86108 -0.0797
vn 0 0.99089 -0.1347
vn -0.86938 0.48939 -0.0684
vn 0 0.99852 -0.0544
vn -0.49362 -0.86313 0.1065
vn 0 -0.98439 0.176
vn -0.57868 0.0422 0.81447
vn 0 0.0601 0.99819
vn 0.4223 0.9024 -0.0856
vn 0.5548 -0.0716 -0.8289
vn 0.90293 -0.1311 0.40931
vn 0.89035 -0.44528 0.09489
vn 0.84888 -0.47269 0.23659
vn 0.50219 0.86108 -0.0797
vn 0.19141 0.97863 -0.0752
vn 0.86938 0.48939 -0.0684
vn 0.49362 -0.86313 0.1065
vn 0.57868 0.0422 0.81447
vn 0.011 0.96769 -0.2519
vn 0.0334 0.0361 0.99879
vn 0.046 0.0368 0.99826
vn 0.0179 0.96761 -0.2518
vn 0.0612 0.0388 0.99737
vn 0.0257 0.96752 -0.2515
vn 0.0815 0.0427 0.99576
vn 0.0353 0.96737 -0.25089
vn 0.1108 0.0493 0.99262
vn 0.0489 0.96709 -0.2497
vn 0.1595 0.0599 0.98538
vn 0.0723 0.96634 -0.24689
vn 0.2621 0.0742 0.96219
vn 0.1304 0.96237 -0.23839
vn 0.55641 0.0314 0.83031
vn 0.52517 0.82055 -0.22559
vn 0.7342 -0.5563 0.3892
vn 0.78117 -0.0171 -0.62408
vn -0.2227 -0.69651 0.68211
vn 0.40031 -0.21491 -0.89082
vn -0.2525 -0.2453 0.93599
vn 0.21681 -0.24551 -0.94484
vn -0.1716 -0.1332 0.97612
vn 0.1297 -0.2527 -0.95881
vn -0.1139 -0.092 0.98922
vn 0.0771 -0.25499 -0.96386
vn -0.0698 -0.0727 0.99491
vn 0.0399 -0.2558 -0.96591
vn -0.0318 -0.0631 0.9975
vn 0.0102 -0.25591 -0.96665
vn 0.0044 -0.0591 0.99824
vn -0.0158 -0.25571 -0.96663
vn 0.0404 -0.0595 0.99741
vn -0.0403 -0.25519 -0.96605
vn 0.0759 -0.0642 0.99505
vn -0.0655 -0.2543 -0.9649
vn 0.1117 -0.074 0.99098
vn -0.0934 -0.25301 -0.96294
vn 0.1512 -0.0921 0.9842
vn -0.1271 -0.25091 -0.95963
vn 0.2003 -0.1274 0.97142
vn -0.1724 -0.24711 -0.95353
vn 0.26629 -0.21129 0.94045
vn -0.24239 -0.23909 -0.94026
vn 0.3046 -0.50849 0.80539
vn -0.37511 -0.21571 -0.90153
vn -0.36569 -0.86817 0.33549
vn -0.68062 -0.0967 -0.72622
vn -0.67853 -0.0307 0.73393
vn -0.81852 0.49181 -0.29691
vn -0.28031 0.0935 0.95534
vn -0.1545 0.96063 -0.23091
vn -0.1305 0.0752 0.98859
vn -0.0657 0.96737 -0.24469
vn -0.0679 0.0595 0.99592
vn -0.0369 0.96785 -0.24879
vn -0.0327 0.0495 0.99824
vn -0.0214 0.96788 -0.2505
vn -0.0093 0.0432 0.99902
vn -0.0109 0.96785 -0.25129
vn 0.0078 0.0392 0.9992
vn -0.0028 0.9678 -0.2517
vn -0.0197 -0.95402 0.29911
vn -0.0141 -0.9548 0.2969
vn -0.009 -0.95518 0.29589
vn -0.0039 -0.95518 0.29599
vn 0.0015 -0.95478 0.2973
vn 0.0075 -0.95391 0.3
vn 0.0147 -0.95237 0.30459
vn 0.0241 -0.94975 0.31208
vn 0.0383 -0.94508 0.32459
vn 0.0669 -0.93492 0.34851
vn 0.17141 -0.87744 0.44802
vn 0.36529 -0.40519 0.83808
vn 0.2871 -0.0031 0.9579
vn 0.2044 0.1062 0.97311
vn 0.15129 0.14919 0.97716
vn 0.11389 0.17049 0.97875
vn 0.0847 0.1821 0.97962
vn 0.0603 0.18829 0.98026
vn 0.0385 0.19101 0.98083
vn 0.0174 0.1911 0.98142
vn -0.0051 0.18861 0.98204
vn -0.031 0.18229 0.98276
vn -0.063 0.17 0.98343
vn -0.1058 0.1461 0.9836
vn -0.1698 0.0939 0.98099
vn -0.27461 -0.0593 0.95973
vn -0.3121 -0.61529 0.72389
vn -0.12831 -0.90945 0.39552
vn -0.0662 -0.9382 0.3397
vn -0.0458 -0.94621 0.3203
vn -0.0343 -0.95024 0.30961
vn -0.0262 -0.9526 0.3031
vn 0.0213 0.037 0.99909
vn 0.0043 0.96775 -0.25189
vn -0.0179 -0.99677 0.0783
vn -0.029 -0.99632 0.0807
vn -0.041 -0.99542 0.0864
vn -0.0548 -0.99383 0.0964
vn -0.0722 -0.99096 0.1131
vn -0.0968 -0.98518 0.1416
vn -0.1375 -0.97098 0.1957
vn -0.23159 -0.91657 0.32599
vn -0.51147 -0.43038 0.74376
vn -0.45211 0.45411 0.76771
vn -0.19301 0.90575 0.37732
vn -0.0962 0.96833 0.23041
vn -0.0527 0.98363 0.17231
vn -0.0263 0.98929 0.1436
vn -0.0068 0.9917 0.1284
vn 0.0096 0.99256 0.12139
vn 0.0252 0.99241 0.1204
vn 0.0414 0.99123 0.1255
vn 0.0602 0.98863 0.1378
vn 0.085 0.98325 0.16121
vn 0.1235 0.97051 0.207
vn 0.2 0.92869 0.3123
vn 0.40979 0.66658 0.62269
vn 0.57249 -0.1478 0.80648
vn 0.2874 -0.8661 0.409
vn 0.1381 -0.9651 0.2225
vn 0.0834 -0.98448 0.1544
vn 0.0531 -0.99133 0.1202
vn 0.0328 -0.99438 0.1007
vn 0.0174 -0.99588 0.089
vn 0.0045 -0.99661 0.0821
vn -0.0069 -0.99687 0.0788
vn -0.0926 -0.2531 -0.963
vn -0.022 -0.97443 -0.22361
vn -0.0118 -0.99356 -0.1127
vn -0.0082 -0.99746 -0.0707
vn -0.0065 -0.99885 -0.0474
vn -0.0056 -0.99948 -0.0316
vn -0.005 -0.9998 -0.0194
vn -0.0048 -0.99995 -0.009
vn -0.0047 -0.99999 0.0006
vn -0.0048 -0.99994 0.0103
vn -0.0051 -0.99977 0.0209
vn -0.0057 -0.99943 0.0334
vn -0.0067 -0.99873 0.0499
vn -0.0086 -0.99717 0.0747
vn -0.0125 -0.99256 0.1211
vn -0.0248 -0.96697 0.25369
vn -0.0926 0.2531 0.963
vn -0.022 0.97443 0.22361
vn -0.0118 0.99356 0.1127
vn -0.0082 0.99746 0.0707
vn -0.0065 0.99885 0.0474
vn -0.0056 0.99948 0.0316
vn -0.005 0.9998 0.0194
vn -0.0048 0.99995 0.009
vn -0.0047 0.99999 -0.0006
vn -0.0048 0.99994 -0.0103
vn -0.0051 0.99977 -0.0209
vn -0.0057 0.99943 -0.0334
vn -0.0067 0.99873 -0.0499
vn -0.0086 0.99717 -0.0747
vn -0.0628 -0.99553 -0.0706
vn -0.0125 0.99256 -0.1211
vn -0.0248 0.96697 -0.25369
vn -1 0 0
vn -0.1193 0.99221 0.036
vn -0.0511 -0.99745 0.0498
vn -0.0426 0.99859 0.0316
vn -0.0952 0.98814 -0.1205
vn -0.0357 -0.99936 0.0006
vn -0.1655 0.96122 0.2206
vn -0.0389 0.99902 -0.0209
vn -0.0498 -0.99763 -0.0474
vn -0.0653 -0.99507 0.0746
vn -0.0384 0.99907 0.0194
vn -0.57872 -0.20731 -0.78873
vn -0.18609 0.95036 -0.24939
vn -0.0365 -0.99928 0.0103
vn -0.0897 0.98962 0.1123
vn -0.0433 0.9985 -0.0334
vn -0.0426 -0.99859 -0.0316
vn -0.0952 -0.98814 0.1205
vn -0.0363 0.9993 0.009
vn -0.1655 -0.96122 -0.2206
vn -0.0389 -0.99902 0.0209
vn -0.0628 0.99553 0.0706
vn -0.0511 0.99745 -0.0498
vn -0.0384 -0.99907 -0.0194
vn -0.18609 -0.95036 0.24939
vn -0.0357 0.99936 -0.0006
vn -0.0897 -0.98962 -0.1123
vn -0.0433 -0.9985 0.0334
vn -0.0498 0.99763 0.0474
vn -0.0653 0.99507 -0.0746
vn -0.0363 -0.9993 -0.009
vn -0.57872 0.20731 0.78873
vn -0.0365 0.99928 -0.0103
vn 0 0.99797 -0.0637
vn -0.1075 -0.9939 0.0246
vn -0.1416 0.98982 0.0141
vn -0.0536 -0.99756 0.0448
vn -0.1369 0.99057 -0.0055
vn 0.0257 -0.99737 0.0677
vn -0.1075 0.9939 -0.0246
vn 0.1327 -0.98657 0.0953
vn -0.0536 0.99756 -0.0448
vn 0.2715 -0.9535 0.1309
vn 0.90472 0.25891 -0.33831
vn 0.0257 0.99737 -0.0677
vn 0.44969 -0.87488 0.1799
vn 0.8332 -0.4346 -0.3419
vn 0.1327 0.98657 -0.0953
vn 0.67683 -0.69203 0.25101
vn 0.4757 -0.84629 -0.2398
vn 0.2715 0.9535 -0.1309
vn 0.90472 -0.25891 0.33831
vn 0.2008 -0.96739 -0.1544
vn 0.44969 0.87488 -0.1799
vn 0.8332 0.4346 0.3419
vn 0.0342 -0.99442 -0.0998
vn 0.67683 0.69203 -0.25101
vn 0.4757 0.84629 0.2398
vn -0.0646 -0.99591 -0.0631
vn 0.2007 0.96741 0.1544
vn -0.1193 -0.99221 -0.036
vn 0.0342 0.99442 0.0998
vn -0.1416 -0.98982 -0.0141
vn -0.0646 0.99591 0.0631
vn -0.1369 -0.99057 0.0055
vn 0.0726 -0.96621 0.2473
vn 0 -0.98112 0.1934
vn 0 0.99445 -0.10519
vn 0 -0.96879 0.2479
vn 0 0.80668 -0.59099
vn 0 0.98909 -0.1473
vn 0 -0.94782 0.31881
vn 0 0.48418 -0.87497
vn 0 0.98112 -0.1934
vn 0 -0.90673 0.42171
vn 0 -0.33518 -0.94215
vn 0 0.96879 -0.2479
vn 0 -0.80668 0.59099
vn 0 -0.82713 -0.56202
vn 0 0.94782 -0.31881
vn 0 -0.48418 0.87497
vn 0 -0.94886 -0.31569
vn 0 0.90673 -0.42171
vn 0 0.33518 0.94215
vn 0 -0.98376 -0.17949
vn 0 0.82713 0.56202
vn 0 -0.99567 -0.093
vn 0 0.94886 0.31569
vn 0 -0.99954 -0.0304
vn 0 0.98376 0.17949
vn 0 -0.9998 0.0198
vn 0 0.99567 0.093
vn 0 -0.99797 0.0637
vn 0 0.99954 0.0304
vn 0 -0.99445 0.10519
vn 0 0.9998 -0.0198
vn 0 -0.98909 0.1473
vn 1 0 0
vn 0.1504 0.79749 -0.58429
vn 0.0607 0.98727 -0.147
vn 0.0856 -0.94432 0.31771
vn 0.22729 0.47149 -0.85208
vn 0.0649 0.97907 -0.19289
vn 0.1083 -0.90141 0.4192
vn 0.2622 -0.3234 -0.90921
vn 0.0726 0.96621 -0.2473
vn 0.1504 -0.79749 0.58429
vn 0.181 -0.81349 -0.55269
vn 0.0856 0.94432 -0.31771
vn 0.22731 -0.47153 0.85205
vn 0.1242 -0.94153 -0.31321
vn 0.1083 0.90141 -0.4192
vn 0.2622 0.3234 0.90921
vn 0.0944 -0.97937 -0.17869
vn 0.181 0.81349 0.55269
vn 0.0777 -0.99266 -0.0927
vn 0.1242 0.94153 0.31321
vn 0.0679 -0.99723 -0.0303
vn 0.0944 0.97937 0.17869
vn 0.0623 -0.99786 0.0198
vn 0.0777 0.99266 0.0927
vn 0.0595 -0.9962 0.0636
vn 0.0679 0.99723 0.0303
vn 0.059 -0.99272 0.105
vn 0.0623 0.99786 -0.0198
vn 0.0607 -0.98727 0.147
vn 0.0595 0.9962 -0.0636
vn 0.0649 -0.97907 0.19289
vn 0.059 0.99272 -0.105
vn -0.0073 0.99827 -0.0583
vn -0.0098 0.99597 -0.0891
vn -0.0155 0.98789 -0.1544
vn -0.0403 0.9082 -0.4166
vn -0.0456 -0.88031 -0.4722
vn -0.0163 -0.98651 -0.1629
vn -0.01 -0.99567 -0.0924
vn -0.0074 -0.99816 -0.0602
vn -0.0061 -0.99916 -0.0406
vn -0.0053 -0.99963 -0.0265
vn -0.0049 -0.99987 -0.0152
vn -0.0047 -0.99998 -0.0052
vn -0.0047 -0.99998 0.0044
vn -0.0049 -0.99988 0.0144
vn -0.0053 -0.99966 0.0256
vn -0.006 -0.99921 0.0393
vn -0.0073 -0.99827 0.0583
vn -0.0098 -0.99597 0.0891
vn -0.0155 -0.98789 0.1544
vn -0.0403 -0.9082 0.4166
vn -0.0456 0.88031 0.4722
vn -0.0163 0.98651 0.1629
vn -0.01 0.99567 0.0924
vn -0.0074 0.99816 0.0602
vn -0.0061 0.99916 0.0406
vn -0.0053 0.99963 0.0265
vn -0.0049 0.99987 0.0152
vn -0.0047 0.99998 0.0052
vn -0.0047 0.99998 -0.0044
vn -0.0049 0.99988 -0.0144
vn -0.29411 0.86873 -0.39851
vn -0.0053 0.99966 -0.0256
vn -0.006 0.99921 -0.0393
vn -0.39289 0.89898 0.19359
vn -0.0359 -0.99935 0.0044
vn -0.1236 0.97909 0.1616
vn -0.0403 0.99886 -0.0255
vn -0.0464 -0.9981 -0.0405
vn -0.0742 -0.99327 0.0889
vn -0.0374 0.99918 0.0152
vn -0.3289 -0.8322 -0.4464
vn -0.0372 -0.9992 0.0144
vn -0.0764 0.99281 0.0922
vn -0.0556 0.99675 -0.0583
vn -0.0459 0.99817 -0.0393
vn -0.0406 -0.99882 -0.0265
vn -0.1178 -0.98113 0.1533
vn -0.0359 0.99934 0.0052
vn -0.1236 -0.97909 -0.1616
vn -0.0403 -0.99886 0.0255
vn -0.0567 0.99658 0.0601
vn -0.0742 0.99327 -0.0889
vn -0.0374 -0.99918 -0.0152
vn -0.29402 -0.86875 0.39852
vn -0.0359 0.99935 -0.0044
vn -0.0764 -0.99281 -0.0922
vn -0.0459 -0.99817 0.0393
vn -0.0464 0.9981 0.0405
vn -0.1178 0.98113 -0.1533
vn -0.0359 -0.99934 -0.0052
vn -0.3289 0.8322 0.4464
vn -0.0372 0.9992 -0.0144
vn -0.0567 -0.99658 -0.0601
vn -0.0556 -0.99675 0.0583
vn -0.0406 0.99882 0.0265
vn 0 0.99994 -0.0105
vn -0.0987 -0.99505 -0.0117
vn -0.2427 0.96742 0.0721
vn -0.0395 -0.99922 0.0018
vn -0.1634 0.98602 0.0325
vn 0.0155 -0.99981 0.0119
vn -0.0987 0.99505 0.0117
vn 0.0655 -0.99765 0.0203
vn -0.0395 0.99922 -0.0018
vn 0.1092 -0.99363 0.0279
vn 0.18831 0.98074 -0.0518
vn 0.0155 0.99981 -0.0119
vn 0.1451 -0.98879 0.0352
vn 0.1928 0.97919 -0.0633
vn 0.0655 0.99765 -0.0203
vn 0.1719 -0.98418 0.0429
vn 0.1823 0.97998 -0.0801
vn 0.1092 0.99363 -0.0279
vn 0.18831 -0.98074 0.0518
vn 0.14879 0.98276 -0.1097
vn 0.1451 0.98879 -0.0352
vn 0.1928 -0.97919 0.0633
vn 0.0583 0.98142 -0.1828
vn 0.1719 0.98418 -0.0429
vn 0.1823 -0.97998 0.0801
vn -0.48482 0.63962 -0.59652
vn 0.14879 -0.98276 0.1097
vn -0.39289 -0.89898 -0.19359
vn 0.0583 -0.98142 0.1828
vn -0.2428 -0.96739 -0.0721
vn -0.48482 -0.63962 0.59652
vn -0.1634 -0.98602 -0.0325
vn 0.018 -0.99908 0.039
vn 0 -0.99939 0.0348
vn 0 0.99975 -0.0224
vn 0 -0.99924 0.039
vn 0 0.99876 -0.0498
vn 0 0.99956 -0.0297
vn 0 -0.99909 0.0426
vn 0 0.99855 -0.0539
vn 0 0.99939 -0.0348
vn 0 -0.99894 0.0461
vn 0 0.99826 -0.0589
vn 0 0.99924 -0.039
vn 0 -0.99876 0.0498
vn 0 0.99783 -0.0658
vn 0 0.99909 -0.0426
vn 0 -0.99855 0.0539
vn 0 0.99702 -0.0771
vn 0 0.99894 -0.0461
vn 0 -0.99826 0.0589
vn 0 0.99488 -0.1011
vn 0 -0.99783 0.0658
vn 0 0.97844 -0.20651
vn 0 -0.99702 0.0771
vn 0 -0.98829 -0.1526
vn 0 -0.99488 0.1011
vn 0 -0.99987 -0.0162
vn 0 -0.97844 0.20651
vn 0 -0.99994 0.0105
vn 0 0.98829 0.1526
vn 0 -0.99975 0.0224
vn 0 0.99987 0.0162
vn 0 -0.99956 0.0297
vn 0.0179 0.9986 -0.0498
vn 0.0224 0.99931 -0.0296
vn 0.0173 -0.99894 0.0426
vn 0.0193 0.99837 -0.0538
vn 0.0195 0.9992 -0.0348
vn 0.0172 -0.99879 0.0461
vn 0.022 0.99802 -0.0589
vn 0.018 0.99908 -0.039
vn 0.0179 -0.9986 0.0498
vn 0.0267 0.99748 -0.0658
vn 0.0173 0.99894 -0.0426
vn 0.0193 -0.99837 0.0538
vn 0.0357 0.99639 -0.077
vn 0.0172 0.99879 -0.0461
vn 0.022 -0.99802 0.0589
vn 0.0571 0.99325 -0.101
vn 0.0267 -0.99748 0.0658
vn 0.1556 0.96652 -0.20401
vn 0.0357 -0.99639 0.077
vn 0.18651 -0.97095 -0.14991
vn 0.0571 -0.99325 0.101
vn 0.0608 -0.99802 -0.0162
vn 0.1556 -0.96652 0.20401
vn 0.037 -0.99926 0.0105
vn 0.18651 0.97095 0.14991
vn 0.0273 -0.99938 0.0224
vn 0.0608 0.99802 0.0162
vn 0.0224 -0.99931 0.0296
vn 0.037 0.99926 -0.0105
vn 0.0195 -0.9992 0.0348
vn 0.0273 0.99938 -0.0224
vn 0.67678 0.69208 -0.25099
vn 0.2008 0.96739 0.1544
vn 0 -0.48422 0.87494
vn 0.26219 0.32349 0.90918
vn 0.22731 0.47153 -0.85205
vn 0.26219 -0.32349 -0.90918
vn -0.0096 -0.99611 -0.0876
vn -0.0072 -0.99832 -0.0575
vn -0.006 -0.99923 -0.0387
vn -0.0053 -0.99967 -0.0251
vn -0.0049 -0.99989 -0.014
vn -0.0047 -0.99998 -0.0041
vn -0.0047 -0.99997 0.0055
vn -0.0049 -0.99987 0.0156
vn -0.0053 -0.99962 0.027
vn -0.0061 -0.99913 0.0412
vn -0.0075 -0.9981 0.0611
vn -0.0102 -0.99551 0.0941
vn -0.0167 -0.98577 0.16729
vn -0.0486 -0.86228 0.50409
vn -0.0381 0.91853 0.39351
vn -0.0152 0.98849 0.1505
vn -0.0096 0.99611 0.0876
vn -0.0072 0.99832 0.0575
vn -0.006 0.99923 0.0387
vn -0.0053 0.99967 0.0251
vn -0.0049 0.99989 0.014
vn -0.0047 0.99998 0.0041
vn -0.0047 0.99997 -0.0055
vn -0.0049 0.99987 -0.0156
vn -0.0053 0.99962 -0.027
vn -0.0061 0.99913 -0.0412
vn -0.0075 0.9981 -0.0611
vn -0.0102 0.99551 -0.0941
vn -0.0167 0.98577 -0.16729
vn -0.0486 0.86228 -0.50409
vn -0.0402 -0.99888 -0.0251
vn -0.0381 -0.91853 -0.39351
vn -0.0152 -0.98849 -0.1505
vn -0.097 0.99526 0.0072
vn -0.12669 -0.97795 0.16599
vn -0.0358 0.99935 0.0041
vn -0.27921 -0.88265 -0.37812
vn -0.0408 -0.9988 0.027
vn -0.0552 0.99682 0.0574
vn -0.0572 0.9965 -0.061
vn -0.0372 -0.99921 -0.014
vn -0.34831 -0.80922 0.47311
vn -0.0359 0.99934 -0.0055
vn -0.0733 -0.99347 -0.0874
vn -0.1152 -0.98201 -0.1496
vn -0.0467 -0.99806 0.0411
vn -0.0456 0.99821 0.0387
vn -0.0774 0.99258 -0.0938
vn -0.0358 -0.99935 -0.0041
vn -0.27919 0.88267 0.37809
vn -0.0375 0.99917 -0.0156
vn -0.0552 -0.99682 -0.0574
vn -0.0572 -0.9965 0.061
vn -0.0402 0.99888 0.0251
vn -0.12669 0.97795 -0.16599
vn -0.0359 -0.99934 0.0055
vn -0.1152 0.98201 0.1496
vn -0.0408 0.9988 -0.027
vn -0.0456 -0.99821 -0.0387
vn -0.0774 -0.99258 0.0938
vn -0.0372 0.99921 0.014
vn -0.34831 0.80922 -0.47311
vn -0.0375 -0.99917 0.0156
vn -0.0733 0.99347 0.0874
vn -0.0467 0.99806 -0.0411
vn 0 0.95655 -0.29158
vn -0.1661 -0.9837 0.0689
vn -0.13901 0.99024 -0.0102
vn -0.1189 -0.98321 0.1384
vn -0.1647 0.98578 -0.0333
vn 0.1084 -0.9311 0.3483
vn -0.1661 0.9837 -0.0689
vn 0.73852 0.31951 0.59372
vn -0.1189 0.98321 -0.1384
vn 0.5137 0.81769 0.2598
vn 0.28222 -0.95465 -0.09481
vn 0.1084 0.9311 -0.3483
vn 0.4123 0.8962 0.1638
vn 0.2187 -0.9728 -0.0764
vn 0.73852 -0.31951 -0.59372
vn 0.34429 0.93108 0.1206
vn 0.1525 -0.98639 -0.0615
vn 0.51371 -0.81771 -0.2597
vn 0.28231 0.95463 0.0948
vn 0.0849 -0.99523 -0.0481
vn 0.4123 -0.8962 -0.1638
vn 0.2187 0.9728 0.0764
vn 0.0185 -0.99921 -0.0352
vn 0.34429 -0.93108 -0.1206
vn 0.1525 0.98639 0.0615
vn -0.0433 -0.99882 -0.0219
vn 0.0849 0.99523 0.0481
vn -0.097 -0.99526 -0.0072
vn 0.0185 0.99921 0.0352
vn -0.13901 -0.99024 0.0102
vn -0.0433 0.99882 0.0219
vn -0.1647 -0.98578 0.0333
vn 0.0462 0.98719 0.1527
vn 0 0.9824 0.1868
vn 0 -0.78447 -0.62017
vn 0 0.98824 0.15291
vn 0 -0.99431 -0.1065
vn 0 -0.96485 -0.26279
vn 0 0.99118 0.1325
vn 0 -0.99534 -0.0964
vn 0 -0.9824 -0.1868
vn 0 0.993 0.1181
vn 0 -0.99623 -0.0867
vn 0 -0.98824 -0.15291
vn 0 0.99431 0.1065
vn 0 -0.99705 -0.0767
vn 0 -0.99118 -0.1325
vn 0 0.99534 0.0964
vn 0 -0.99785 -0.0655
vn 0 -0.993 -0.1181
vn 0 0.99623 0.0867
vn 0 -0.99866 -0.0518
vn 0 0.99705 0.0767
vn 0 -0.99945 -0.0331
vn 0 0.99785 0.0655
vn 0 -1 -0.0031
vn 0 0.99866 0.0518
vn 0 -0.99827 0.0588
vn 0 0.99945 0.0331
vn 0 -0.95655 0.29158
vn 0 1 0.0031
vn 0 0.78443 0.62022
vn 0 0.99827 -0.0588
vn 0 0.96485 0.26279
vn 0.03 -0.99386 -0.1065
vn 0.1042 -0.95959 -0.2614
vn 0.0376 0.99047 0.1325
vn 0.0288 -0.99494 -0.0963
vn 0.0629 -0.98046 -0.18639
vn 0.0328 0.99247 0.118
vn 0.0286 -0.99583 -0.0866
vn 0.0462 -0.98719 -0.1527
vn 0.03 0.99386 0.1065
vn 0.0296 -0.99662 -0.0766
vn 0.0376 -0.99047 -0.1325
vn 0.0288 0.99494 0.0963
vn 0.032 -0.99734 -0.0655
vn 0.0328 -0.99247 -0.118
vn 0.0286 0.99583 0.0866
vn 0.0362 -0.998 -0.0518
vn 0.0296 0.99662 0.0766
vn 0.0437 -0.9985 -0.033
vn 0.032 0.99734 0.0655
vn 0.0578 -0.99832 -0.0031
vn 0.0362 0.998 0.0518
vn 0.0902 -0.9942 0.0586
vn 0.0437 0.9985 0.033
vn 0.21431 -0.93432 0.28481
vn 0.0578 0.99832 0.0031
vn 0.30219 0.74778 0.59119
vn 0.0902 0.9942 -0.0586
vn 0.1042 0.95959 0.2614
vn 0.21431 0.93432 -0.28481
vn 0.0629 0.98046 0.18639
vn 0.30219 -0.74778 -0.59119
vt 0.375 0.375
vt 0.625 0.375
vt 0.625 0.4375
vt 0.375 0.4375
vt 0.625 0.5
vt 0.375 0.5
vt 0.625 0.75
vt 0.375 0.75
vt 0.25 0.5
vt 0.3125 0.5
vt 0.3125 0.75
vt 0.25 0.75
vt 0.6875 0.5
vt 0.6875 0.75
vt 0.75 0.5
vt 0.75 0.75
vt 0.375 0.8125
vt 0.625 0.8125
vt 0.625 0.875
vt 0.375 0.875
vt 0.375 0.25
vt 0.625 0.25
vt 0.875 0.5
vt 0.125 0.5
vt 1 0.5
vt 1 1
vt 0.96875 1
vt 0.96875 0.5
vt 0.9375 1
vt 0.9375 0.5
vt 0.90625 1
vt 0.90625 0.5
vt 0.875 1
vt 0.84375 1
vt 0.84375 0.5
vt 0.8125 1
vt 0.8125 0.5
vt 0.78125 1
vt 0.78125 0.5
vt 0.75 1
vt 0.71875 1
vt 0.71875 0.5
vt 0.6875 1
vt 0.65625 1
vt 0.65625 0.5
vt 0.625 1
vt 0.59375 1
vt 0.59375 0.5
vt 0.5625 1
vt 0.5625 0.5
vt 0.53125 1
vt 0.53125 0.5
vt 0.5 1
vt 0.5 0.5
vt 0.46875 1
vt 0.46875 0.5
vt 0.4375 1
vt 0.4375 0.5
vt 0.40625 1
vt 0.40625 0.5
vt 0.375 1
vt 0.34375 1
vt 0.34375 0.5
vt 0.3125 1
vt 0.28125 1
vt 0.28125 0.5
vt 0.25 1
vt 0.21875 1
vt 0.21875 0.5
vt 0.1875 1
vt 0.1875 0.5
vt 0.15625 1
vt 0.15625 0.5
vt 0.125 1
vt 0.09375 1
vt 0.09375 0.5
vt 0.0625 1
vt 0.0625 0.5
vt 0.30675 0.387
vt 0.27893 0.39543
vt 0.25 0.39828
vt 0.22107 0.39543
vt 0.19325 0.387
vt 0.16762 0.37329
vt 0.14515 0.35485
vt 0.12671 0.33238
vt 0.113 0.30675
vt 0.10457 0.27893
vt 0.10172 0.25
vt 0.10457 0.22107
vt 0.113 0.19325
vt 0.12671 0.16762
vt 0.14515 0.14515
vt 0.16762 0.12671
vt 0.19325 0.113
vt 0.22107 0.10457
vt 0.25 0.10172
vt 0.27893 0.10457
vt 0.30675 0.113
vt 0.33238 0.12671
vt 0.35485 0.14515
vt 0.37329 0.16762
vt 0.387 0.19325
vt 0.39543 0.22107
vt 0.39828 0.25
vt 0.39543 0.27893
vt 0.387 0.30675
vt 0.37329 0.33238
vt 0.35485 0.35485
vt 0.33238 0.37329
vt 0.03125 1
vt 0.03125 0.5
vt 0 1
vt 0 0.5
vt 0.70318 0.48539
vt 0.75 0.49
vt 0.79682 0.48539
vt 0.84184 0.47173
vt 0.88334 0.44955
vt 0.91971 0.41971
vt 0.94955 0.38334
vt 0.97173 0.34184
vt 0.98539 0.29682
vt 0.99 0.25
vt 0.98539 0.20318
vt 0.97173 0.15816
vt 0.94955 0.11666
vt 0.91971 0.08029
vt 0.88334 0.05045
vt 0.84184 0.02827
vt 0.79682 0.01461
vt 0.75 0.01
vt 0.70318 0.01461
vt 0.65816 0.02827
vt 0.61666 0.05045
vt 0.58029 0.08029
vt 0.55045 0.11666
vt 0.52827 0.15816
vt 0.51461 0.20318
vt 0.51 0.25
vt 0.51461 0.29682
vt 0.52827 0.34184
vt 0.55045 0.38334
vt 0.58029 0.41971
vt 0.61666 0.44955
vt 0.65816 0.47173
vt 0.25 0.4576
vt 0.2905 0.45361
vt 0.29682 0.48539
vt 0.25 0.49
vt 0.32944 0.44179
vt 0.34184 0.47173
vt 0.36533 0.42261
vt 0.38334 0.44955
vt 0.39679 0.39679
vt 0.41971 0.41971
vt 0.42261 0.36533
vt 0.44955 0.38334
vt 0.44179 0.32944
vt 0.47173 0.34184
vt 0.45361 0.2905
vt 0.48539 0.29682
vt 0.4576 0.25
vt 0.49 0.25
vt 0.45361 0.2095
vt 0.48539 0.20318
vt 0.44179 0.17056
vt 0.47173 0.15816
vt 0.42261 0.13467
vt 0.44955 0.11666
vt 0.39679 0.10321
vt 0.41971 0.08029
vt 0.36533 0.07739
vt 0.38334 0.05045
vt 0.32944 0.05821
vt 0.34184 0.02827
vt 0.2905 0.04639
vt 0.29682 0.01461
vt 0.25 0.0424
vt 0.25 0.01
vt 0.2095 0.04639
vt 0.20318 0.01461
vt 0.17056 0.05821
vt 0.15816 0.02827
vt 0.13467 0.07739
vt 0.11666 0.05045
vt 0.10321 0.10321
vt 0.08029 0.08029
vt 0.07739 0.13467
vt 0.05045 0.11666
vt 0.05821 0.17056
vt 0.02827 0.15816
vt 0.04639 0.2095
vt 0.01461 0.20318
vt 0.0424 0.25
vt 0.01 0.25
vt 0.04639 0.2905
vt 0.01461 0.29682
vt 0.05821 0.32944
vt 0.02827 0.34184
vt 0.07739 0.36533
vt 0.05045 0.38334
vt 0.10321 0.39679
vt 0.08029 0.41971
vt 0.13467 0.42261
vt 0.11666 0.44955
vt 0.17056 0.44179
vt 0.15816 0.47173
vt 0.2095 0.45361
vt 0.20318 0.48539
usemtl mat0
f 1/1/1 2/2/1 3/3/1
f 1/1/1 3/3/1 4/4/1
f 4/4/2 3/3/2 5/5/2
f 4/4/2 5/5/2 6/6/2
f 6/6/3 5/5/3 7/7/3
f 6/6/3 7/7/3 8/8/3
f 9/9/4 10/10/4 11/11/4
f 9/9/4 11/11/4 12/12/4
f 10/10/4 6/6/4 8/8/4
f 10/10/4 8/8/4 11/11/4
f 5/5/5 13/13/5 14/14/5
f 5/5/5 14/14/5 7/7/5
f 13/13/5 15/15/5 16/16/5
f 13/13/5 16/16/5 14/14/5
f 17/17/6 18/18/6 19/19/6
f 17/17/6 19/19/6 20/20/6
f 8/8/7 7/7/7 18/18/7
f 8/8/7 18/18/7 17/17/7
f 1/1/1 21/4/1 22/3/1
f 1/1/1 22/3/1 2/2/1
f 21/4/8 23/6/8 24/5/8
f 21/4/8 24/5/8 22/3/8
f 23/6/9 25/8/9 26/7/9
f 23/6/9 26/7/9 24/5/9
f 9/9/4 12/12/4 27/11/4
f 9/9/4 27/11/4 28/10/4
f 28/10/4 27/11/4 25/8/4
f 28/10/4 25/8/4 23/6/4
f 24/5/5 26/7/5 29/14/5
f 24/5/5 29/14/5 30/13/5
f 30/13/5 29/14/5 16/16/5
f 30/13/5 16/16/5 15/15/5
f 31/17/6 20/20/6 19/19/6
f 31/17/6 19/19/6 32/18/6
f 25/8/10 31/17/10 32/18/10
f 25/8/10 32/18/10 26/7/10
f 33/6/11 34/6/12 35/6/13
f 33/6/11 35/6/13 36/6/14
f 37/21/15 38/21/16 39/21/17
f 37/21/15 39/21/17 40/21/18
f 41/22/19 42/22/20 43/22/21
f 41/22/19 43/22/21 44/22/22
f 45/21/23 46/21/24 38/21/25
f 45/21/23 38/21/25 37/21/26
f 47/6/27 48/6/28 49/6/28
f 47/6/27 49/6/28 50/6/29
f 51/23/30 52/23/31 53/5/31
f 51/23/30 53/5/31 54/5/30
f 50/6/32 49/6/33 55/6/33
f 50/6/32 55/6/33 56/6/34
f 56/6/35 55/6/36 34/6/12
f 56/6/35 34/6/12 33/6/11
f 57/21/37 58/21/38 59/21/39
f 57/21/37 59/21/39 60/21/40
f 61/21/41 62/21/42 58/21/42
f 61/21/41 58/21/42 57/21/43
f 63/22/44 64/22/45 65/22/46
f 63/22/44 65/22/46 66/22/47
f 67/6/48 68/6/49 69/6/50
f 67/6/48 69/6/50 70/6/51
f 59/21/52 68/6/53 71/5/54
f 59/21/52 71/5/54 42/22/55
f 71/5/54 72/5/56 43/22/57
f 71/5/54 43/22/57 42/22/55
f 72/5/56 73/5/58 74/22/59
f 72/5/56 74/22/59 43/22/57
f 73/5/58 75/5/60 76/22/61
f 73/5/58 76/22/61 74/22/59
f 75/5/60 77/5/62 64/22/62
f 75/5/60 64/22/62 76/22/61
f 77/5/63 53/5/63 65/22/63
f 77/5/63 65/22/63 64/22/63
f 59/21/52 58/21/64 69/6/65
f 59/21/52 69/6/65 68/6/53
f 58/21/64 62/21/66 48/6/67
f 58/21/64 48/6/67 69/6/65
f 62/21/66 39/21/68 49/6/68
f 62/21/66 49/6/68 48/6/67
f 39/21/69 38/21/69 55/6/69
f 39/21/69 55/6/69 49/6/69
f 38/21/70 46/21/71 34/6/72
f 38/21/70 34/6/72 55/6/70
f 46/21/71 78/21/73 35/6/73
f 46/21/71 35/6/73 34/6/72
f 79/5/74 73/5/75 72/5/76
f 79/5/74 72/5/76 80/5/77
f 80/5/77 72/5/76 71/5/78
f 80/5/77 71/5/78 81/5/79
f 82/21/80 78/21/81 46/21/24
f 82/21/80 46/21/24 45/21/23
f 60/21/40 59/21/39 42/22/20
f 60/21/40 42/22/20 41/22/19
f 83/5/82 77/5/83 75/5/83
f 83/5/82 75/5/83 84/5/84
f 54/5/85 53/5/86 77/5/86
f 54/5/85 77/5/86 83/5/87
f 36/6/88 35/6/89 85/24/89
f 36/6/88 85/24/89 86/24/88
f 87/22/90 74/22/91 76/22/91
f 87/22/90 76/22/91 88/22/92
f 44/22/22 43/22/21 74/22/93
f 44/22/22 74/22/93 87/22/94
f 40/21/18 39/21/17 62/21/95
f 40/21/18 62/21/95 61/21/96
f 84/5/97 75/5/98 73/5/98
f 84/5/97 73/5/98 79/5/99
f 70/6/100 69/6/101 48/6/101
f 70/6/100 48/6/101 47/6/102
f 81/5/79 71/5/78 68/6/49
f 81/5/79 68/6/49 67/6/48
f 88/22/103 76/22/104 64/22/45
f 88/22/103 64/22/45 63/22/44
f 89/6/105 90/6/106 91/6/107
f 89/6/105 91/6/107 92/6/108
f 93/21/109 94/21/110 95/21/111
f 93/21/109 95/21/111 96/21/112
f 97/22/113 98/22/114 99/22/115
f 97/22/113 99/22/115 100/22/116
f 101/21/117 93/21/118 96/21/119
f 101/21/117 96/21/119 102/21/120
f 103/6/121 104/6/122 105/6/123
f 103/6/121 105/6/123 106/6/123
f 107/23/124 108/5/124 109/5/125
f 107/23/124 109/5/125 110/23/125
f 104/6/126 111/6/127 112/6/128
f 104/6/126 112/6/128 105/6/128
f 111/6/129 89/6/105 92/6/108
f 111/6/129 92/6/108 112/6/130
f 113/21/131 114/21/132 115/21/133
f 113/21/131 115/21/133 116/21/134
f 117/21/135 113/21/136 116/21/137
f 117/21/135 116/21/137 118/21/137
f 119/22/138 120/22/139 121/22/140
f 119/22/138 121/22/140 122/22/141
f 123/6/142 124/6/143 125/6/144
f 123/6/142 125/6/144 126/6/145
f 115/21/146 100/22/147 127/5/148
f 115/21/146 127/5/148 126/6/149
f 127/5/148 100/22/147 99/22/150
f 127/5/148 99/22/150 128/5/151
f 128/5/151 99/22/150 129/22/152
f 128/5/151 129/22/152 130/5/153
f 130/5/153 129/22/152 131/22/154
f 130/5/153 131/22/154 132/5/155
f 132/5/155 131/22/154 122/22/156
f 132/5/155 122/22/156 133/5/156
f 133/5/157 122/22/157 121/22/157
f 133/5/157 121/22/157 109/5/157
f 115/21/146 126/6/149 125/6/158
f 115/21/146 125/6/158 116/21/159
f 116/21/159 125/6/158 106/6/160
f 116/21/159 106/6/160 118/21/161
f 118/21/161 106/6/160 105/6/162
f 118/21/161 105/6/162 95/21/162
f 95/21/163 105/6/163 112/6/163
f 95/21/163 112/6/163 96/21/163
f 96/21/70 112/6/70 92/6/164
f 96/21/70 92/6/164 102/21/165
f 102/21/165 92/6/164 91/6/166
f 102/21/165 91/6/166 134/21/166
f 135/5/167 136/5/168 128/5/169
f 135/5/167 128/5/169 130/5/170
f 136/5/168 137/5/171 127/5/172
f 136/5/168 127/5/172 128/5/169
f 138/21/173 101/21/117 102/21/120
f 138/21/173 102/21/120 134/21/174
f 114/21/132 97/22/113 100/22/116
f 114/21/132 100/22/116 115/21/133
f 139/5/175 140/5/176 132/5/177
f 139/5/175 132/5/177 133/5/177
f 108/5/178 139/5/179 133/5/180
f 108/5/178 133/5/180 109/5/180
f 90/6/181 141/24/181 142/24/182
f 90/6/181 142/24/182 91/6/182
f 143/22/183 144/22/184 131/22/185
f 143/22/183 131/22/185 129/22/185
f 98/22/114 143/22/186 129/22/187
f 98/22/114 129/22/187 99/22/115
f 94/21/110 117/21/188 118/21/189
f 94/21/110 118/21/189 95/21/111
f 140/5/190 135/5/191 130/5/192
f 140/5/190 130/5/192 132/5/192
f 124/6/193 103/6/194 106/6/195
f 124/6/193 106/6/195 125/6/195
f 137/5/171 123/6/142 126/6/145
f 137/5/171 126/6/145 127/5/172
f 144/22/196 119/22/138 122/22/141
f 144/22/196 122/22/141 131/22/197
f 145/1/198 146/2/199 147/5/200
f 145/1/198 147/5/200 148/6/201
f 148/6/201 147/5/200 149/7/202
f 148/6/201 149/7/202 150/8/203
f 150/8/203 151/20/204 152/20/205
f 150/8/203 152/20/205 153/8/206
f 147/5/200 154/15/199 155/16/207
f 147/5/200 155/16/207 149/7/202
f 150/8/203 149/7/202 156/19/207
f 150/8/203 156/19/207 151/20/204
f 157/1/208 158/6/209 159/6/210
f 157/1/208 159/6/210 160/1/211
f 145/1/198 148/6/201 158/6/209
f 145/1/198 158/6/209 157/1/208
f 148/6/201 150/8/203 153/8/206
f 148/6/201 153/8/206 158/6/209
f 160/1/211 159/6/210 161/6/212
f 160/1/211 161/6/212 162/1/213
f 158/6/209 153/8/206 163/8/214
f 158/6/209 163/8/214 159/6/210
f 153/8/206 152/20/205 164/20/215
f 153/8/206 164/20/215 163/8/214
f 165/9/213 161/6/212 166/8/216
f 165/9/213 166/8/216 167/12/217
f 159/6/210 163/8/214 166/8/216
f 159/6/210 166/8/216 161/6/212
f 163/8/214 164/20/215 168/20/217
f 163/8/214 168/20/217 166/8/216
f 145/1/198 169/6/218 170/5/219
f 145/1/198 170/5/219 146/2/199
f 169/6/218 171/8/220 172/7/221
f 169/6/218 172/7/221 170/5/219
f 171/8/220 173/8/222 152/20/205
f 171/8/220 152/20/205 151/20/204
f 170/5/219 172/7/221 155/16/207
f 170/5/219 155/16/207 154/15/199
f 171/8/220 151/20/204 156/19/207
f 171/8/220 156/19/207 172/7/221
f 157/1/208 160/1/211 174/6/223
f 157/1/208 174/6/223 175/6/224
f 145/1/198 157/1/208 175/6/224
f 145/1/198 175/6/224 169/6/218
f 169/6/218 175/6/224 173/8/222
f 169/6/218 173/8/222 171/8/220
f 160/1/211 162/1/213 176/6/225
f 160/1/211 176/6/225 174/6/223
f 175/6/224 174/6/223 177/8/226
f 175/6/224 177/8/226 173/8/222
f 173/8/222 177/8/226 164/20/215
f 173/8/222 164/20/215 152/20/205
f 165/9/213 167/12/217 178/8/227
f 165/9/213 178/8/227 176/6/225
f 174/6/223 176/6/225 178/8/227
f 174/6/223 178/8/227 177/8/226
f 177/8/226 178/8/227 168/20/217
f 177/8/226 168/20/217 164/20/215
f 179/25/228 180/26/229 181/27/230
f 179/25/228 181/27/230 182/28/231
f 182/28/231 181/27/230 183/29/232
f 182/28/231 183/29/232 184/30/233
f 184/30/233 183/29/232 185/31/234
f 184/30/233 185/31/234 186/32/235
f 186/32/235 185/31/234 187/33/236
f 186/32/235 187/33/236 188/23/237
f 188/23/237 187/33/236 189/34/238
f 188/23/237 189/34/238 190/35/239
f 190/35/239 189/34/238 191/36/240
f 190/35/239 191/36/240 192/37/241
f 192/37/241 191/36/240 193/38/242
f 192/37/241 193/38/242 194/39/243
f 194/39/243 193/38/242 195/40/244
f 194/39/243 195/40/244 196/15/245
f 196/15/245 195/40/244 197/41/246
f 196/15/245 197/41/246 198/42/247
f 198/42/247 197/41/246 199/43/248
f 198/42/247 199/43/248 200/13/249
f 200/13/249 199/43/248 201/44/250
f 200/13/249 201/44/250 202/45/251
f 202/45/251 201/44/250 203/46/252
f 202/45/251 203/46/252 204/5/253
f 204/5/253 203/46/252 205/47/254
f 204/5/253 205/47/254 206/48/255
f 206/48/255 205/47/254 207/49/256
f 206/48/255 207/49/256 208/50/257
f 208/50/257 207/49/256 209/51/258
f 208/50/257 209/51/258 210/52/259
f 210/52/259 209/51/258 211/53/260
f 210/52/259 211/53/260 212/54/261
f 212/54/261 211/53/260 213/55/262
f 212/54/261 213/55/262 214/56/263
f 214/56/263 213/55/262 215/57/264
f 214/56/263 215/57/264 216/58/265
f 216/58/265 215/57/264 217/59/266
f 216/58/265 217/59/266 218/60/267
f 218/60/267 217/59/266 219/61/268
f 218/60/267 219/61/268 220/6/269
f 220/6/269 219/61/268 221/62/270
f 220/6/269 221/62/270 222/63/271
f 222/63/271 221/62/270 223/64/272
f 222/63/271 223/64/272 224/10/273
f 224/10/273 223/64/272 225/65/274
f 224/10/273 225/65/274 226/66/275
f 226/66/275 225/65/274 227/67/276
f 226/66/275 227/67/276 228/9/277
f 228/9/277 227/67/276 229/68/278
f 228/9/277 229/68/278 230/69/279
f 230/69/279 229/68/278 231/70/280
f 230/69/279 231/70/280 232/71/281
f 232/71/281 231/70/280 233/72/282
f 232/71/281 233/72/282 234/73/283
f 234/73/283 233/72/282 235/74/284
f 234/73/283 235/74/284 236/24/285
f 236/24/285 235/74/284 237/75/286
f 236/24/285 237/75/286 238/76/287
f 238/76/287 237/75/286 239/77/288
f 238/76/287 239/77/288 240/78/289
f 241/79/290 242/80/291 243/81/292
f 243/81/292 244/82/293 245/83/294
f 245/83/294 246/84/295 247/85/296
f 247/85/296 248/86/297 249/87/298
f 249/87/298 250/88/299 251/89/300
f 251/89/300 252/90/301 253/91/302
f 253/91/302 254/92/303 255/93/304
f 255/93/304 256/94/305 257/95/306
f 257/95/306 258/96/307 259/97/308
f 259/97/308 260/98/309 261/99/310
f 261/99/310 262/100/311 263/101/312
f 263/101/312 264/102/313 265/103/314
f 265/103/314 266/104/315 267/105/316
f 267/105/316 268/106/317 269/107/318
f 269/107/318 270/108/319 271/109/320
f 271/109/320 272/110/321 241/79/290
f 241/79/290 243/81/292 245/83/294
f 245/83/294 247/85/296 249/87/298
f 249/87/298 251/89/300 253/91/302
f 253/91/302 255/93/304 257/95/306
f 257/95/306 259/97/308 261/99/310
f 261/99/310 263/101/312 265/103/314
f 265/103/314 267/105/316 269/107/318
f 269/107/318 271/109/320 241/79/290
f 241/79/290 245/83/294 249/87/298
f 249/87/298 253/91/302 257/95/306
f 257/95/306 261/99/310 265/103/314
f 265/103/314 269/107/318 241/79/290
f 241/79/290 249/87/298 257/95/306
f 257/95/306 265/103/314 241/79/290
f 240/78/289 239/77/288 273/111/322
f 240/78/289 273/111/322 274/112/323
f 274/112/323 273/111/322 275/113/229
f 274/112/323 275/113/229 276/114/228
f 277/115/323 278/116/228 279/117/231
f 279/117/231 280/118/233 281/119/235
f 281/119/235 282/120/237 283/121/239
f 283/121/239 284/122/241 285/123/243
f 285/123/243 286/124/245 287/125/247
f 287/125/247 288/126/249 289/127/251
f 289/127/251 290/128/253 291/129/255
f 291/129/255 292/130/257 293/131/259
f 293/131/259 294/132/261 295/133/263
f 295/133/263 296/134/265 297/135/267
f 297/135/267 298/136/269 299/137/271
f 299/137/271 300/138/273 301/139/275
f 301/139/275 302/140/277 303/141/279
f 303/141/279 304/142/281 305/143/283
f 305/143/283 306/144/285 307/145/287
f 307/145/287 308/146/289 277/115/323
f 277/115/323 279/117/231 281/119/235
f 281/119/235 283/121/239 285/123/243
f 285/123/243 287/125/247 289/127/251
f 289/127/251 291/129/255 293/131/259
f 293/131/259 295/133/263 297/135/267
f 297/135/267 299/137/271 301/139/275
f 301/139/275 303/141/279 305/143/283
f 305/143/283 307/145/287 277/115/323
f 277/115/323 281/119/235 285/123/243
f 285/123/243 289/127/251 293/131/259
f 293/131/259 297/135/267 301/139/275
f 301/139/275 305/143/283 277/115/323
f 277/115/323 285/123/243 293/131/259
f 293/131/259 301/139/275 277/115/323
f 309/147/324 310/148/325 311/149/230
f 309/147/324 311/149/230 312/150/229
f 310/148/325 313/151/326 314/152/232
f 310/148/325 314/152/232 311/149/230
f 313/151/326 315/153/327 316/154/234
f 313/151/326 316/154/234 314/152/232
f 315/153/327 317/155/328 318/156/236
f 315/153/327 318/156/236 316/154/234
f 317/155/328 319/157/329 320/158/238
f 317/155/328 320/158/238 318/156/236
f 319/157/329 321/159/330 322/160/240
f 319/157/329 322/160/240 320/158/238
f 321/159/330 323/161/331 324/162/242
f 321/159/330 324/162/242 322/160/240
f 323/161/331 325/163/332 326/164/244
f 323/161/331 326/164/244 324/162/242
f 325/163/332 327/165/333 328/166/246
f 325/163/332 328/166/246 326/164/244
f 327/165/333 329/167/334 330/168/248
f 327/165/333 330/168/248 328/166/246
f 329/167/334 331/169/335 332/170/250
f 329/167/334 332/170/250 330/168/248
f 331/169/335 333/171/336 334/172/252
f 331/169/335 334/172/252 332/170/250
f 333/171/336 335/173/337 336/174/254
f 333/171/336 336/174/254 334/172/252
f 335/173/337 337/175/338 338/176/256
f 335/173/337 338/176/256 336/174/254
f 337/175/338 339/177/339 340/178/258
f 337/175/338 340/178/258 338/176/256
f 339/177/339 341/179/340 342/180/260
f 339/177/339 342/180/260 340/178/258
f 341/179/340 343/181/341 344/182/262
f 341/179/340 344/182/262 342/180/260
f 343/181/341 345/183/342 346/184/264
f 343/181/341 346/184/264 344/182/262
f 345/183/342 347/185/343 348/186/266
f 345/183/342 348/186/266 346/184/264
f 347/185/343 349/187/344 350/188/268
f 347/185/343 350/188/268 348/186/266
f 349/187/344 351/189/345 352/190/270
f 349/187/344 352/190/270 350/188/268
f 351/189/345 353/191/346 354/192/272
f 351/189/345 354/192/272 352/190/270
f 353/191/346 355/193/347 356/194/274
f 353/191/346 356/194/274 354/192/272
f 355/193/347 357/195/348 358/196/276
f 355/193/347 358/196/276 356/194/274
f 357/195/348 359/197/349 360/198/278
f 357/195/348 360/198/278 358/196/276
f 359/197/349 361/199/350 362/200/280
f 359/197/349 362/200/280 360/198/278
f 361/199/350 363/201/351 364/202/282
f 361/199/350 364/202/282 362/200/280
f 363/201/351 365/203/352 366/204/284
f 363/201/351 366/204/284 364/202/282
f 365/203/352 367/205/353 368/206/286
f 365/203/352 368/206/286 366/204/284
f 367/205/353 369/207/354 370/208/288
f 367/205/353 370/208/288 368/206/286
f 369/207/354 371/209/355 372/210/322
f 369/207/354 372/210/322 370/208/288
f 371/209/355 309/147/324 312/150/229
f 371/209/355 312/150/229 372/210/322
f 243/81/292 242/80/291 310/148/325
f 243/81/292 310/148/325 309/147/324
f 242/80/291 241/79/290 313/151/326
f 242/80/291 313/151/326 310/148/325
f 241/79/290 272/110/321 315/153/327
f 241/79/290 315/153/327 313/151/326
f 272/110/321 271/109/320 317/155/328
f 272/110/321 317/155/328 315/153/327
f 271/109/320 270/108/319 319/157/329
f 271/109/320 319/157/329 317/155/328
f 270/108/319 269/107/318 321/159/330
f 270/108/319 321/159/330 319/157/329
f 269/107/318 268/106/317 323/161/331
f 269/107/318 323/161/331 321/159/330
f 268/106/317 267/105/316 325/163/332
f 268/106/317 325/163/332 323/161/331
f 267/105/316 266/104/315 327/165/333
f 267/105/316 327/165/333 325/163/332
f 266/104/315 265/103/314 329/167/334
f 266/104/315 329/167/334 327/165/333
f 265/103/314 264/102/313 331/169/335
f 265/103/314 331/169/335 329/167/334
f 264/102/313 263/101/312 333/171/336
f 264/102/313 333/171/336 331/169/335
f 263/101/312 262/100/311 335/173/337
f 263/101/312 335/173/337 333/171/336
f 262/100/311 261/99/310 337/175/338
f 262/100/311 337/175/338 335/173/337
f 261/99/310 260/98/309 339/177/339
f 261/99/310 339/177/339 337/175/338
f 260/98/309 259/97/308 341/179/340
f 260/98/309 341/179/340 339/177/339
f 259/97/308 258/96/307 343/181/341
f 259/97/308 343/181/341 341/179/340
f 258/96/307 257/95/306 345/183/342
f 258/96/307 345/183/342 343/181/341
f 257/95/306 256/94/305 347/185/343
f 257/95/306 347/185/343 345/183/342
f 256/94/305 255/93/304 349/187/344
f 256/94/305 349/187/344 347/185/343
f 255/93/304 254/92/303 351/189/345
f 255/93/304 351/189/345 349/187/344
f 254/92/303 253/91/302 353/191/346
f 254/92/303 353/191/346 351/189/345
f 253/91/302 252/90/301 355/193/347
f 253/91/302 355/193/347 353/191/346
f 252/90/301 251/89/300 357/195/348
f 252/90/301 357/195/348 355/193/347
f 251/89/300 250/88/299 359/197/349
f 251/89/300 359/197/349 357/195/348
f 250/88/299 249/87/298 361/199/350
f 250/88/299 361/199/350 359/197/349
f 249/87/298 248/86/297 363/201/351
f 249/87/298 363/201/351 361/199/350
f 248/86/297 247/85/296 365/203/352
f 248/86/297 365/203/352 363/201/351
f 247/85/296 246/84/295 367/205/353
f 247/85/296 367/205/353 365/203/352
f 246/84/295 245/83/294 369/207/354
f 246/84/295 369/207/354 367/205/353
f 245/83/294 244/82/293 371/209/355
f 245/83/294 371/209/355 369/207/354
f 244/82/293 243/81/292 309/147/324
f 244/82/293 309/147/324 371/209/355
f 373/25/356 374/26/356 375/27/356
f 373/25/356 375/27/356 376/28/356
f 376/28/357 375/27/357 377/29/357
f 376/28/357 377/29/357 378/30/357
f 378/30/358 377/29/358 379/31/358
f 378/30/358 379/31/358 380/32/358
f 380/32/359 379/31/359 381/33/359
f 380/32/359 381/33/359 382/23/359
f 382/23/360 381/33/360 383/34/360
f 382/23/360 383/34/360 384/35/360
f 384/35/361 383/34/361 385/36/361
f 384/35/361 385/36/361 386/37/361
f 386/37/362 385/36/362 387/38/362
f 386/37/362 387/38/362 388/39/362
f 388/39/363 387/38/363 389/40/363
f 388/39/363 389/40/363 390/15/363
f 390/15/364 389/40/364 391/41/364
f 390/15/364 391/41/364 392/42/364
f 392/42/365 391/41/365 393/43/365
f 392/42/365 393/43/365 394/13/365
f 394/13/366 393/43/366 395/44/366
f 394/13/366 395/44/366 396/45/366
f 396/45/367 395/44/367 397/46/367
f 396/45/367 397/46/367 398/5/367
f 398/5/368 397/46/368 399/47/368
f 398/5/368 399/47/368 400/48/368
f 400/48/369 399/47/369 401/49/369
f 400/48/369 401/49/369 402/50/369
f 402/50/370 401/49/370 403/51/370
f 402/50/370 403/51/370 404/52/370
f 404/52/371 403/51/371 405/53/371
f 404/52/371 405/53/371 406/54/371
f 406/54/372 405/53/372 407/55/372
f 406/54/372 407/55/372 408/56/372
f 408/56/373 407/55/373 409/57/373
f 408/56/373 409/57/373 410/58/373
f 410/58/374 409/57/374 411/59/374
f 410/58/374 411/59/374 412/60/374
f 412/60/375 411/59/375 413/61/375
f 412/60/375 413/61/375 414/6/375
f 414/6/376 413/61/376 415/62/376
f 414/6/376 415/62/376 416/63/376
f 416/63/377 415/62/377 417/64/377
f 416/63/377 417/64/377 418/10/377
f 418/10/378 417/64/378 419/65/378
f 418/10/378 419/65/378 420/66/378
f 420/66/379 419/65/379 421/67/379
f 420/66/379 421/67/379 422/9/379
f 422/9/380 421/67/380 423/68/380
f 422/9/380 423/68/380 424/69/380
f 424/69/381 423/68/381 425/70/381
f 424/69/381 425/70/381 426/71/381
f 426/71/382 425/70/382 427/72/382
f 426/71/382 427/72/382 428/73/382
f 428/73/383 427/72/383 429/74/383
f 428/73/383 429/74/383 430/24/383
f 430/24/384 429/74/384 431/75/384
f 430/24/384 431/75/384 432/76/384
f 432/76/385 431/75/385 433/77/385
f 432/76/385 433/77/385 434/78/385
f 381/33/386 379/31/386 435/31/386
f 381/33/386 435/31/386 436/33/386
f 434/78/387 433/77/387 437/111/387
f 434/78/387 437/111/387 438/112/387
f 438/112/388 437/111/388 439/113/388
f 438/112/388 439/113/388 440/114/388
f 441/115/389 442/116/389 443/117/389
f 443/117/389 444/118/389 445/119/389
f 445/119/389 446/120/389 447/121/389
f 447/121/389 448/122/389 449/123/389
f 449/123/389 450/124/389 451/125/389
f 451/125/389 452/126/389 453/127/389
f 453/127/389 454/128/389 455/129/389
f 455/129/389 456/130/389 457/131/389
f 457/131/389 458/132/389 459/133/389
f 459/133/389 460/134/389 461/135/389
f 461/135/389 462/136/389 463/137/389
f 463/137/389 464/138/389 465/139/389
f 465/139/389 466/140/389 467/141/389
f 467/141/389 468/142/389 469/143/389
f 469/143/389 470/144/389 471/145/389
f 471/145/389 472/146/389 441/115/389
f 441/115/389 443/117/389 445/119/389
f 445/119/389 447/121/389 449/123/389
f 449/123/389 451/125/389 453/127/389
f 453/127/389 455/129/389 457/131/389
f 457/131/389 459/133/389 461/135/389
f 461/135/389 463/137/389 465/139/389
f 465/139/389 467/141/389 469/143/389
f 469/143/389 471/145/389 441/115/389
f 441/115/389 445/119/389 449/123/389
f 449/123/389 453/127/389 457/131/389
f 457/131/389 461/135/389 465/139/389
f 465/139/389 469/143/389 441/115/389
f 441/115/389 449/123/389 457/131/389
f 457/131/389 465/139/389 441/115/389
f 473/65/390 474/64/390 475/64/390
f 473/65/390 475/64/390 476/65/390
f 399/47/391 397/46/391 477/46/391
f 399/47/391 477/46/391 478/47/391
f 417/64/392 415/62/392 479/62/392
f 417/64/392 479/62/392 474/64/392
f 437/111/393 433/77/393 480/77/393
f 437/111/393 480/77/393 481/111/393
f 391/41/394 389/40/394 482/40/394
f 391/41/394 482/40/394 483/41/394
f 409/57/395 407/55/395 484/55/395
f 409/57/395 484/55/395 485/57/395
f 427/72/396 425/70/396 486/70/396
f 427/72/396 486/70/396 487/72/396
f 383/34/397 381/33/397 436/33/397
f 383/34/397 436/33/397 488/34/397
f 401/49/398 399/47/398 478/47/398
f 401/49/398 478/47/398 489/49/398
f 419/65/399 417/64/399 474/64/399
f 419/65/399 474/64/399 473/65/399
f 375/27/400 374/26/400 490/26/400
f 375/27/400 490/26/400 491/27/400
f 439/113/401 437/111/401 481/111/401
f 439/113/401 481/111/401 492/113/401
f 393/43/402 391/41/402 483/41/402
f 393/43/402 483/41/402 493/43/402
f 411/59/403 409/57/403 485/57/403
f 411/59/403 485/57/403 494/59/403
f 429/74/404 427/72/404 487/72/404
f 429/74/404 487/72/404 495/74/404
f 385/36/405 383/34/405 488/34/405
f 385/36/405 488/34/405 496/36/405
f 403/51/406 401/49/406 489/49/406
f 403/51/406 489/49/406 497/51/406
f 421/67/407 419/65/407 473/65/407
f 421/67/407 473/65/407 498/67/407
f 377/29/408 375/27/408 491/27/408
f 377/29/408 491/27/408 499/29/408
f 395/44/409 393/43/409 493/43/409
f 395/44/409 493/43/409 500/44/409
f 413/61/410 411/59/410 494/59/410
f 413/61/410 494/59/410 501/61/410
f 431/75/411 429/74/411 495/74/411
f 431/75/411 495/74/411 502/75/411
f 387/38/412 385/36/412 496/36/412
f 387/38/412 496/36/412 503/38/412
f 405/53/413 403/51/413 497/51/413
f 405/53/413 497/51/413 504/53/413
f 423/68/414 421/67/414 498/67/414
f 423/68/414 498/67/414 505/68/414
f 379/31/415 377/29/415 499/29/415
f 379/31/415 499/29/415 435/31/415
f 397/46/416 395/44/416 500/44/416
f 397/46/416 500/44/416 477/46/416
f 415/62/417 413/61/417 501/61/417
f 415/62/417 501/61/417 479/62/417
f 433/77/418 431/75/418 502/75/418
f 433/77/418 502/75/418 480/77/418
f 389/40/419 387/38/419 503/38/419
f 389/40/419 503/38/419 482/40/419
f 407/55/420 405/53/420 504/53/420
f 407/55/420 504/53/420 484/55/420
f 425/70/421 423/68/421 505/68/421
f 425/70/421 505/68/421 486/70/421
f 506/70/422 507/68/422 508/68/422
f 506/70/422 508/68/422 509/70/422
f 493/43/423 483/41/423 510/41/423
f 493/43/423 510/41/423 511/43/423
f 498/67/424 473/65/424 476/65/424
f 498/67/424 476/65/424 512/67/424
f 500/44/425 493/43/425 511/43/425
f 500/44/425 511/43/425 513/44/425
f 505/68/426 498/67/426 512/67/426
f 505/68/426 512/67/426 507/68/426
f 477/46/427 500/44/427 513/44/427
f 477/46/427 513/44/427 514/46/427
f 486/70/428 505/68/428 507/68/428
f 486/70/428 507/68/428 506/70/428
f 478/47/429 477/46/429 514/46/429
f 478/47/429 514/46/429 515/47/429
f 487/72/430 486/70/430 506/70/430
f 487/72/430 506/70/430 516/72/430
f 489/49/431 478/47/431 515/47/431
f 489/49/431 515/47/431 517/49/431
f 491/27/432 490/26/432 518/26/432
f 491/27/432 518/26/432 519/27/432
f 495/74/433 487/72/433 516/72/433
f 495/74/433 516/72/433 520/74/433
f 497/51/434 489/49/434 517/49/434
f 497/51/434 517/49/434 521/51/434
f 499/29/435 491/27/435 519/27/435
f 499/29/435 519/27/435 522/29/435
f 502/75/436 495/74/436 520/74/436
f 502/75/436 520/74/436 523/75/436
f 504/53/437 497/51/437 521/51/437
f 504/53/437 521/51/437 524/53/437
f 435/31/438 499/29/438 522/29/438
f 435/31/438 522/29/438 525/31/438
f 480/77/439 502/75/439 523/75/439
f 480/77/439 523/75/439 526/77/439
f 484/55/440 504/53/440 524/53/440
f 484/55/440 524/53/440 527/55/440
f 436/33/441 435/31/441 525/31/441
f 436/33/441 525/31/441 528/33/441
f 481/111/442 480/77/442 526/77/442
f 481/111/442 526/77/442 529/111/442
f 485/57/443 484/55/443 527/55/443
f 485/57/443 527/55/443 530/57/443
f 488/34/444 436/33/444 528/33/444
f 488/34/444 528/33/444 531/34/444
f 492/113/445 481/111/445 529/111/445
f 492/113/445 529/111/445 532/113/445
f 494/59/446 485/57/446 530/57/446
f 494/59/446 530/57/446 533/59/446
f 496/36/447 488/34/447 531/34/447
f 496/36/447 531/34/447 534/36/447
f 501/61/448 494/59/448 533/59/448
f 501/61/448 533/59/448 535/61/448
f 503/38/449 496/36/449 534/36/449
f 503/38/449 534/36/449 536/38/449
f 479/62/450 501/61/450 535/61/450
f 479/62/450 535/61/450 537/62/450
f 482/40/451 503/38/451 536/38/451
f 482/40/451 536/38/451 538/40/451
f 474/64/452 479/62/452 537/62/452
f 474/64/452 537/62/452 475/64/452
f 483/41/453 482/40/453 538/40/453
f 483/41/453 538/40/453 510/41/453
f 539/49/454 540/47/454 541/47/454
f 539/49/454 541/47/454 542/49/454
f 515/47/455 514/46/455 543/46/455
f 515/47/455 543/46/455 540/47/455
f 516/72/456 506/70/456 509/70/456
f 516/72/456 509/70/456 544/72/456
f 517/49/457 515/47/457 540/47/457
f 517/49/457 540/47/457 539/49/457
f 519/27/458 518/26/458 545/26/458
f 519/27/458 545/26/458 546/27/458
f 520/74/459 516/72/459 544/72/459
f 520/74/459 544/72/459 547/74/459
f 521/51/460 517/49/460 539/49/460
f 521/51/460 539/49/460 548/51/460
f 522/29/461 519/27/461 546/27/461
f 522/29/461 546/27/461 549/29/461
f 523/75/462 520/74/462 547/74/462
f 523/75/462 547/74/462 550/75/462
f 524/53/463 521/51/463 548/51/463
f 524/53/463 548/51/463 551/53/463
f 525/31/464 522/29/464 549/29/464
f 525/31/464 549/29/464 552/31/464
f 526/77/465 523/75/465 550/75/465
f 526/77/465 550/75/465 553/77/465
f 527/55/466 524/53/466 551/53/466
f 527/55/466 551/53/466 554/55/466
f 528/33/467 525/31/467 552/31/467
f 528/33/467 552/31/467 555/33/467
f 529/111/468 526/77/468 553/77/468
f 529/111/468 553/77/468 556/111/468
f 530/57/469 527/55/469 554/55/469
f 530/57/469 554/55/469 557/57/469
f 531/34/470 528/33/470 555/33/470
f 531/34/470 555/33/470 558/34/470
f 532/113/471 529/111/471 556/111/471
f 532/113/471 556/111/471 559/113/471
f 533/59/472 530/57/472 557/57/472
f 533/59/472 557/57/472 560/59/472
f 534/36/473 531/34/473 558/34/473
f 534/36/473 558/34/473 561/36/473
f 535/61/474 533/59/474 560/59/474
f 535/61/474 560/59/474 562/61/474
f 536/38/475 534/36/475 561/36/475
f 536/38/475 561/36/475 563/38/475
f 537/62/476 535/61/476 562/61/476
f 537/62/476 562/61/476 564/62/476
f 538/40/477 536/38/477 563/38/477
f 538/40/477 563/38/477 565/40/477
f 475/64/478 537/62/478 564/62/478
f 475/64/478 564/62/478 566/64/478
f 510/41/479 538/40/479 565/40/479
f 510/41/479 565/40/479 567/41/479
f 476/65/480 475/64/480 566/64/480
f 476/65/480 566/64/480 568/65/480
f 511/43/481 510/41/481 567/41/481
f 511/43/481 567/41/481 569/43/481
f 512/67/482 476/65/482 568/65/482
f 512/67/482 568/65/482 570/67/482
f 513/44/483 511/43/483 569/43/483
f 513/44/483 569/43/483 571/44/483
f 507/68/484 512/67/484 570/67/484
f 507/68/484 570/67/484 508/68/484
f 514/46/485 513/44/485 571/44/485
f 514/46/485 571/44/485 543/46/485
f 572/152/486 573/149/486 574/150/486
f 574/150/486 575/210/486 576/208/486
f 576/208/486 577/206/486 578/204/486
f 578/204/486 579/202/486 580/200/486
f 580/200/486 581/198/486 582/196/486
f 582/196/486 583/194/486 584/192/486
f 584/192/486 585/190/486 586/188/486
f 586/188/486 587/186/486 588/184/486
f 588/184/486 589/182/486 590/180/486
f 590/180/486 591/178/486 592/176/486
f 592/176/486 593/174/486 594/172/486
f 594/172/486 595/170/486 596/168/486
f 596/168/486 597/166/486 598/164/486
f 598/164/486 599/162/486 600/160/486
f 600/160/486 601/158/486 602/156/486
f 602/156/486 603/154/486 572/152/486
f 572/152/486 574/150/486 576/208/486
f 576/208/486 578/204/486 580/200/486
f 580/200/486 582/196/486 584/192/486
f 584/192/486 586/188/486 588/184/486
f 588/184/486 590/180/486 592/176/486
f 592/176/486 594/172/486 596/168/486
f 596/168/486 598/164/486 600/160/486
f 600/160/486 602/156/486 572/152/486
f 572/152/486 576/208/486 580/200/486
f 580/200/486 584/192/486 588/184/486
f 588/184/486 592/176/486 596/168/486
f 596/168/486 600/160/486 572/152/486
f 572/152/486 580/200/486 588/184/486
f 588/184/486 596/168/486 572/152/486
f 546/27/487 545/26/487 604/26/487
f 546/27/487 604/26/487 605/27/487
f 547/74/488 544/72/488 606/72/488
f 547/74/488 606/72/488 607/74/488
f 548/51/489 539/49/489 542/49/489
f 548/51/489 542/49/489 608/51/489
f 549/29/490 546/27/490 605/27/490
f 549/29/490 605/27/490 609/29/490
f 550/75/491 547/74/491 607/74/491
f 550/75/491 607/74/491 610/75/491
f 551/53/492 548/51/492 608/51/492
f 551/53/492 608/51/492 611/53/492
f 552/31/493 549/29/493 609/29/493
f 552/31/493 609/29/493 612/31/493
f 553/77/494 550/75/494 610/75/494
f 553/77/494 610/75/494 613/77/494
f 554/55/495 551/53/495 611/53/495
f 554/55/495 611/53/495 614/55/495
f 555/33/496 552/31/496 612/31/496
f 555/33/496 612/31/496 615/33/496
f 556/111/497 553/77/497 613/77/497
f 556/111/497 613/77/497 616/111/497
f 557/57/498 554/55/498 614/55/498
f 557/57/498 614/55/498 617/57/498
f 558/34/499 555/33/499 615/33/499
f 558/34/499 615/33/499 618/34/499
f 559/113/500 556/111/500 616/111/500
f 559/113/500 616/111/500 619/113/500
f 560/59/501 557/57/501 617/57/501
f 560/59/501 617/57/501 620/59/501
f 561/36/502 558/34/502 618/34/502
f 561/36/502 618/34/502 621/36/502
f 562/61/503 560/59/503 620/59/503
f 562/61/503 620/59/503 622/61/503
f 563/38/504 561/36/504 621/36/504
f 563/38/504 621/36/504 623/38/504
f 564/62/505 562/61/505 622/61/505
f 564/62/505 622/61/505 624/62/505
f 565/40/506 563/38/506 623/38/506
f 565/40/506 623/38/506 625/40/506
f 566/64/507 564/62/507 624/62/507
f 566/64/507 624/62/507 626/64/507
f 567/41/508 565/40/508 625/40/508
f 567/41/508 625/40/508 627/41/508
f 568/65/509 566/64/509 626/64/509
f 568/65/509 626/64/509 628/65/509
f 569/43/510 567/41/510 627/41/510
f 569/43/510 627/41/510 629/43/510
f 570/67/511 568/65/511 628/65/511
f 570/67/511 628/65/511 630/67/511
f 571/44/512 569/43/512 629/43/512
f 571/44/512 629/43/512 631/44/512
f 508/68/513 570/67/513 630/67/513
f 508/68/513 630/67/513 632/68/513
f 543/46/514 571/44/514 631/44/514
f 543/46/514 631/44/514 633/46/514
f 509/70/515 508/68/515 632/68/515
f 509/70/515 632/68/515 634/70/515
f 540/47/516 543/46/516 633/46/516
f 540/47/516 633/46/516 541/47/516
f 544/72/517 509/70/517 634/70/517
f 544/72/517 634/70/517 606/72/517
f 635/25/518 636/26/518 637/27/518
f 635/25/518 637/27/518 638/28/518
f 638/28/519 637/27/519 639/29/519
f 638/28/519 639/29/519 640/30/519
f 640/30/520 639/29/520 641/31/520
f 640/30/520 641/31/520 642/32/520
f 642/32/521 641/31/521 643/33/521
f 642/32/521 643/33/521 644/23/521
f 644/23/522 643/33/522 645/34/522
f 644/23/522 645/34/522 646/35/522
f 646/35/523 645/34/523 647/36/523
f 646/35/523 647/36/523 648/37/523
f 648/37/524 647/36/524 649/38/524
f 648/37/524 649/38/524 650/39/524
f 650/39/525 649/38/525 651/40/525
f 650/39/525 651/40/525 652/15/525
f 652/15/526 651/40/526 653/41/526
f 652/15/526 653/41/526 654/42/526
f 654/42/527 653/41/527 655/43/527
f 654/42/527 655/43/527 656/13/527
f 656/13/528 655/43/528 657/44/528
f 656/13/528 657/44/528 658/45/528
f 658/45/529 657/44/529 659/46/529
f 658/45/529 659/46/529 660/5/529
f 660/5/530 659/46/530 661/47/530
f 660/5/530 661/47/530 662/48/530
f 662/48/531 661/47/531 663/49/531
f 662/48/531 663/49/531 664/50/531
f 664/50/532 663/49/532 665/51/532
f 664/50/532 665/51/532 666/52/532
f 666/52/533 665/51/533 667/53/533
f 666/52/533 667/53/533 668/54/533
f 668/54/534 667/53/534 669/55/534
f 668/54/534 669/55/534 670/56/534
f 670/56/535 669/55/535 671/57/535
f 670/56/535 671/57/535 672/58/535
f 672/58/536 671/57/536 673/59/536
f 672/58/536 673/59/536 674/60/536
f 674/60/537 673/59/537 675/61/537
f 674/60/537 675/61/537 676/6/537
f 676/6/538 675/61/538 677/62/538
f 676/6/538 677/62/538 678/63/538
f 678/63/539 677/62/539 679/64/539
f 678/63/539 679/64/539 680/10/539
f 680/10/540 679/64/540 681/65/540
f 680/10/540 681/65/540 682/66/540
f 682/66/541 681/65/541 683/67/541
f 682/66/541 683/67/541 684/9/541
f 684/9/542 683/67/542 685/68/542
f 684/9/542 685/68/542 686/69/542
f 686/69/543 685/68/543 687/70/543
f 686/69/543 687/70/543 688/71/543
f 688/71/544 687/70/544 689/72/544
f 688/71/544 689/72/544 690/73/544
f 690/73/545 689/72/545 691/74/545
f 690/73/545 691/74/545 692/24/545
f 692/24/546 691/74/546 693/75/546
f 692/24/546 693/75/546 694/76/546
f 694/76/547 693/75/547 695/77/547
f 694/76/547 695/77/547 696/78/547
f 643/33/548 641/31/548 697/31/548
f 643/33/548 697/31/548 698/33/548
f 696/78/549 695/77/549 699/111/549
f 696/78/549 699/111/549 700/112/549
f 700/112/550 699/111/550 701/113/550
f 700/112/550 701/113/550 702/114/550
f 703/115/389 704/116/389 705/117/389
f 705/117/389 706/118/389 707/119/389
f 707/119/389 708/120/389 709/121/389
f 709/121/389 710/122/389 711/123/389
f 711/123/389 712/124/389 713/125/389
f 713/125/389 714/126/389 715/127/389
f 715/127/389 716/128/389 717/129/389
f 717/129/389 718/130/389 719/131/389
f 719/131/389 720/132/389 721/133/389
f 721/133/389 722/134/389 723/135/389
f 723/135/389 724/136/389 725/137/389
f 725/137/389 726/138/389 727/139/389
f 727/139/389 728/140/389 729/141/389
f 729/141/389 730/142/389 731/143/389
f 731/143/389 732/144/389 733/145/389
f 733/145/389 734/146/389 703/115/389
f 703/115/389 705/117/389 707/119/389
f 707/119/389 709/121/389 711/123/389
f 711/123/389 713/125/389 715/127/389
f 715/127/389 717/129/389 719/131/389
f 719/131/389 721/133/389 723/135/389
f 723/135/389 725/137/389 727/139/389
f 727/139/389 729/141/389 731/143/389
f 731/143/389 733/145/389 703/115/389
f 703/115/389 707/119/389 711/123/389
f 711/123/389 715/127/389 719/131/389
f 719/131/389 723/135/389 727/139/389
f 727/139/389 731/143/389 703/115/389
f 703/115/389 711/123/389 719/131/389
f 719/131/389 727/139/389 703/115/389
f 735/65/551 736/64/551 737/65/551
f 736/64/551 738/64/551 737/65/551
f 661/47/552 659/46/552 739/46/552
f 661/47/552 739/46/552 740/47/552
f 679/64/553 677/62/553 741/62/553
f 679/64/553 741/62/553 736/64/553
f 699/111/554 695/77/554 742/77/554
f 699/111/554 742/77/554 743/111/554
f 653/41/555 651/40/555 744/40/555
f 653/41/555 744/40/555 745/41/555
f 671/57/556 669/55/556 746/55/556
f 671/57/556 746/55/556 747/57/556
f 689/72/557 687/70/557 748/70/557
f 689/72/557 748/70/557 749/72/557
f 645/34/558 643/33/558 698/33/558
f 645/34/558 698/33/558 750/34/558
f 663/49/559 661/47/559 740/47/559
f 663/49/559 740/47/559 751/49/559
f 681/65/560 679/64/560 736/64/560
f 681/65/560 736/64/560 735/65/560
f 637/27/561 636/26/561 752/26/561
f 637/27/561 752/26/561 753/27/561
f 701/113/562 699/111/562 743/111/562
f 701/113/562 743/111/562 754/113/562
f 655/43/563 653/41/563 745/41/563
f 655/43/563 745/41/563 755/43/563
f 673/59/564 671/57/564 747/57/564
f 673/59/564 747/57/564 756/59/564
f 691/74/565 689/72/565 749/72/565
f 691/74/565 749/72/565 757/74/565
f 647/36/566 645/34/566 750/34/566
f 647/36/566 750/34/566 758/36/566
f 665/51/567 663/49/567 751/49/567
f 665/51/567 751/49/567 759/51/567
f 683/67/568 681/65/568 735/65/568
f 683/67/568 735/65/568 760/67/568
f 639/29/569 637/27/569 753/27/569
f 639/29/569 753/27/569 761/29/569
f 657/44/570 655/43/570 755/43/570
f 657/44/570 755/43/570 762/44/570
f 675/61/571 673/59/571 756/59/571
f 675/61/571 756/59/571 763/61/571
f 693/75/572 691/74/572 757/74/572
f 693/75/572 757/74/572 764/75/572
f 649/38/573 647/36/573 758/36/573
f 649/38/573 758/36/573 765/38/573
f 667/53/574 665/51/574 759/51/574
f 667/53/574 759/51/574 766/53/574
f 685/68/575 683/67/575 760/67/575
f 685/68/575 760/67/575 767/68/575
f 641/31/576 639/29/576 761/29/576
f 641/31/576 761/29/576 697/31/576
f 659/46/577 657/44/577 762/44/577
f 659/46/577 762/44/577 739/46/577
f 677/62/578 675/61/578 763/61/578
f 677/62/578 763/61/578 741/62/578
f 695/77/579 693/75/579 764/75/579
f 695/77/579 764/75/579 742/77/579
f 651/40/580 649/38/580 765/38/580
f 651/40/580 765/38/580 744/40/580
f 669/55/581 667/53/581 766/53/581
f 669/55/581 766/53/581 746/55/581
f 687/70/582 685/68/582 767/68/582
f 687/70/582 767/68/582 748/70/582
f 768/70/583 769/68/583 770/68/583
f 768/70/583 770/68/583 771/70/583
f 755/43/584 745/41/584 772/41/584
f 755/43/584 772/41/584 773/43/584
f 760/67/585 735/65/585 737/65/585
f 760/67/585 737/65/585 774/67/585
f 762/44/586 755/43/586 773/43/586
f 762/44/586 773/43/586 775/44/586
f 767/68/587 760/67/587 774/67/587
f 767/68/587 774/67/587 769/68/587
f 739/46/588 762/44/588 775/44/588
f 739/46/588 775/44/588 776/46/588
f 748/70/589 767/68/589 769/68/589
f 748/70/589 769/68/589 768/70/589
f 740/47/590 739/46/590 776/46/590
f 740/47/590 776/46/590 777/47/590
f 749/72/591 748/70/591 768/70/591
f 749/72/591 768/70/591 778/72/591
f 751/49/592 740/47/592 777/47/592
f 751/49/592 777/47/592 779/49/592
f 753/27/593 752/26/593 780/26/593
f 753/27/593 780/26/593 781/27/593
f 757/74/594 749/72/594 778/72/594
f 757/74/594 778/72/594 782/74/594
f 759/51/595 751/49/595 779/49/595
f 759/51/595 779/49/595 783/51/595
f 761/29/596 753/27/596 781/27/596
f 761/29/596 781/27/596 784/29/596
f 764/75/597 757/74/597 782/74/597
f 764/75/597 782/74/597 785/75/597
f 766/53/598 759/51/598 783/51/598
f 766/53/598 783/51/598 786/53/598
f 697/31/599 761/29/599 784/29/599
f 697/31/599 784/29/599 787/31/599
f 742/77/600 764/75/600 785/75/600
f 742/77/600 785/75/600 788/77/600
f 746/55/601 766/53/601 786/53/601
f 746/55/601 786/53/601 789/55/601
f 698/33/602 697/31/602 787/31/602
f 698/33/602 787/31/602 790/33/602
f 743/111/603 742/77/603 788/77/603
f 743/111/603 788/77/603 791/111/603
f 747/57/604 746/55/604 789/55/604
f 747/57/604 789/55/604 792/57/604
f 750/34/605 698/33/605 793/34/605
f 698/33/605 790/33/605 793/34/605
f 754/113/606 743/111/606 791/111/606
f 754/113/606 791/111/606 794/113/606
f 756/59/607 747/57/607 792/57/607
f 756/59/607 792/57/607 795/59/607
f 758/36/608 750/34/608 796/36/608
f 750/34/608 793/34/608 796/36/608
f 763/61/609 756/59/609 795/59/609
f 763/61/609 795/59/609 797/61/609
f 765/38/610 758/36/610 798/38/610
f 758/36/610 796/36/610 798/38/610
f 741/62/611 763/61/611 799/62/611
f 763/61/611 797/61/611 799/62/611
f 744/40/612 765/38/612 798/38/612
f 744/40/612 798/38/612 800/40/612
f 736/64/613 741/62/613 738/64/613
f 741/62/613 799/62/613 738/64/613
f 745/41/614 744/40/614 800/40/614
f 745/41/614 800/40/614 772/41/614
f 801/49/615 802/47/615 803/47/615
f 801/49/615 803/47/615 804/49/615
f 777/47/616 776/46/616 805/46/616
f 777/47/616 805/46/616 802/47/616
f 778/72/617 768/70/617 771/70/617
f 778/72/617 771/70/617 806/72/617
f 779/49/618 777/47/618 802/47/618
f 779/49/618 802/47/618 801/49/618
f 781/27/619 780/26/619 807/26/619
f 781/27/619 807/26/619 808/27/619
f 782/74/620 778/72/620 806/72/620
f 782/74/620 806/72/620 809/74/620
f 783/51/621 779/49/621 801/49/621
f 783/51/621 801/49/621 810/51/621
f 784/29/622 781/27/622 808/27/622
f 784/29/622 808/27/622 811/29/622
f 785/75/623 782/74/623 809/74/623
f 785/75/623 809/74/623 812/75/623
f 786/53/624 783/51/624 810/51/624
f 786/53/624 810/51/624 813/53/624
f 787/31/625 784/29/625 811/29/625
f 787/31/625 811/29/625 814/31/625
f 788/77/626 785/75/626 812/75/626
f 788/77/626 812/75/626 815/77/626
f 789/55/627 786/53/627 813/53/627
f 789/55/627 813/53/627 816/55/627
f 790/33/628 787/31/628 814/31/628
f 790/33/628 814/31/628 817/33/628
f 791/111/629 788/77/629 815/77/629
f 791/111/629 815/77/629 818/111/629
f 792/57/630 789/55/630 816/55/630
f 792/57/630 816/55/630 819/57/630
f 793/34/631 790/33/631 817/33/631
f 793/34/631 817/33/631 820/34/631
f 794/113/632 791/111/632 818/111/632
f 794/113/632 818/111/632 821/113/632
f 795/59/633 792/57/633 819/57/633
f 795/59/633 819/57/633 822/59/633
f 796/36/634 793/34/634 820/34/634
f 796/36/634 820/34/634 823/36/634
f 797/61/635 795/59/635 822/59/635
f 797/61/635 822/59/635 824/61/635
f 798/38/636 796/36/636 823/36/636
f 798/38/636 823/36/636 825/38/636
f 799/62/637 797/61/637 824/61/637
f 799/62/637 824/61/637 826/62/637
f 800/40/638 798/38/638 825/38/638
f 800/40/638 825/38/638 827/40/638
f 738/64/639 799/62/639 826/62/639
f 738/64/639 826/62/639 828/64/639
f 772/41/640 800/40/640 827/40/640
f 772/41/640 827/40/640 829/41/640
f 737/65/641 738/64/641 828/64/641
f 737/65/641 828/64/641 830/65/641
f 773/43/642 772/41/642 829/41/642
f 773/43/642 829/41/642 831/43/642
f 774/67/643 737/65/643 830/65/643
f 774/67/643 830/65/643 832/67/643
f 775/44/644 773/43/644 831/43/644
f 775/44/644 831/43/644 833/44/644
f 769/68/645 774/67/645 832/67/645
f 769/68/645 832/67/645 770/68/645
f 776/46/646 775/44/646 833/44/646
f 776/46/646 833/44/646 805/46/646
f 834/152/486 835/149/486 836/150/486
f 836/150/486 837/210/486 838/208/486
f 838/208/486 839/206/486 840/204/486
f 840/204/486 841/202/486 842/200/486
f 842/200/486 843/198/486 844/196/486
f 844/196/486 845/194/486 846/192/486
f 846/192/486 847/190/486 848/188/486
f 848/188/486 849/186/486 850/184/486
f 850/184/486 851/182/486 852/180/486
f 852/180/486 853/178/486 854/176/486
f 854/176/486 855/174/486 856/172/486
f 856/172/486 857/170/486 858/168/486
f 858/168/486 859/166/486 860/164/486
f 860/164/486 861/162/486 862/160/486
f 862/160/486 863/158/486 864/156/486
f 864/156/486 865/154/486 834/152/486
f 834/152/486 836/150/486 838/208/486
f 838/208/486 840/204/486 842/200/486
f 842/200/486 844/196/486 846/192/486
f 846/192/486 848/188/486 850/184/486
f 850/184/486 852/180/486 854/176/486
f 854/176/486 856/172/486 858/168/486
f 858/168/486 860/164/486 862/160/486
f 862/160/486 864/156/486 834/152/486
f 834/152/486 838/208/486 842/200/486
f 842/200/486 846/192/486 850/184/486
f 850/184/486 854/176/486 858/168/486
f 858/168/486 862/160/486 834/152/486
f 834/152/486 842/200/486 850/184/486
f 850/184/486 858/168/486 834/152/486
f 808/27/647 807/26/647 866/26/647
f 808/27/647 866/26/647 867/27/647
f 809/74/648 806/72/648 868/72/648
f 809/74/648 868/72/648 869/74/648
f 810/51/649 801/49/649 804/49/649
f 810/51/649 804/49/649 870/51/649
f 811/29/650 808/27/650 867/27/650
f 811/29/650 867/27/650 871/29/650
f 812/75/651 809/74/651 869/74/651
f 812/75/651 869/74/651 872/75/651
f 813/53/652 810/51/652 870/51/652
f 813/53/652 870/51/652 873/53/652
f 814/31/653 811/29/653 871/29/653
f 814/31/653 871/29/653 874/31/653
f 815/77/654 812/75/654 872/75/654
f 815/77/654 872/75/654 875/77/654
f 816/55/655 813/53/655 873/53/655
f 816/55/655 873/53/655 876/55/655
f 817/33/656 814/31/656 874/31/656
f 817/33/656 874/31/656 877/33/656
f 818/111/657 815/77/657 875/77/657
f 818/111/657 875/77/657 878/111/657
f 819/57/658 816/55/658 876/55/658
f 819/57/658 876/55/658 879/57/658
f 820/34/659 817/33/659 877/33/659
f 820/34/659 877/33/659 880/34/659
f 821/113/660 818/111/660 878/111/660
f 821/113/660 878/111/660 881/113/660
f 822/59/661 819/57/661 879/57/661
f 822/59/661 879/57/661 882/59/661
f 823/36/662 820/34/662 880/34/662
f 823/36/662 880/34/662 883/36/662
f 824/61/663 822/59/663 882/59/663
f 824/61/663 882/59/663 884/61/663
f 825/38/664 823/36/664 883/36/664
f 825/38/664 883/36/664 885/38/664
f 826/62/665 824/61/665 884/61/665
f 826/62/665 884/61/665 886/62/665
f 827/40/666 825/38/666 885/38/666
f 827/40/666 885/38/666 887/40/666
f 828/64/667 826/62/667 886/62/667
f 828/64/667 886/62/667 888/64/667
f 829/41/668 827/40/668 887/40/668
f 829/41/668 887/40/668 889/41/668
f 830/65/669 828/64/669 888/64/669
f 830/65/669 888/64/669 890/65/669
f 831/43/670 829/41/670 889/41/670
f 831/43/670 889/41/670 891/43/670
f 832/67/671 830/65/671 890/65/671
f 832/67/671 890/65/671 892/67/671
f 833/44/672 831/43/672 891/43/672
f 833/44/672 891/43/672 893/44/672
f 770/68/673 832/67/673 892/67/673
f 770/68/673 892/67/673 894/68/673
f 805/46/674 833/44/674 893/44/674
f 805/46/674 893/44/674 895/46/674
f 771/70/675 770/68/675 894/68/675
f 771/70/675 894/68/675 896/70/675
f 802/47/676 805/46/676 895/46/676
f 802/47/676 895/46/676 803/47/676
f 806/72/677 771/70/677 896/70/677
f 806/72/677 896/70/677 868/72/677
f 897/25/372 898/26/372 899/27/372
f 897/25/372 899/27/372 900/28/372
f 900/28/373 899/27/373 901/29/373
f 900/28/373 901/29/373 902/30/373
f 902/30/374 901/29/374 903/31/374
f 902/30/374 903/31/374 904/32/374
f 904/32/375 903/31/375 905/33/375
f 904/32/375 905/33/375 906/23/375
f 906/23/376 905/33/376 907/34/376
f 906/23/376 907/34/376 908/35/376
f 908/35/377 907/34/377 909/36/377
f 908/35/377 909/36/377 910/37/377
f 910/37/378 909/36/378 911/38/378
f 910/37/378 911/38/378 912/39/378
f 912/39/379 911/38/379 913/40/379
f 912/39/379 913/40/379 914/15/379
f 914/15/380 913/40/380 915/41/380
f 914/15/380 915/41/380 916/42/380
f 916/42/381 915/41/381 917/43/381
f 916/42/381 917/43/381 918/13/381
f 918/13/382 917/43/382 919/44/382
f 918/13/382 919/44/382 920/45/382
f 920/45/383 919/44/383 921/46/383
f 920/45/383 921/46/383 922/5/383
f 922/5/384 921/46/384 923/47/384
f 922/5/384 923/47/384 924/48/384
f 924/48/385 923/47/385 925/49/385
f 924/48/385 925/49/385 926/50/385
f 926/50/387 925/49/387 927/51/387
f 926/50/387 927/51/387 928/52/387
f 928/52/388 927/51/388 929/53/388
f 928/52/388 929/53/388 930/54/388
f 930/54/356 929/53/356 931/55/356
f 930/54/356 931/55/356 932/56/356
f 932/56/357 931/55/357 933/57/357
f 932/56/357 933/57/357 934/58/357
f 934/58/358 933/57/358 935/59/358
f 934/58/358 935/59/358 936/60/358
f 936/60/359 935/59/359 937/61/359
f 936/60/359 937/61/359 938/6/359
f 938/6/360 937/61/360 939/62/360
f 938/6/360 939/62/360 940/63/360
f 940/63/361 939/62/361 941/64/361
f 940/63/361 941/64/361 942/10/361
f 942/10/362 941/64/362 943/65/362
f 942/10/362 943/65/362 944/66/362
f 944/66/363 943/65/363 945/67/363
f 944/66/363 945/67/363 946/9/363
f 946/9/364 945/67/364 947/68/364
f 946/9/364 947/68/364 948/69/364
f 948/69/365 947/68/365 949/70/365
f 948/69/365 949/70/365 950/71/365
f 950/71/366 949/70/366 951/72/366
f 950/71/366 951/72/366 952/73/366
f 952/73/367 951/72/367 953/74/367
f 952/73/367 953/74/367 954/24/367
f 954/24/368 953/74/368 955/75/368
f 954/24/368 955/75/368 956/76/368
f 956/76/369 955/75/369 957/77/369
f 956/76/369 957/77/369 958/78/369
f 905/33/410 903/31/410 959/31/410
f 905/33/410 959/31/410 960/33/410
f 958/78/370 957/77/370 961/111/370
f 958/78/370 961/111/370 962/112/370
f 962/112/371 961/111/371 963/113/371
f 962/112/371 963/113/371 964/114/371
f 965/115/389 966/116/389 967/117/389
f 967/117/389 968/118/389 969/119/389
f 969/119/389 970/120/389 971/121/389
f 971/121/389 972/122/389 973/123/389
f 973/123/389 974/124/389 975/125/389
f 975/125/389 976/126/389 977/127/389
f 977/127/389 978/128/389 979/129/389
f 979/129/389 980/130/389 981/131/389
f 981/131/389 982/132/389 983/133/389
f 983/133/389 984/134/389 985/135/389
f 985/135/389 986/136/389 987/137/389
f 987/137/389 988/138/389 989/139/389
f 989/139/389 990/140/389 991/141/389
f 991/141/389 992/142/389 993/143/389
f 993/143/389 994/144/389 995/145/389
f 995/145/389 996/146/389 965/115/389
f 965/115/389 967/117/389 969/119/389
f 969/119/389 971/121/389 973/123/389
f 973/123/389 975/125/389 977/127/389
f 977/127/389 979/129/389 981/131/389
f 981/131/389 983/133/389 985/135/389
f 985/135/389 987/137/389 989/139/389
f 989/139/389 991/141/389 993/143/389
f 993/143/389 995/145/389 965/115/389
f 965/115/389 969/119/389 973/123/389
f 973/123/389 977/127/389 981/131/389
f 981/131/389 985/135/389 989/139/389
f 989/139/389 993/143/389 965/115/389
f 965/115/389 973/123/389 981/131/389
f 981/131/389 989/139/389 965/115/389
f 997/65/449 998/64/449 999/64/449
f 997/65/449 999/64/449 1000/65/449
f 923/47/411 921/46/411 1001/46/411
f 923/47/411 1001/46/411 1002/47/411
f 941/64/405 939/62/405 1003/62/405
f 941/64/405 1003/62/405 998/64/405
f 961/111/406 957/77/406 1004/77/406
f 961/111/406 1004/77/406 1005/111/406
f 915/41/414 913/40/414 1006/40/414
f 915/41/414 1006/40/414 1007/41/414
f 933/57/408 931/55/408 1008/55/408
f 933/57/408 1008/55/408 1009/57/408
f 951/72/409 949/70/409 1010/70/409
f 951/72/409 1010/70/409 1011/72/409
f 907/34/417 905/33/417 960/33/417
f 907/34/417 960/33/417 1012/34/417
f 925/49/418 923/47/418 1002/47/418
f 925/49/418 1002/47/418 1013/49/418
f 943/65/412 941/64/412 998/64/412
f 943/65/412 998/64/412 997/65/412
f 899/27/420 898/26/420 1014/26/420
f 899/27/420 1014/26/420 1015/27/420
f 963/113/413 961/111/413 1005/111/413
f 963/113/413 1005/111/413 1016/113/413
f 917/43/421 915/41/421 1007/41/421
f 917/43/421 1007/41/421 1017/43/421
f 935/59/415 933/57/415 1009/57/415
f 935/59/415 1009/57/415 1018/59/415
f 953/74/416 951/72/416 1011/72/416
f 953/74/416 1011/72/416 1019/74/416
f 909/36/392 907/34/392 1012/34/392
f 909/36/392 1012/34/392 1020/36/392
f 927/51/393 925/49/393 1013/49/393
f 927/51/393 1013/49/393 1021/51/393
f 945/67/419 943/65/419 997/65/419
f 945/67/419 997/65/419 1022/67/419
f 901/29/395 899/27/395 1015/27/395
f 901/29/395 1015/27/395 1023/29/395
f 919/44/396 917/43/396 1017/43/396
f 919/44/396 1017/43/396 1024/44/396
f 937/61/386 935/59/386 1018/59/386
f 937/61/386 1018/59/386 1025/61/386
f 955/75/391 953/74/391 1019/74/391
f 955/75/391 1019/74/391 1026/75/391
f 911/38/399 909/36/399 1020/36/399
f 911/38/399 1020/36/399 1027/38/399
f 929/53/401 927/51/401 1021/51/401
f 929/53/401 1021/51/401 1028/53/401
f 947/68/394 945/67/394 1022/67/394
f 947/68/394 1022/67/394 1029/68/394
f 903/31/403 901/29/403 1023/29/403
f 903/31/403 1023/29/403 959/31/403
f 921/46/404 919/44/404 1024/44/404
f 921/46/404 1024/44/404 1001/46/404
f 939/62/397 937/61/397 1025/61/397
f 939/62/397 1025/61/397 1003/62/397
f 957/77/398 955/75/398 1026/75/398
f 957/77/398 1026/75/398 1004/77/398
f 913/40/407 911/38/407 1027/38/407
f 913/40/407 1027/38/407 1006/40/407
f 931/55/400 929/53/400 1028/53/400
f 931/55/400 1028/53/400 1008/55/400
f 949/70/402 947/68/402 1029/68/402
f 949/70/402 1029/68/402 1010/70/402
f 1030/70/481 1031/68/481 1032/68/481
f 1030/70/481 1032/68/481 1033/70/481
f 1017/43/428 1007/41/428 1034/41/428
f 1017/43/428 1034/41/428 1035/43/428
f 1022/67/451 997/65/451 1000/65/451
f 1022/67/451 1000/65/451 1036/67/451
f 1024/44/430 1017/43/430 1035/43/430
f 1024/44/430 1035/43/430 1037/44/430
f 1029/68/453 1022/67/453 1036/67/453
f 1029/68/453 1036/67/453 1031/68/453
f 1001/46/433 1024/44/433 1037/44/433
f 1001/46/433 1037/44/433 1038/46/433
f 1010/70/423 1029/68/423 1031/68/423
f 1010/70/423 1031/68/423 1030/70/423
f 1002/47/436 1001/46/436 1038/46/436
f 1002/47/436 1038/46/436 1039/47/436
f 1011/72/425 1010/70/425 1030/70/425
f 1011/72/425 1030/70/425 1040/72/425
f 1013/49/439 1002/47/439 1039/47/439
f 1013/49/439 1039/47/439 1041/49/439
f 1015/27/440 1014/26/440 1042/26/440
f 1015/27/440 1042/26/440 1043/27/440
f 1019/74/427 1011/72/427 1040/72/427
f 1019/74/427 1040/72/427 1044/74/427
f 1021/51/442 1013/49/442 1041/49/442
f 1021/51/442 1041/49/442 1045/51/442
f 1023/29/443 1015/27/443 1043/27/443
f 1023/29/443 1043/27/443 1046/29/443
f 1026/75/429 1019/74/429 1044/74/429
f 1026/75/429 1044/74/429 1047/75/429
f 1028/53/678 1021/51/678 1045/51/678
f 1028/53/678 1045/51/678 1048/53/678
f 959/31/446 1023/29/446 1046/29/446
f 959/31/446 1046/29/446 1049/31/446
f 1004/77/431 1026/75/431 1047/75/431
f 1004/77/431 1047/75/431 1050/77/431
f 1008/55/432 1028/53/432 1048/53/432
f 1008/55/432 1048/53/432 1051/55/432
f 960/33/679 959/31/679 1049/31/679
f 960/33/679 1049/31/679 1052/33/679
f 1005/111/434 1004/77/434 1050/77/434
f 1005/111/434 1050/77/434 1053/111/434
f 1009/57/435 1008/55/435 1051/55/435
f 1009/57/435 1051/55/435 1054/57/435
f 1012/34/450 960/33/450 1052/33/450
f 1012/34/450 1052/33/450 1055/34/450
f 1016/113/437 1005/111/437 1053/111/437
f 1016/113/437 1053/111/437 1056/113/437
f 1018/59/438 1009/57/438 1054/57/438
f 1018/59/438 1054/57/438 1057/59/438
f 1020/36/452 1012/34/452 1055/34/452
f 1020/36/452 1055/34/452 1058/36/452
f 1025/61/441 1018/59/441 1057/59/441
f 1025/61/441 1057/59/441 1059/61/441
f 1027/38/390 1020/36/390 1058/36/390
f 1027/38/390 1058/36/390 1060/38/390
f 1003/62/444 1025/61/444 1059/61/444
f 1003/62/444 1059/61/444 1061/62/444
f 1006/40/424 1027/38/424 1060/38/424
f 1006/40/424 1060/38/424 1062/40/424
f 998/64/447 1003/62/447 1061/62/447
f 998/64/447 1061/62/447 999/64/447
f 1007/41/426 1006/40/426 1062/40/426
f 1007/41/426 1062/40/426 1034/41/426
f 1063/49/494 1064/47/494 1065/47/494
f 1063/49/494 1065/47/494 1066/49/494
f 1039/47/462 1038/46/462 1067/46/462
f 1039/47/462 1067/46/462 1064/47/462
f 1040/72/483 1030/70/483 1033/70/483
f 1040/72/483 1033/70/483 1068/72/483
f 1041/49/465 1039/47/465 1064/47/465
f 1041/49/465 1064/47/465 1063/49/465
f 1043/27/466 1042/26/466 1069/26/466
f 1043/27/466 1069/26/466 1070/27/466
f 1044/74/485 1040/72/485 1068/72/485
f 1044/74/485 1068/72/485 1071/74/485
f 1045/51/468 1041/49/468 1063/49/468
f 1045/51/468 1063/49/468 1072/51/468
f 1046/29/680 1043/27/680 1070/27/680
f 1046/29/680 1070/27/680 1073/29/680
f 1047/75/455 1044/74/455 1071/74/455
f 1047/75/455 1071/74/455 1074/75/455
f 1048/53/471 1045/51/471 1072/51/471
f 1048/53/471 1072/51/471 1075/53/471
f 1049/31/472 1046/29/472 1073/29/472
f 1049/31/472 1073/29/472 1076/31/472
f 1050/77/457 1047/75/457 1074/75/457
f 1050/77/457 1074/75/457 1077/77/457
f 1051/55/458 1048/53/458 1075/53/458
f 1051/55/458 1075/53/458 1078/55/458
f 1052/33/474 1049/31/474 1076/31/474
f 1052/33/474 1076/31/474 1079/33/474
f 1053/111/460 1050/77/460 1077/77/460
f 1053/111/460 1077/77/460 1080/111/460
f 1054/57/461 1051/55/461 1078/55/461
f 1054/57/461 1078/55/461 1081/57/461
f 1055/34/476 1052/33/476 1079/33/476
f 1055/34/476 1079/33/476 1082/34/476
f 1056/113/463 1053/111/463 1080/111/463
f 1056/113/463 1080/111/463 1083/113/463
f 1057/59/464 1054/57/464 1081/57/464
f 1057/59/464 1081/57/464 1084/59/464
f 1058/36/478 1055/34/478 1082/34/478
f 1058/36/478 1082/34/478 1085/36/478
f 1059/61/467 1057/59/467 1084/59/467
f 1059/61/467 1084/59/467 1086/61/467
f 1060/38/480 1058/36/480 1085/36/480
f 1060/38/480 1085/36/480 1087/38/480
f 1061/62/470 1059/61/470 1086/61/470
f 1061/62/470 1086/61/470 1088/62/470
f 1062/40/482 1060/38/482 1087/38/482
f 1062/40/482 1087/38/482 1089/40/482
f 999/64/473 1061/62/473 1088/62/473
f 999/64/473 1088/62/473 1090/64/473
f 1034/41/484 1062/40/484 1089/40/484
f 1034/41/484 1089/40/484 1091/41/484
f 1000/65/475 999/64/475 1090/64/475
f 1000/65/475 1090/64/475 1092/65/475
f 1035/43/422 1034/41/422 1091/41/422
f 1035/43/422 1091/41/422 1093/43/422
f 1036/67/477 1000/65/477 1092/65/477
f 1036/67/477 1092/65/477 1094/67/477
f 1037/44/456 1035/43/456 1093/43/456
f 1037/44/456 1093/43/456 1095/44/456
f 1031/68/479 1036/67/479 1094/67/479
f 1031/68/479 1094/67/479 1032/68/479
f 1038/46/459 1037/44/459 1095/44/459
f 1038/46/459 1095/44/459 1067/46/459
f 1096/152/486 1097/149/486 1098/150/486
f 1098/150/486 1099/210/486 1100/208/486
f 1100/208/486 1101/206/486 1102/204/486
f 1102/204/486 1103/202/486 1104/200/486
f 1104/200/486 1105/198/486 1106/196/486
f 1106/196/486 1107/194/486 1108/192/486
f 1108/192/486 1109/190/486 1110/188/486
f 1110/188/486 1111/186/486 1112/184/486
f 1112/184/486 1113/182/486 1114/180/486
f 1114/180/486 1115/178/486 1116/176/486
f 1116/176/486 1117/174/486 1118/172/486
f 1118/172/486 1119/170/486 1120/168/486
f 1120/168/486 1121/166/486 1122/164/486
f 1122/164/486 1123/162/486 1124/160/486
f 1124/160/486 1125/158/486 1126/156/486
f 1126/156/486 1127/154/486 1096/152/486
f 1096/152/486 1098/150/486 1100/208/486
f 1100/208/486 1102/204/486 1104/200/486
f 1104/200/486 1106/196/486 1108/192/486
f 1108/192/486 1110/188/486 1112/184/486
f 1112/184/486 1114/180/486 1116/176/486
f 1116/176/486 1118/172/486 1120/168/486
f 1120/168/486 1122/164/486 1124/160/486
f 1124/160/486 1126/156/486 1096/152/486
f 1096/152/486 1100/208/486 1104/200/486
f 1104/200/486 1108/192/486 1112/184/486
f 1112/184/486 1116/176/486 1120/168/486
f 1120/168/486 1124/160/486 1096/152/486
f 1096/152/486 1104/200/486 1112/184/486
f 1112/184/486 1120/168/486 1096/152/486
f 1070/27/495 1069/26/495 1128/26/495
f 1070/27/495 1128/26/495 1129/27/495
f 1071/74/514 1068/72/514 1130/72/514
f 1071/74/514 1130/72/514 1131/74/514
f 1072/51/497 1063/49/497 1066/49/497
f 1072/51/497 1066/49/497 1132/51/497
f 1073/29/498 1070/27/498 1129/27/498
f 1073/29/498 1129/27/498 1133/29/498
f 1074/75/516 1071/74/516 1131/74/516
f 1074/75/516 1131/74/516 1134/75/516
f 1075/53/500 1072/51/500 1132/51/500
f 1075/53/500 1132/51/500 1135/53/500
f 1076/31/681 1073/29/681 1133/29/681
f 1076/31/681 1133/29/681 1136/31/681
f 1077/77/454 1074/75/454 1134/75/454
f 1077/77/454 1134/75/454 1137/77/454
f 1078/55/487 1075/53/487 1135/53/487
f 1078/55/487 1135/53/487 1138/55/487
f 1079/33/503 1076/31/503 1136/31/503
f 1079/33/503 1136/31/503 1139/33/503
f 1080/111/489 1077/77/489 1137/77/489
f 1080/111/489 1137/77/489 1140/111/489
f 1081/57/682 1078/55/682 1138/55/682
f 1081/57/682 1138/55/682 1141/57/682
f 1082/34/505 1079/33/505 1139/33/505
f 1082/34/505 1139/33/505 1142/34/505
f 1083/113/492 1080/111/492 1140/111/492
f 1083/113/492 1140/111/492 1143/113/492
f 1084/59/683 1081/57/683 1141/57/683
f 1084/59/683 1141/57/683 1144/59/683
f 1085/36/507 1082/34/507 1142/34/507
f 1085/36/507 1142/34/507 1145/36/507
f 1086/61/496 1084/59/496 1144/59/496
f 1086/61/496 1144/59/496 1146/61/496
f 1087/38/509 1085/36/509 1145/36/509
f 1087/38/509 1145/36/509 1147/38/509
f 1088/62/499 1086/61/499 1146/61/499
f 1088/62/499 1146/61/499 1148/62/499
f 1089/40/511 1087/38/511 1147/38/511
f 1089/40/511 1147/38/511 1149/40/511
f 1090/64/502 1088/62/502 1148/62/502
f 1090/64/502 1148/62/502 1150/64/502
f 1091/41/513 1089/40/513 1149/40/513
f 1091/41/513 1149/40/513 1151/41/513
f 1092/65/504 1090/64/504 1150/64/504
f 1092/65/504 1150/64/504 1152/65/504
f 1093/43/515 1091/41/515 1151/41/515
f 1093/43/515 1151/41/515 1153/43/515
f 1094/67/506 1092/65/506 1152/65/506
f 1094/67/506 1152/65/506 1154/67/506
f 1095/44/517 1093/43/517 1153/43/517
f 1095/44/517 1153/43/517 1155/44/517
f 1032/68/508 1094/67/508 1154/67/508
f 1032/68/508 1154/67/508 1156/68/508
f 1067/46/488 1095/44/488 1155/44/488
f 1067/46/488 1155/44/488 1157/46/488
f 1033/70/510 1032/68/510 1156/68/510
f 1033/70/510 1156/68/510 1158/70/510
f 1064/47/491 1067/46/491 1157/46/491
f 1064/47/491 1157/46/491 1065/47/491
f 1068/72/512 1033/70/512 1158/70/512
f 1068/72/512 1158/70/512 1130/72/512
f 1159/25/684 1160/26/684 1161/27/684
f 1159/25/684 1161/27/684 1162/28/684
f 1162/28/685 1161/27/685 1163/29/685
f 1162/28/685 1163/29/685 1164/30/685
f 1164/30/686 1163/29/686 1165/31/686
f 1164/30/686 1165/31/686 1166/32/686
f 1166/32/687 1165/31/687 1167/33/687
f 1166/32/687 1167/33/687 1168/23/687
f 1168/23/688 1167/33/688 1169/34/688
f 1168/23/688 1169/34/688 1170/35/688
f 1170/35/689 1169/34/689 1171/36/689
f 1170/35/689 1171/36/689 1172/37/689
f 1172/37/690 1171/36/690 1173/38/690
f 1172/37/690 1173/38/690 1174/39/690
f 1174/39/691 1173/38/691 1175/40/691
f 1174/39/691 1175/40/691 1176/15/691
f 1176/15/692 1175/40/692 1177/41/692
f 1176/15/692 1177/41/692 1178/42/692
f 1178/42/693 1177/41/693 1179/43/693
f 1178/42/693 1179/43/693 1180/13/693
f 1180/13/694 1179/43/694 1181/44/694
f 1180/13/694 1181/44/694 1182/45/694
f 1182/45/695 1181/44/695 1183/46/695
f 1182/45/695 1183/46/695 1184/5/695
f 1184/5/696 1183/46/696 1185/47/696
f 1184/5/696 1185/47/696 1186/48/696
f 1186/48/697 1185/47/697 1187/49/697
f 1186/48/697 1187/49/697 1188/50/697
f 1188/50/698 1187/49/698 1189/51/698
f 1188/50/698 1189/51/698 1190/52/698
f 1190/52/699 1189/51/699 1191/53/699
f 1190/52/699 1191/53/699 1192/54/699
f 1192/54/700 1191/53/700 1193/55/700
f 1192/54/700 1193/55/700 1194/56/700
f 1194/56/701 1193/55/701 1195/57/701
f 1194/56/701 1195/57/701 1196/58/701
f 1196/58/702 1195/57/702 1197/59/702
f 1196/58/702 1197/59/702 1198/60/702
f 1198/60/703 1197/59/703 1199/61/703
f 1198/60/703 1199/61/703 1200/6/703
f 1200/6/704 1199/61/704 1201/62/704
f 1200/6/704 1201/62/704 1202/63/704
f 1202/63/705 1201/62/705 1203/64/705
f 1202/63/705 1203/64/705 1204/10/705
f 1204/10/706 1203/64/706 1205/65/706
f 1204/10/706 1205/65/706 1206/66/706
f 1206/66/707 1205/65/707 1207/67/707
f 1206/66/707 1207/67/707 1208/9/707
f 1208/9/708 1207/67/708 1209/68/708
f 1208/9/708 1209/68/708 1210/69/708
f 1210/69/709 1209/68/709 1211/70/709
f 1210/69/709 1211/70/709 1212/71/709
f 1212/71/710 1211/70/710 1213/72/710
f 1212/71/710 1213/72/710 1214/73/710
f 1214/73/711 1213/72/711 1215/74/711
f 1214/73/711 1215/74/711 1216/24/711
f 1216/24/712 1215/74/712 1217/75/712
f 1216/24/712 1217/75/712 1218/76/712
f 1218/76/713 1217/75/713 1219/77/713
f 1218/76/713 1219/77/713 1220/78/713
f 1167/33/714 1165/31/714 1221/31/714
f 1167/33/714 1221/31/714 1222/33/714
f 1220/78/715 1219/77/715 1223/111/715
f 1220/78/715 1223/111/715 1224/112/715
f 1224/112/716 1223/111/716 1225/113/716
f 1224/112/716 1225/113/716 1226/114/716
f 1227/115/389 1228/116/389 1229/117/389
f 1229/117/389 1230/118/389 1231/119/389
f 1231/119/389 1232/120/389 1233/121/389
f 1233/121/389 1234/122/389 1235/123/389
f 1235/123/389 1236/124/389 1237/125/389
f 1237/125/389 1238/126/389 1239/127/389
f 1239/127/389 1240/128/389 1241/129/389
f 1241/129/389 1242/130/389 1243/131/389
f 1243/131/389 1244/132/389 1245/133/389
f 1245/133/389 1246/134/389 1247/135/389
f 1247/135/389 1248/136/389 1249/137/389
f 1249/137/389 1250/138/389 1251/139/389
f 1251/139/389 1252/140/389 1253/141/389
f 1253/141/389 1254/142/389 1255/143/389
f 1255/143/389 1256/144/389 1257/145/389
f 1257/145/389 1258/146/389 1227/115/389
f 1227/115/389 1229/117/389 1231/119/389
f 1231/119/389 1233/121/389 1235/123/389
f 1235/123/389 1237/125/389 1239/127/389
f 1239/127/389 1241/129/389 1243/131/389
f 1243/131/389 1245/133/389 1247/135/389
f 1247/135/389 1249/137/389 1251/139/389
f 1251/139/389 1253/141/389 1255/143/389
f 1255/143/389 1257/145/389 1227/115/389
f 1227/115/389 1231/119/389 1235/123/389
f 1235/123/389 1239/127/389 1243/131/389
f 1243/131/389 1247/135/389 1251/139/389
f 1251/139/389 1255/143/389 1227/115/389
f 1227/115/389 1235/123/389 1243/131/389
f 1243/131/389 1251/139/389 1227/115/389
f 1259/65/717 1260/64/717 1261/64/717
f 1259/65/717 1261/64/717 1262/65/717
f 1185/47/718 1183/46/718 1263/46/718
f 1185/47/718 1263/46/718 1264/47/718
f 1203/64/719 1201/62/719 1265/62/719
f 1203/64/719 1265/62/719 1260/64/719
f 1223/111/720 1219/77/720 1266/77/720
f 1223/111/720 1266/77/720 1267/111/720
f 1177/41/721 1175/40/721 1268/40/721
f 1177/41/721 1268/40/721 1269/41/721
f 1195/57/722 1193/55/722 1270/55/722
f 1195/57/722 1270/55/722 1271/57/722
f 1213/72/723 1211/70/723 1272/70/723
f 1213/72/723 1272/70/723 1273/72/723
f 1169/34/724 1167/33/724 1222/33/724
f 1169/34/724 1222/33/724 1274/34/724
f 1187/49/725 1185/47/725 1264/47/725
f 1187/49/725 1264/47/725 1275/49/725
f 1205/65/726 1203/64/726 1260/64/726
f 1205/65/726 1260/64/726 1259/65/726
f 1161/27/727 1160/26/727 1276/26/727
f 1161/27/727 1276/26/727 1277/27/727
f 1225/113/728 1223/111/728 1267/111/728
f 1225/113/728 1267/111/728 1278/113/728
f 1179/43/729 1177/41/729 1269/41/729
f 1179/43/729 1269/41/729 1279/43/729
f 1197/59/730 1195/57/730 1271/57/730
f 1197/59/730 1271/57/730 1280/59/730
f 1215/74/731 1213/72/731 1273/72/731
f 1215/74/731 1273/72/731 1281/74/731
f 1171/36/732 1169/34/732 1274/34/732
f 1171/36/732 1274/34/732 1282/36/732
f 1189/51/733 1187/49/733 1275/49/733
f 1189/51/733 1275/49/733 1283/51/733
f 1207/67/734 1205/65/734 1259/65/734
f 1207/67/734 1259/65/734 1284/67/734
f 1163/29/735 1161/27/735 1277/27/735
f 1163/29/735 1277/27/735 1285/29/735
f 1181/44/736 1179/43/736 1279/43/736
f 1181/44/736 1279/43/736 1286/44/736
f 1199/61/737 1197/59/737 1280/59/737
f 1199/61/737 1280/59/737 1287/61/737
f 1217/75/738 1215/74/738 1281/74/738
f 1217/75/738 1281/74/738 1288/75/738
f 1173/38/739 1171/36/739 1282/36/739
f 1173/38/739 1282/36/739 1289/38/739
f 1191/53/740 1189/51/740 1283/51/740
f 1191/53/740 1283/51/740 1290/53/740
f 1209/68/741 1207/67/741 1284/67/741
f 1209/68/741 1284/67/741 1291/68/741
f 1165/31/742 1163/29/742 1285/29/742
f 1165/31/742 1285/29/742 1221/31/742
f 1183/46/743 1181/44/743 1286/44/743
f 1183/46/743 1286/44/743 1263/46/743
f 1201/62/744 1199/61/744 1287/61/744
f 1201/62/744 1287/61/744 1265/62/744
f 1219/77/745 1217/75/745 1288/75/745
f 1219/77/745 1288/75/745 1266/77/745
f 1175/40/746 1173/38/746 1289/38/746
f 1175/40/746 1289/38/746 1268/40/746
f 1193/55/747 1191/53/747 1290/53/747
f 1193/55/747 1290/53/747 1270/55/747
f 1211/70/748 1209/68/748 1291/68/748
f 1211/70/748 1291/68/748 1272/70/748
f 1292/70/749 1293/68/749 1294/68/749
f 1292/70/749 1294/68/749 1295/70/749
f 1279/43/750 1269/41/750 1296/41/750
f 1279/43/750 1296/41/750 1297/43/750
f 1284/67/751 1259/65/751 1262/65/751
f 1284/67/751 1262/65/751 1298/67/751
f 1286/44/752 1279/43/752 1299/44/752
f 1279/43/752 1297/43/752 1299/44/752
f 1291/68/753 1284/67/753 1298/67/753
f 1291/68/753 1298/67/753 1293/68/753
f 1263/46/754 1286/44/754 1300/46/754
f 1286/44/754 1299/44/754 1300/46/754
f 1272/70/755 1291/68/755 1293/68/755
f 1272/70/755 1293/68/755 1292/70/755
f 1264/47/756 1263/46/756 1301/47/756
f 1263/46/756 1300/46/756 1301/47/756
f 1273/72/757 1272/70/757 1302/72/757
f 1272/70/757 1292/70/757 1302/72/757
f 1275/49/758 1264/47/758 1303/49/758
f 1264/47/758 1301/47/758 1303/49/758
f 1277/27/759 1276/26/759 1304/26/759
f 1277/27/759 1304/26/759 1305/27/759
f 1281/74/760 1273/72/760 1306/74/760
f 1273/72/760 1302/72/760 1306/74/760
f 1283/51/761 1275/49/761 1303/49/761
f 1283/51/761 1303/49/761 1307/51/761
f 1285/29/762 1277/27/762 1305/27/762
f 1285/29/762 1305/27/762 1308/29/762
f 1288/75/763 1281/74/763 1309/75/763
f 1281/74/763 1306/74/763 1309/75/763
f 1290/53/764 1283/51/764 1307/51/764
f 1290/53/764 1307/51/764 1310/53/764
f 1221/31/765 1285/29/765 1308/29/765
f 1221/31/765 1308/29/765 1311/31/765
f 1266/77/766 1288/75/766 1312/77/766
f 1288/75/766 1309/75/766 1312/77/766
f 1270/55/767 1290/53/767 1310/53/767
f 1270/55/767 1310/53/767 1313/55/767
f 1222/33/768 1221/31/768 1311/31/768
f 1222/33/768 1311/31/768 1314/33/768
f 1267/111/769 1266/77/769 1312/77/769
f 1267/111/769 1312/77/769 1315/111/769
f 1271/57/770 1270/55/770 1313/55/770
f 1271/57/770 1313/55/770 1316/57/770
f 1274/34/771 1222/33/771 1314/33/771
f 1274/34/771 1314/33/771 1317/34/771
f 1278/113/772 1267/111/772 1315/111/772
f 1278/113/772 1315/111/772 1318/113/772
f 1280/59/773 1271/57/773 1316/57/773
f 1280/59/773 1316/57/773 1319/59/773
f 1282/36/774 1274/34/774 1317/34/774
f 1282/36/774 1317/34/774 1320/36/774
f 1287/61/775 1280/59/775 1319/59/775
f 1287/61/775 1319/59/775 1321/61/775
f 1289/38/776 1282/36/776 1320/36/776
f 1289/38/776 1320/36/776 1322/38/776
f 1265/62/777 1287/61/777 1321/61/777
f 1265/62/777 1321/61/777 1323/62/777
f 1268/40/778 1289/38/778 1322/38/778
f 1268/40/778 1322/38/778 1324/40/778
f 1260/64/779 1265/62/779 1323/62/779
f 1260/64/779 1323/62/779 1261/64/779
f 1269/41/780 1268/40/780 1324/40/780
f 1269/41/780 1324/40/780 1296/41/780
f 1325/49/781 1326/47/781 1327/47/781
f 1325/49/781 1327/47/781 1328/49/781
f 1301/47/782 1300/46/782 1329/46/782
f 1301/47/782 1329/46/782 1326/47/782
f 1302/72/783 1292/70/783 1295/70/783
f 1302/72/783 1295/70/783 1330/72/783
f 1303/49/784 1301/47/784 1326/47/784
f 1303/49/784 1326/47/784 1325/49/784
f 1305/27/785 1304/26/785 1331/26/785
f 1305/27/785 1331/26/785 1332/27/785
f 1306/74/786 1302/72/786 1330/72/786
f 1306/74/786 1330/72/786 1333/74/786
f 1307/51/787 1303/49/787 1325/49/787
f 1307/51/787 1325/49/787 1334/51/787
f 1308/29/788 1305/27/788 1332/27/788
f 1308/29/788 1332/27/788 1335/29/788
f 1309/75/789 1306/74/789 1333/74/789
f 1309/75/789 1333/74/789 1336/75/789
f 1310/53/790 1307/51/790 1334/51/790
f 1310/53/790 1334/51/790 1337/53/790
f 1311/31/791 1308/29/791 1335/29/791
f 1311/31/791 1335/29/791 1338/31/791
f 1312/77/792 1309/75/792 1336/75/792
f 1312/77/792 1336/75/792 1339/77/792
f 1313/55/793 1310/53/793 1337/53/793
f 1313/55/793 1337/53/793 1340/55/793
f 1314/33/794 1311/31/794 1338/31/794
f 1314/33/794 1338/31/794 1341/33/794
f 1315/111/795 1312/77/795 1339/77/795
f 1315/111/795 1339/77/795 1342/111/795
f 1316/57/796 1313/55/796 1340/55/796
f 1316/57/796 1340/55/796 1343/57/796
f 1317/34/797 1314/33/797 1341/33/797
f 1317/34/797 1341/33/797 1344/34/797
f 1318/113/798 1315/111/798 1342/111/798
f 1318/113/798 1342/111/798 1345/113/798
f 1319/59/799 1316/57/799 1343/57/799
f 1319/59/799 1343/57/799 1346/59/799
f 1320/36/800 1317/34/800 1344/34/800
f 1320/36/800 1344/34/800 1347/36/800
f 1321/61/801 1319/59/801 1346/59/801
f 1321/61/801 1346/59/801 1348/61/801
f 1322/38/802 1320/36/802 1347/36/802
f 1322/38/802 1347/36/802 1349/38/802
f 1323/62/803 1321/61/803 1348/61/803
f 1323/62/803 1348/61/803 1350/62/803
f 1324/40/804 1322/38/804 1349/38/804
f 1324/40/804 1349/38/804 1351/40/804
f 1261/64/805 1323/62/805 1350/62/805
f 1261/64/805 1350/62/805 1352/64/805
f 1296/41/806 1324/40/806 1351/40/806
f 1296/41/806 1351/40/806 1353/41/806
f 1262/65/807 1261/64/807 1352/64/807
f 1262/65/807 1352/64/807 1354/65/807
f 1297/43/808 1296/41/808 1353/41/808
f 1297/43/808 1353/41/808 1355/43/808
f 1298/67/809 1262/65/809 1354/65/809
f 1298/67/809 1354/65/809 1356/67/809
f 1299/44/810 1297/43/810 1355/43/810
f 1299/44/810 1355/43/810 1357/44/810
f 1293/68/811 1298/67/811 1356/67/811
f 1293/68/811 1356/67/811 1294/68/811
f 1300/46/812 1299/44/812 1357/44/812
f 1300/46/812 1357/44/812 1329/46/812
f 1358/152/486 1359/149/486 1360/150/486
f 1360/150/486 1361/210/486 1362/208/486
f 1362/208/486 1363/206/486 1364/204/486
f 1364/204/486 1365/202/486 1366/200/486
f 1366/200/486 1367/198/486 1368/196/486
f 1368/196/486 1369/194/486 1370/192/486
f 1370/192/486 1371/190/486 1372/188/486
f 1372/188/486 1373/186/486 1374/184/486
f 1374/184/486 1375/182/486 1376/180/486
f 1376/180/486 1377/178/486 1378/176/486
f 1378/176/486 1379/174/486 1380/172/486
f 1380/172/486 1381/170/486 1382/168/486
f 1382/168/486 1383/166/486 1384/164/486
f 1384/164/486 1385/162/486 1386/160/486
f 1386/160/486 1387/158/486 1388/156/486
f 1388/156/486 1389/154/486 1358/152/486
f 1358/152/486 1360/150/486 1362/208/486
f 1362/208/486 1364/204/486 1366/200/486
f 1366/200/486 1368/196/486 1370/192/486
f 1370/192/486 1372/188/486 1374/184/486
f 1374/184/486 1376/180/486 1378/176/486
f 1378/176/486 1380/172/486 1382/168/486
f 1382/168/486 1384/164/486 1386/160/486
f 1386/160/486 1388/156/486 1358/152/486
f 1358/152/486 1362/208/486 1366/200/486
f 1366/200/486 1370/192/486 1374/184/486
f 1374/184/486 1378/176/486 1382/168/486
f 1382/168/486 1386/160/486 1358/152/486
f 1358/152/486 1366/200/486 1374/184/486
f 1374/184/486 1382/168/486 1358/152/486
f 1332/27/813 1331/26/813 1390/26/813
f 1332/27/813 1390/26/813 1391/27/813
f 1333/74/814 1330/72/814 1392/72/814
f 1333/74/814 1392/72/814 1393/74/814
f 1334/51/815 1325/49/815 1328/49/815
f 1334/51/815 1328/49/815 1394/51/815
f 1335/29/816 1332/27/816 1391/27/816
f 1335/29/816 1391/27/816 1395/29/816
f 1336/75/817 1333/74/817 1393/74/817
f 1336/75/817 1393/74/817 1396/75/817
f 1337/53/818 1334/51/818 1394/51/818
f 1337/53/818 1394/51/818 1397/53/818
f 1338/31/819 1335/29/819 1395/29/819
f 1338/31/819 1395/29/819 1398/31/819
f 1339/77/820 1336/75/820 1396/75/820
f 1339/77/820 1396/75/820 1399/77/820
f 1340/55/821 1337/53/821 1397/53/821
f 1340/55/821 1397/53/821 1400/55/821
f 1341/33/822 1338/31/822 1398/31/822
f 1341/33/822 1398/31/822 1401/33/822
f 1342/111/823 1339/77/823 1399/77/823
f 1342/111/823 1399/77/823 1402/111/823
f 1343/57/824 1340/55/824 1400/55/824
f 1343/57/824 1400/55/824 1403/57/824
f 1344/34/825 1341/33/825 1401/33/825
f 1344/34/825 1401/33/825 1404/34/825
f 1345/113/826 1342/111/826 1402/111/826
f 1345/113/826 1402/111/826 1405/113/826
f 1346/59/827 1343/57/827 1403/57/827
f 1346/59/827 1403/57/827 1406/59/827
f 1347/36/828 1344/34/828 1404/34/828
f 1347/36/828 1404/34/828 1407/36/828
f 1348/61/829 1346/59/829 1406/59/829
f 1348/61/829 1406/59/829 1408/61/829
f 1349/38/830 1347/36/830 1407/36/830
f 1349/38/830 1407/36/830 1409/38/830
f 1350/62/831 1348/61/831 1408/61/831
f 1350/62/831 1408/61/831 1410/62/831
f 1351/40/832 1349/38/832 1409/38/832
f 1351/40/832 1409/38/832 1411/40/832
f 1352/64/833 1350/62/833 1410/62/833
f 1352/64/833 1410/62/833 1412/64/833
f 1353/41/834 1351/40/834 1411/40/834
f 1353/41/834 1411/40/834 1413/41/834
f 1354/65/835 1352/64/835 1412/64/835
f 1354/65/835 1412/64/835 1414/65/835
f 1355/43/836 1353/41/836 1413/41/836
f 1355/43/836 1413/41/836 1415/43/836
f 1356/67/837 1354/65/837 1414/65/837
f 1356/67/837 1414/65/837 1416/67/837
f 1357/44/838 1355/43/838 1415/43/838
f 1357/44/838 1415/43/838 1417/44/838
f 1294/68/839 1356/67/839 1416/67/839
f 1294/68/839 1416/67/839 1418/68/839
f 1329/46/840 1357/44/840 1417/44/840
f 1329/46/840 1417/44/840 1419/46/840
f 1295/70/841 1294/68/841 1418/68/841
f 1295/70/841 1418/68/841 1420/70/841
f 1326/47/842 1329/46/842 1419/46/842
f 1326/47/842 1419/46/842 1327/47/842
f 1330/72/843 1295/70/843 1420/70/843
f 1330/72/843 1420/70/843 1392/72/843
# Vertices: 1420, normals: 843, texture coordinates: 210, faces: 2016

o obj2
v -0 -1.00000024 -0.846923
v -0 1.00000011 -0.80440161
v 3.36596033 1.00000011 -0.80440161
v 3.21900631 -1.00000024 -0.846923
v 3.36596033 0.99999994 0.99999994
v 3.21900631 -1.00000001 1.13225855
v -0 -1.8529261 -1.09354735
v 3.06865554 -1.77944893 -1.09354722
v 3.3365696 -2.13154628 -1.09354737
v -0 -2.13154628 -1.09354737
v -0 1.00000011 -0.80440161
v -0 0.99999994 0.99999994
v 0 2.86447924 0.99999988
v 0 2.84236843 -0.76188023
v -0 0.99999994 0.99999994
v -0 -1.00000001 1.13225855
v 1.92581064 2.50437388 -0.76188014
v 0 2.84236843 -0.76188023
v 0 2.86447924 0.99999988
v 1.92581064 2.52648486 0.99999996
v 0 2.84236843 -0.76188023
v 0 2.86447924 0.99999988
v -0 -2.13154608 1.13225854
v -0 -2.13154628 -1.09354737
v -0 -2.71936227 -1.09354749
v -0 -2.7193624 1.13225858
v 3.06865554 -1.77944908 1.13225859
v 3.3365696 -2.13154608 1.13225854
v -0 -1.85292591 1.13225856
v -0 -1.8529261 -1.09354735
v -0 -1.85292591 1.13225856
v -0 -2.13154608 1.13225854
v -0 -1.00000001 1.13225855
v -0 -1.00000024 -0.846923
v -0 -2.71936227 -1.09354749
v 2.44014991 -2.45484521 -1.09354743
v 2.25919684 -3.54937491 -1.17008606
v -0 -3.81389163 -1.17008615
v -0 -2.7193624 1.13225858
v 2.44014991 -2.45484534 1.13225858
v 2.61735468 -4.9766992 -1.17008613
v -0 -5.2412166 -1.17008617
v 2.25919684 -3.5493745 1.13225853
v -0 -3.81389163 -1.17008615
v -0 -3.81389122 1.1322585
v 1.34004726 -3.54874478 1.13225854
v 1.15312697 -3.57531144 1.13225854
v 1.12377463 -3.68231467 1.13225845
v 1.38635998 -3.65157061 1.13225855
v 1.41725463 -3.43349363 1.13225849
v 1.55626745 -3.63167656 1.1322585
v -0 -3.81389122 1.1322585
v 0.87450901 -3.71149964 1.13225849
v 1.06230521 -3.47045306 1.13225848
v -0 -5.75519179 1.13225851
v -0 -5.75519152 -1.1700862
v -0 -6.12221263 -1.11055622
v -0 -6.12221304 1.13225854
v 2.61735468 -4.97669947 1.13225851
v -0 -5.2412166 -1.17008617
v -0 -5.24121619 1.13225848
v 1.54839495 -4.97179563 1.13225845
v 1.51596396 -3.93932208 1.1322585
v 1.11608432 -3.71034977 1.13225853
v 1.10775578 -3.86389894 1.13225847
v -0 -5.24121619 1.13225848
v 1.56353343 -5.08320149 1.13225849
v 0.95881737 -3.86892588 1.13225853
v 0.86890525 -3.71869307 1.13225853
v 1.83159213 -4.97179563 1.13225845
v 1.83425342 -5.05584143 1.13225846
v 1.72458177 -3.87163347 1.13225856
v -0 -6.12221263 -1.11055622
v 3.81115148 -5.64951131 -1.17008609
v 3.62722982 -6.28414228 -1.11055613
v -0 -6.65887442 -1.11055619
v 1.64817967 -5.70612697 1.13225851
v 1.62079229 -5.50457898 1.13225854
v -0 -5.75519179 1.13225851
v -0 -6.12221304 1.13225854
v 1.74600556 -5.90565389 1.13225856
v 3.81115148 -5.64951091 1.1322585
v 2.85911394 -5.31310519 1.1322585
v 1.84735294 -5.46954728 1.13225853
v 1.85484396 -5.70612697 1.13225851
v 1.93009064 -5.88282159 1.13225856
v 2.28277494 -5.83907728 1.13225851
v 2.28250444 -5.81579518 1.1322585
v 2.33710053 -5.71248709 1.13225847
v 2.60931523 -5.7093236 1.13225849
v 2.65564655 -5.79282963 1.1322585
v -0 -5.75519152 -1.1700862
v 2.85911394 -5.3131056 -1.17008622
v 4.19511052 -7.66882815 -1.02721498
v -0 -8.12705617 -1.02721491
v 3.62722982 -6.2841427 1.1322585
v -0 -6.65887442 -1.11055619
v -0 -6.65887482 1.12756413
v -0 -6.65887482 1.12756413
v 2.66591635 -5.81133904 1.13208543
v 1.90874252 -6.23757336 1.1299477
v 2.26710392 -6.33639539 1.13046413
v 2.66768007 -5.96311117 1.13085419
v 2.58760049 -6.0949766 1.13079824
v 2.25899829 -6.22454841 1.13040999
v 2.41710314 -6.06740287 1.13056023
v 2.28426816 -5.96756707 1.13113281
v 2.03721309 -6.13436696 1.1300792
v -0 -8.12705672 1.08107486
v -0 -8.12705617 -1.02721491
v -0 -9.43223492 -0.8735031
v -0 -9.43223512 0.92452798
v 4.19511052 -7.6688287 1.08107485
v -0 -8.12705672 1.08107486
v -0 -9.43223492 -0.8735031
v 4.23216368 -8.99655173 -0.87350313
v 3.72299416 -9.96734956 -0.83859109
v -0 -10.28159734 -0.83859111
v -0 -9.43223512 0.92452798
v 4.23216368 -8.99655192 0.92452807
v 3.72299416 -9.967349 0.83008649
v 3.01719388 -10.89426406 0.49456487
v 3.01719388 -10.89426468 -0.49456542
v -0 -10.28159734 -0.83859111
v -0 -10.28159679 0.83008635
v -0 -10.28159679 0.83008635
v -0 -11.07959555 0.49456481
v -0 -11.07959616 -0.49456548
v -0 -11.45757779 -0.1958192
v -0 -11.45757697 0.19581843
v -0 -11.07959555 0.49456481
v -0 -11.07959616 -0.49456548
v -0 -11.45757779 -0.1958192
v 2.12451802 -11.38419869 -0.19581911
v 2.12451802 -11.38419788 0.19581839
v -0 -11.45757697 0.19581843
v -0 -11.45757697 0.19581843
v -0 -11.45757779 -0.1958192
v -3.21900631 -1.00000024 -0.846923
v -3.36596033 1.00000011 -0.80440161
v -3.21900631 -1.00000001 1.13225855
v -3.36596033 0.99999994 0.99999994
v -3.3365696 -2.13154628 -1.09354737
v -3.06865554 -1.77944893 -1.09354722
v -1.92581064 2.50437388 -0.76188014
v -1.92581064 2.52648486 0.99999996
v -3.3365696 -2.13154608 1.13225854
v -3.06865554 -1.77944908 1.13225859
v -2.25919684 -3.54937491 -1.17008606
v -2.44014991 -2.45484521 -1.09354743
v -2.44014991 -2.45484534 1.13225858
v -2.61735468 -4.9766992 -1.17008613
v -2.25919684 -3.5493745 1.13225853
v -1.15312697 -3.57531144 1.13225854
v -1.34004726 -3.54874478 1.13225854
v -1.38635998 -3.65157061 1.13225855
v -1.12377463 -3.68231467 1.13225845
v -1.06230521 -3.47045306 1.13225848
v -0.87450901 -3.71149964 1.13225849
v -1.55626745 -3.63167656 1.1322585
v -1.41725463 -3.43349363 1.13225849
v -2.61735468 -4.97669947 1.13225851
v -1.83425342 -5.05584143 1.13225846
v -1.83159213 -4.97179563 1.13225845
v -1.72458177 -3.87163347 1.13225856
v -1.11608432 -3.71034977 1.13225853
v -1.51596396 -3.93932208 1.1322585
v -1.54839495 -4.97179563 1.13225845
v -1.56353343 -5.08320149 1.13225849
v -0.86890525 -3.71869307 1.13225853
v -0.95881737 -3.86892588 1.13225853
v -1.10775578 -3.86389894 1.13225847
v -3.62722982 -6.28414228 -1.11055613
v -3.81115148 -5.64951131 -1.17008609
v -1.84735294 -5.46954728 1.13225853
v -2.85911394 -5.31310519 1.1322585
v -3.81115148 -5.64951091 1.1322585
v -2.65564655 -5.79282963 1.1322585
v -2.60931523 -5.7093236 1.13225849
v -2.33710053 -5.71248709 1.13225847
v -1.85484396 -5.70612697 1.13225851
v -2.28277494 -5.83907728 1.13225851
v -1.93009064 -5.88282159 1.13225856
v -2.28250444 -5.81579518 1.1322585
v -1.64817967 -5.70612697 1.13225851
v -1.74600556 -5.90565389 1.13225856
v -1.62079229 -5.50457898 1.13225854
v -2.85911394 -5.3131056 -1.17008622
v -4.19511052 -7.66882815 -1.02721498
v -3.62722982 -6.2841427 1.1322585
v -2.28426816 -5.96756707 1.13113281
v -2.41710314 -6.06740287 1.13056023
v -2.25899829 -6.22454841 1.13040999
v -2.03721309 -6.13436696 1.1300792
v -1.90874252 -6.23757336 1.1299477
v -2.66591635 -5.81133904 1.13208543
v -2.66768007 -5.96311117 1.13085419
v -2.26710392 -6.33639539 1.13046413
v -2.58760049 -6.0949766 1.13079824
v -4.19511052 -7.6688287 1.08107485
v -3.72299416 -9.96734956 -0.83859109
v -4.23216368 -8.99655173 -0.87350313
v -4.23216368 -8.99655192 0.92452807
v -3.01719388 -10.89426468 -0.49456542
v -3.01719388 -10.89426406 0.49456487
v -3.72299416 -9.967349 0.83008649
v -2.12451802 -11.38419788 0.19581839
v -2.12451802 -11.38419869 -0.19581911
v 1.62079229 -5.50457898 1.13225854
v 1.64817967 -5.70612697 1.13225851
v 1.64817967 -5.70612648 0.98653393
v 1.54839495 -4.97179568 0.94826739
v 1.54839495 -4.97179563 1.13225845
v 1.56353343 -5.08320149 1.13225849
v 1.83425342 -5.05584143 1.13225846
v 1.83159213 -4.97179563 1.13225845
v 1.83159213 -4.97179568 0.94826739
v 1.85484396 -5.70612648 0.98653393
v 1.85484396 -5.70612697 1.13225851
v 1.84735294 -5.46954728 1.13225853
v 1.55626745 -3.63167656 1.1322585
v 1.41725463 -3.43349363 1.13225849
v 1.41725463 -3.43349362 1.02050488
v 1.72458177 -3.87163362 0.98020388
v 1.72458177 -3.87163347 1.13225856
v 1.51596396 -3.93932222 0.98020381
v 1.51596396 -3.93932208 1.1322585
v 1.34004726 -3.54874477 1.02050493
v 1.34004726 -3.54874478 1.13225854
v 1.38635998 -3.65157061 1.13225855
v 0.86890525 -3.71869307 1.13225853
v 0.86890525 -3.71869329 0.96620607
v 1.06230521 -3.47045305 1.02050487
v 1.06230521 -3.47045306 1.13225848
v 0.87450901 -3.71149964 1.13225849
v 1.15312697 -3.57531143 1.02050493
v 1.15312697 -3.57531144 1.13225854
v 0.95881737 -3.86892588 1.13225853
v 0.95881737 -3.86892566 1.01535434
v 1.12377463 -3.68231467 1.13225845
v 1.11608432 -3.71035 0.966206
v 1.11608432 -3.71034977 1.13225853
v 1.10775578 -3.86389894 1.13225847
v 1.10775578 -3.86389939 1.01535441
v 1.10775578 -3.86389939 1.01535441
v 1.10775578 -3.86389894 1.13225847
v 2.03721309 -6.13436696 1.1300792
v 2.03721309 -6.13436662 1.00747025
v 2.25899829 -6.22454803 1.03379577
v 2.25899829 -6.22454841 1.13040999
v 1.90874252 -6.23757336 1.1299477
v 1.90874252 -6.23757325 1.0074703
v 1.74600556 -5.90565389 1.13225856
v 1.93009064 -5.88282159 1.13225856
v 2.58760049 -6.0949766 1.13079824
v 2.58760049 -6.09497629 1.00351015
v 2.2671043 -6.3363949 1.03379573
v 2.26710392 -6.33639539 1.13046413
v 2.41710314 -6.06740248 1.00351015
v 2.41710314 -6.06740287 1.13056023
v 2.28277494 -5.83907728 1.13225851
v 2.28426816 -5.96756707 1.13113281
v 2.28426816 -5.96756718 0.89814797
v 2.28250444 -5.81579488 0.89814821
v 2.28250444 -5.81579518 1.1322585
v 2.66768007 -5.96311117 1.13085419
v 2.66767988 -5.9631111 0.89814801
v 2.66591635 -5.81133904 1.13208543
v 2.66591598 -5.81133814 0.89814819
v 2.33710053 -5.71248709 1.13225847
v 2.33710053 -5.7124866 0.95375064
v 2.60931504 -5.70932245 0.95375054
v 2.60931523 -5.7093236 1.13225849
v 2.65564655 -5.79282963 1.1322585
v 2.60931523 -5.7093236 1.13225849
v 2.60931504 -5.70932245 0.95375054
v -1.54839495 -4.97179563 1.13225845
v -1.54839495 -4.97179568 0.94826739
v -1.64817967 -5.70612648 0.98653393
v -1.64817967 -5.70612697 1.13225851
v -1.62079229 -5.50457898 1.13225854
v -1.56353343 -5.08320149 1.13225849
v -1.85484396 -5.70612697 1.13225851
v -1.85484396 -5.70612648 0.98653393
v -1.83159213 -4.97179568 0.94826739
v -1.83159213 -4.97179563 1.13225845
v -1.83425342 -5.05584143 1.13225846
v -1.84735294 -5.46954728 1.13225853
v -1.72458177 -3.87163347 1.13225856
v -1.72458177 -3.87163362 0.98020388
v -1.41725463 -3.43349362 1.02050488
v -1.41725463 -3.43349363 1.13225849
v -1.55626745 -3.63167656 1.1322585
v -1.51596396 -3.93932222 0.98020381
v -1.51596396 -3.93932208 1.1322585
v -1.34004726 -3.54874478 1.13225854
v -1.34004726 -3.54874477 1.02050493
v -1.38635998 -3.65157061 1.13225855
v -1.06230521 -3.47045306 1.13225848
v -1.06230521 -3.47045305 1.02050487
v -0.86890525 -3.71869329 0.96620607
v -0.86890525 -3.71869307 1.13225853
v -0.87450901 -3.71149964 1.13225849
v -1.15312697 -3.57531144 1.13225854
v -1.15312697 -3.57531143 1.02050493
v -0.95881737 -3.86892566 1.01535434
v -0.95881737 -3.86892588 1.13225853
v -1.12377463 -3.68231467 1.13225845
v -1.11608432 -3.71034977 1.13225853
v -1.11608432 -3.71035 0.966206
v -1.10775578 -3.86389939 1.01535441
v -1.10775578 -3.86389894 1.13225847
v -1.10775578 -3.86389939 1.01535441
v -1.10775578 -3.86389894 1.13225847
v -2.25899829 -6.22454841 1.13040999
v -2.25899829 -6.22454803 1.03379577
v -2.03721309 -6.13436662 1.00747025
v -2.03721309 -6.13436696 1.1300792
v -1.90874252 -6.23757325 1.0074703
v -1.90874252 -6.23757336 1.1299477
v -1.74600556 -5.90565389 1.13225856
v -1.93009064 -5.88282159 1.13225856
v -2.26710392 -6.33639539 1.13046413
v -2.2671043 -6.3363949 1.03379573
v -2.58760049 -6.09497629 1.00351015
v -2.58760049 -6.0949766 1.13079824
v -2.41710314 -6.06740287 1.13056023
v -2.41710314 -6.06740248 1.00351015
v -2.28277494 -5.83907728 1.13225851
v -2.28250444 -5.81579518 1.1322585
v -2.28250444 -5.81579488 0.89814821
v -2.28426816 -5.96756718 0.89814797
v -2.28426816 -5.96756707 1.13113281
v -2.66767988 -5.9631111 0.89814801
v -2.66768007 -5.96311117 1.13085419
v -2.66591598 -5.81133814 0.89814819
v -2.66591635 -5.81133904 1.13208543
v -2.60931523 -5.7093236 1.13225849
v -2.60931504 -5.70932245 0.95375054
v -2.33710053 -5.7124866 0.95375064
v -2.33710053 -5.71248709 1.13225847
v -2.60931504 -5.70932245 0.95375054
v -2.60931523 -5.7093236 1.13225849
v -2.65564655 -5.79282963 1.1322585
v 0 6.53722831 0.30115584
v 0 6.53722824 0.83841849
v 0 8.17005185 0.65132414
v 0 8.17005174 0.17359157
v 0 3.68180278 0.42786338
v 0 6.53722831 0.30115584
v 0.37752658 6.53722831 0.30115584
v 0.37752658 3.68180278 0.42786338
v 0.37752658 6.53722824 0.83841849
v 0.37752658 3.68180275 1.01180779
v 0 8.17005174 0.17359157
v 0.37752658 8.17005174 0.17359157
v 0 2.84340952 -0.72019245
v 0.37752658 2.84340952 -0.72019245
v 0.37752658 2.69293065 -0.71685555
v 0 2.69293065 -0.71685555
v 0 6.53722824 0.83841849
v 0.37752658 8.17005185 0.65132414
v 0 8.17005185 0.65132414
v 0 3.68180275 1.01180779
v 0 8.17005174 0.17359157
v 0 8.17005185 0.65132414
v 0.37752658 2.89590103 1.05952993
v 0 2.89590103 1.05952993
v 0.37752658 2.89590112 0.46273722
v 0 2.89590103 1.05952993
v 0 2.89590112 0.46273722
v 0 2.74542226 0.46607432
v -0 2.74542217 1.06286696
v 0 3.23373896 -0.51493151
v 0.37752658 3.23373896 -0.51493151
v 0 3.68180278 0.42786338
v 0 3.23373896 -0.51493151
v 0 2.84340952 -0.72019245
v 0 2.74542226 0.46607432
v 0.37752658 2.74542226 0.46607432
v 0.37752658 2.74542217 1.06286696
v -0 2.74542217 1.06286696
v 0 2.69293065 -0.71685555
v 0 2.69293065 -0.71685555
v -0 2.74542217 1.06286696
v -0.37752658 3.68180278 0.42786338
v -0.37752658 6.53722831 0.30115584
v -0.37752658 3.68180275 1.01180779
v -0.37752658 6.53722824 0.83841849
v -0.37752658 8.17005174 0.17359157
v -0.37752658 2.69293065 -0.71685555
v -0.37752658 2.84340952 -0.72019245
v -0.37752658 8.17005185 0.65132414
v -0.37752658 2.89590103 1.05952993
v -0.37752658 2.89590112 0.46273722
v -0.37752658 3.23373896 -0.51493151
v -0.37752658 2.74542217 1.06286696
v -0.37752658 2.74542226 0.46607432
v 0 9.7233752 -1.06427275
v 0 10.76950518 -1.56978752
v 0.51100355 10.76950518 -1.56978752
v 0.51100355 9.7233752 -1.06427275
v 0.51100355 10.52288081 -0.5903017
v 0.51100355 9.8005939 0.16232776
v 0 7.60441755 0.11406154
v 0.51100355 7.60441755 0.11406154
v 0.51100355 7.60441761 0.70234995
v 0 7.60441761 0.70234995
v 0.51100355 11.00604554 -1.57573203
v 0 11.00604554 -1.57573203
v 0 11.24258655 -1.58167687
v 0.51100355 11.24258655 -1.58167687
v 0.19297815 9.80059416 -0.56724552
v 0.19297815 10.33110519 -1.12004286
v -0.04105828 10.33110519 -1.12004286
v -0.04105828 9.80059416 -0.56724552
v 0.51100355 8.20850708 0.63431564
v 0 8.20850708 0.63431564
v 0 7.60441761 0.70234995
v 0.51100355 8.00440431 -0.50677421
v 0 7.60441755 0.11406154
v 0 8.00440431 -0.50677421
v 0.19297815 8.47747827 -0.16132788
v 0.19297815 8.83168336 -0.24833482
v -0.04105828 8.83168336 -0.24833482
v -0.04105828 8.47747828 -0.16132775
v 0.51100355 8.67724558 -0.41418532
v 0.51100355 8.83168311 0.4812385
v 0 8.67724557 -0.41418539
v 0 11.15344848 0.34765078
v 0.51100355 11.15344848 0.34765078
v 0.51100355 11.58477333 0.37111974
v 0 11.58477333 0.37111974
v 0 10.62654155 0.18380514
v 0.51100355 10.62654155 0.18380514
v 0 11.00604554 -1.57573203
v 0 10.62654155 0.18380514
v 0 11.15344848 0.34765078
v 0 11.24258655 -1.58167687
v 0.51100355 11.8135683 -1.30934451
v 0 11.8135683 -1.30934451
v 0 11.94589575 -0.92043415
v 0.51100355 11.94589575 -0.92043415
v 0 11.8135683 -1.30934451
v 0 11.94589575 -0.92043415
v 0 11.8135683 -1.30934451
v 0 10.76950518 -1.56978752
v 0 10.52288081 -0.5903017
v 0 10.52288081 -0.5903017
v 0.51100355 12.07208952 -0.22272491
v 0 12.07208952 -0.22272491
v 0 11.58477333 0.37111974
v 0 12.07208952 -0.22272491
v 0 12.07208952 -0.22272491
v -0.51100355 9.7233752 -1.06427275
v -0.51100355 10.76950518 -1.56978752
v -0.51100355 9.8005939 0.16232776
v -0.51100355 10.52288081 -0.5903017
v -0.51100355 7.60441761 0.70234995
v -0.51100355 7.60441755 0.11406154
v -0.51100355 11.00604554 -1.57573203
v -0.51100355 11.24258655 -1.58167687
v -0.2750947 9.80059416 -0.56724552
v -0.27509473 10.33110519 -1.12004286
v -0.51100355 8.20850708 0.63431564
v -0.51100355 8.00440431 -0.50677421
v -0.2750947 8.47747827 -0.16132788
v -0.2750947 8.83168336 -0.24833482
v -0.51100355 8.83168311 0.4812385
v -0.51100355 8.67724558 -0.41418532
v -0.51100355 11.58477333 0.37111974
v -0.51100355 11.15344848 0.34765078
v -0.51100355 10.62654155 0.18380514
v -0.51100355 11.8135683 -1.30934451
v -0.51100355 11.94589575 -0.92043415
v -0.51100355 12.07208952 -0.22272491
v 0 10.40124327 -0.46355402
v 0.33533139 10.40124326 -0.46355409
v 0.33533139 8.83168311 0.4812385
v 0.33533139 8.37910752 0.59240925
v 0 8.37910752 0.59240932
v 0.33533139 9.8005939 0.16232776
v -0.33533139 10.40124326 -0.46355409
v -0.33533139 8.37910752 0.59240925
v -0.33533139 8.83168311 0.4812385
v -0.33533139 9.8005939 0.16232776
v 0.46239568 11.23436276 -1.1222878
v 0.62696115 11.23436276 -1.1222878
v 0.62696115 11.11630876 -1.11066053
v 0.46239568 11.11630876 -1.11066053
v 0.62696115 11.00279188 -1.07622553
v 0.46239568 11.00279188 -1.07622553
v 0.62696115 10.89817388 -1.02030604
v 0.46239568 10.89817321 -1.02030598
v 0.62696115 10.80647531 -0.94505089
v 0.46239564 10.80647531 -0.94505089
v 0.62696115 10.73122021 -0.85335241
v 0.46239564 10.73122021 -0.85335241
v 0.62696119 10.67530093 -0.74873431
v 0.46239568 10.67530093 -0.74873431
v 0.62696119 10.64086589 -0.63521714
v 0.46239568 10.64086589 -0.63521714
v 0.62696119 10.62923815 -0.51716304
v 0.46239568 10.62923815 -0.51716304
v 0.62696119 10.64086543 -0.39910915
v 0.46239568 10.64086543 -0.39910915
v 0.62696119 10.67530066 -0.28559189
v 0.46239568 10.67530066 -0.28559189
v 0.62696115 10.73122013 -0.18097384
v 0.46239564 10.73122013 -0.18097384
v 0.62696115 10.80647516 -0.0892753
v 0.46239564 10.80647516 -0.0892753
v 0.62696115 10.89817358 -0.01402033
v 0.46239568 10.89817358 -0.01402033
v 0.62696115 11.00279211 0.04189918
v 0.46239568 11.00279144 0.04189924
v 0.62696115 11.116309 0.07633429
v 0.46239568 11.116309 0.07633429
v 0.62696115 11.23436258 0.08796166
v 0.46239568 11.23436258 0.08796166
v 0.6269611 11.35241658 0.07633435
v 0.46239564 11.35241658 0.07633435
v 0.6269611 11.46593413 0.04189923
v 0.46239564 11.46593413 0.04189923
v 0.6269611 11.57055212 -0.01402029
v 0.46239564 11.57055212 -0.01402029
v 0.6269611 11.6622507 -0.08927531
v 0.46239564 11.6622507 -0.08927531
v 0.6269611 11.7375058 -0.18097379
v 0.46239564 11.7375058 -0.18097379
v 0.6269611 11.79342508 -0.2855919
v 0.46239564 11.79342508 -0.2855919
v 0.6269611 11.82786012 -0.39910913
v 0.46239564 11.82786012 -0.39910913
v 0.6269611 11.83948787 -0.51716309
v 0.46239564 11.83948787 -0.51716309
v 0.6269611 11.8278599 -0.63521707
v 0.46239564 11.8278599 -0.63521707
v 0.6269611 11.79342536 -0.74873425
v 0.46239564 11.79342536 -0.74873425
v 0.6269611 11.73750588 -0.85335243
v 0.46239564 11.73750588 -0.85335243
v 0.6269611 11.66225085 -0.9450509
v 0.46239564 11.66225085 -0.9450509
v 0.6269611 11.57055244 -1.02030588
v 0.46239564 11.57055244 -1.02030588
v 0.6269611 11.46593456 -1.07622554
v 0.46239564 11.46593456 -1.07622554
v 0.62696115 11.00279188 -1.07622553
v 0.62696115 11.11630876 -1.11066053
v 0.62696115 11.23436276 -1.1222878
v 0.6269611 11.352417 -1.11066056
v 0.6269611 11.46593456 -1.07622554
v 0.6269611 11.57055244 -1.02030588
v 0.6269611 11.66225085 -0.9450509
v 0.6269611 11.73750588 -0.85335243
v 0.6269611 11.79342536 -0.74873425
v 0.6269611 11.8278599 -0.63521707
v 0.6269611 11.83948787 -0.51716309
v 0.6269611 11.82786012 -0.39910913
v 0.6269611 11.79342508 -0.2855919
v 0.6269611 11.7375058 -0.18097379
v 0.6269611 11.6622507 -0.08927531
v 0.6269611 11.57055212 -0.01402029
v 0.6269611 11.46593413 0.04189923
v 0.6269611 11.35241658 0.07633435
v 0.62696115 11.23436258 0.08796166
v 0.62696115 11.116309 0.07633429
v 0.62696115 11.00279211 0.04189918
v 0.62696115 10.89817358 -0.01402033
v 0.62696115 10.80647516 -0.0892753
v 0.62696115 10.73122013 -0.18097384
v 0.62696119 10.67530066 -0.28559189
v 0.62696119 10.64086543 -0.39910915
v 0.62696119 10.62923815 -0.51716304
v 0.62696119 10.64086589 -0.63521714
v 0.62696119 10.67530093 -0.74873431
v 0.62696115 10.73122021 -0.85335241
v 0.62696115 10.80647531 -0.94505089
v 0.62696115 10.89817388 -1.02030604
v 0.6269611 11.352417 -1.11066056
v 0.46239564 11.352417 -1.11066056
v 0.62696115 11.23436276 -1.1222878
v 0.46239568 11.23436276 -1.1222878
v 0.46239564 11.352417 -1.11066056
v 0.46239568 11.23436276 -1.1222878
v 0.46239568 11.11630876 -1.11066053
v 0.46239568 11.00279188 -1.07622553
v 0.46239568 10.89817321 -1.02030598
v 0.46239564 10.80647531 -0.94505089
v 0.46239564 10.73122021 -0.85335241
v 0.46239568 10.67530093 -0.74873431
v 0.46239568 10.64086589 -0.63521714
v 0.46239568 10.62923815 -0.51716304
v 0.46239568 10.64086543 -0.39910915
v 0.46239568 10.67530066 -0.28559189
v 0.46239564 10.73122013 -0.18097384
v 0.46239564 10.80647516 -0.0892753
v 0.46239568 10.89817358 -0.01402033
v 0.46239568 11.00279144 0.04189924
v 0.46239568 11.116309 0.07633429
v 0.46239568 11.23436258 0.08796166
v 0.46239564 11.35241658 0.07633435
v 0.46239564 11.46593413 0.04189923
v 0.46239564 11.57055212 -0.01402029
v 0.46239564 11.6622507 -0.08927531
v 0.46239564 11.7375058 -0.18097379
v 0.46239564 11.79342508 -0.2855919
v 0.46239564 11.82786012 -0.39910913
v 0.46239564 11.83948787 -0.51716309
v 0.46239564 11.8278599 -0.63521707
v 0.46239564 11.79342536 -0.74873425
v 0.46239564 11.73750588 -0.85335243
v 0.46239564 11.66225085 -0.9450509
v 0.46239564 11.57055244 -1.02030588
v 0.46239564 11.46593456 -1.07622554
v 0.61479191 11.23436349 -0.95255428
v 0.73319793 11.23436349 -0.95255428
v 0.73319793 11.14942249 -0.94418857
v 0.61479191 11.14942249 -0.94418857
v 0.73319793 11.06774604 -0.91941218
v 0.61479191 11.06774604 -0.91941218
v 0.73319793 10.99247223 -0.87917781
v 0.61479191 10.99247223 -0.87917781
v 0.73319793 10.92649494 -0.82503126
v 0.61479187 10.92649494 -0.82503126
v 0.73319793 10.87234843 -0.75905346
v 0.61479187 10.87234843 -0.75905346
v 0.73319793 10.83211405 -0.68378013
v 0.61479187 10.83211405 -0.68378013
v 0.73319793 10.80733804 -0.60210383
v 0.61479187 10.80733804 -0.60210383
v 0.73319793 10.79897202 -0.51716307
v 0.61479187 10.79897202 -0.51716307
v 0.73319793 10.8073379 -0.4322225
v 0.61479187 10.8073379 -0.4322225
v 0.73319793 10.83211373 -0.35054596
v 0.61479187 10.83211373 -0.35054596
v 0.73319793 10.87234838 -0.27527262
v 0.61479187 10.87234838 -0.27527262
v 0.73319793 10.92649496 -0.20929495
v 0.61479187 10.92649496 -0.20929495
v 0.73319793 10.99247233 -0.15514845
v 0.61479191 10.99247233 -0.15514845
v 0.73319793 11.06774586 -0.11491398
v 0.61479191 11.06774586 -0.11491398
v 0.73319793 11.14942219 -0.09013768
v 0.61479191 11.14942219 -0.09013768
v 0.73319793 11.2343632 -0.08177178
v 0.61479191 11.2343632 -0.08177178
v 0.73319789 11.31930352 -0.09013767
v 0.61479187 11.31930352 -0.09013767
v 0.73319789 11.40097997 -0.11491399
v 0.61479187 11.40097997 -0.11491399
v 0.73319789 11.47625377 -0.15514849
v 0.61479187 11.47625377 -0.15514849
v 0.73319789 11.54223107 -0.20929488
v 0.61479187 11.54223107 -0.20929488
v 0.73319789 11.59637759 -0.27527261
v 0.61479187 11.59637759 -0.27527261
v 0.73319789 11.63661197 -0.35054601
v 0.61479187 11.63661197 -0.35054601
v 0.73319789 11.66138796 -0.43222244
v 0.61479187 11.66138796 -0.43222244
v 0.73319789 11.669754 -0.51716301
v 0.61479187 11.669754 -0.51716301
v 0.73319789 11.66138811 -0.60210377
v 0.61479187 11.66138811 -0.60210377
v 0.73319789 11.63661229 -0.68378018
v 0.61479187 11.63661229 -0.68378018
v 0.73319789 11.59637764 -0.75905345
v 0.61479187 11.59637764 -0.75905345
v 0.73319789 11.54223105 -0.82503126
v 0.61479187 11.54223105 -0.82503126
v 0.73319789 11.47625368 -0.87917775
v 0.61479187 11.47625368 -0.87917775
v 0.73319789 11.40098015 -0.91941223
v 0.61479187 11.40098015 -0.91941223
v 0.73319793 11.06774604 -0.91941218
v 0.73319793 11.14942249 -0.94418857
v 0.73319793 11.23436349 -0.95255428
v 0.73319789 11.31930382 -0.94418849
v 0.73319789 11.40098015 -0.91941223
v 0.73319789 11.47625368 -0.87917775
v 0.73319789 11.54223105 -0.82503126
v 0.73319789 11.59637764 -0.75905345
v 0.73319789 11.63661229 -0.68378018
v 0.73319789 11.66138811 -0.60210377
v 0.73319789 11.669754 -0.51716301
v 0.73319789 11.66138796 -0.43222244
v 0.73319789 11.63661197 -0.35054601
v 0.73319789 11.59637759 -0.27527261
v 0.73319789 11.54223107 -0.20929488
v 0.73319789 11.47625377 -0.15514849
v 0.73319789 11.40097997 -0.11491399
v 0.73319789 11.31930352 -0.09013767
v 0.73319793 11.2343632 -0.08177178
v 0.73319793 11.14942219 -0.09013768
v 0.73319793 11.06774586 -0.11491398
v 0.73319793 10.99247233 -0.15514845
v 0.73319793 10.92649496 -0.20929495
v 0.73319793 10.87234838 -0.27527262
v 0.73319793 10.83211373 -0.35054596
v 0.73319793 10.8073379 -0.4322225
v 0.73319793 10.79897202 -0.51716307
v 0.73319793 10.80733804 -0.60210383
v 0.73319793 10.83211405 -0.68378013
v 0.73319793 10.87234843 -0.75905346
v 0.73319793 10.92649494 -0.82503126
v 0.73319793 10.99247223 -0.87917781
v 0.73319789 11.31930382 -0.94418849
v 0.61479187 11.31930382 -0.94418849
v 0.73319793 11.23436349 -0.95255428
v 0.61479191 11.23436349 -0.95255428
v 0.61479187 11.31930382 -0.94418849
v 0.61479191 11.23436349 -0.95255428
v 0.61479191 11.14942249 -0.94418857
v 0.61479191 11.06774604 -0.91941218
v 0.61479191 10.99247223 -0.87917781
v 0.61479187 10.92649494 -0.82503126
v 0.61479187 10.87234843 -0.75905346
v 0.61479187 10.83211405 -0.68378013
v 0.61479187 10.80733804 -0.60210383
v 0.61479187 10.79897202 -0.51716307
v 0.61479187 10.8073379 -0.4322225
v 0.61479187 10.83211373 -0.35054596
v 0.61479187 10.87234838 -0.27527262
v 0.61479187 10.92649496 -0.20929495
v 0.61479191 10.99247233 -0.15514845
v 0.61479191 11.06774586 -0.11491398
v 0.61479191 11.14942219 -0.09013768
v 0.61479191 11.2343632 -0.08177178
v 0.61479187 11.31930352 -0.09013767
v 0.61479187 11.40097997 -0.11491399
v 0.61479187 11.47625377 -0.15514849
v 0.61479187 11.54223107 -0.20929488
v 0.61479187 11.59637759 -0.27527261
v 0.61479187 11.63661197 -0.35054601
v 0.61479187 11.66138796 -0.43222244
v 0.61479187 11.669754 -0.51716301
v 0.61479187 11.66138811 -0.60210377
v 0.61479187 11.63661229 -0.68378018
v 0.61479187 11.59637764 -0.75905345
v 0.61479187 11.54223105 -0.82503126
v 0.61479187 11.47625368 -0.87917775
v 0.61479187 11.40098015 -0.91941223
v -0.46239587 11.23436276 -1.1222878
v -0.46239587 11.11630876 -1.11066053
v -0.62696133 11.11630876 -1.11066053
v -0.62696133 11.23436276 -1.1222878
v -0.46239587 11.00279188 -1.07622553
v -0.62696133 11.00279188 -1.07622553
v -0.46239587 10.89817321 -1.02030598
v -0.62696133 10.89817321 -1.02030598
v -0.46239582 10.80647531 -0.94505089
v -0.62696133 10.80647531 -0.94505089
v -0.46239582 10.73122021 -0.85335241
v -0.62696133 10.73122021 -0.85335241
v -0.46239578 10.67530093 -0.74873431
v -0.62696129 10.67530026 -0.74873425
v -0.46239578 10.64086589 -0.63521714
v -0.62696129 10.64086522 -0.63521708
v -0.46239578 10.62923815 -0.51716304
v -0.62696129 10.62923815 -0.51716304
v -0.46239578 10.64086543 -0.39910915
v -0.62696129 10.64086543 -0.39910915
v -0.46239578 10.67530066 -0.28559189
v -0.62696129 10.67530066 -0.28559189
v -0.46239582 10.73122013 -0.18097384
v -0.62696133 10.73122013 -0.18097384
v -0.46239582 10.80647516 -0.0892753
v -0.62696133 10.80647516 -0.0892753
v -0.46239587 10.89817358 -0.01402033
v -0.62696133 10.89817358 -0.01402033
v -0.46239587 11.00279144 0.04189924
v -0.62696133 11.00279144 0.04189924
v -0.46239587 11.116309 0.07633429
v -0.62696133 11.116309 0.07633429
v -0.46239587 11.23436258 0.08796166
v -0.62696133 11.23436258 0.08796166
v -0.46239591 11.35241658 0.07633435
v -0.62696138 11.35241658 0.07633435
v -0.46239591 11.46593413 0.04189923
v -0.62696138 11.46593413 0.04189923
v -0.46239591 11.57055212 -0.01402029
v -0.62696138 11.57055212 -0.01402029
v -0.46239591 11.6622507 -0.08927531
v -0.62696138 11.6622507 -0.08927531
v -0.46239591 11.7375058 -0.18097383
v -0.62696138 11.7375058 -0.18097383
v -0.46239591 11.79342508 -0.2855919
v -0.62696138 11.79342508 -0.2855919
v -0.46239591 11.82786012 -0.39910913
v -0.62696138 11.82786012 -0.39910913
v -0.46239591 11.83948787 -0.51716309
v -0.62696138 11.83948787 -0.51716309
v -0.46239591 11.8278599 -0.63521707
v -0.62696138 11.8278599 -0.63521707
v -0.46239591 11.79342536 -0.74873425
v -0.62696138 11.79342536 -0.74873425
v -0.46239591 11.73750588 -0.85335243
v -0.62696138 11.73750588 -0.85335243
v -0.46239591 11.66225085 -0.9450509
v -0.62696138 11.66225085 -0.9450509
v -0.46239591 11.57055244 -1.02030588
v -0.62696138 11.57055244 -1.02030588
v -0.46239591 11.46593456 -1.07622554
v -0.62696138 11.46593456 -1.07622554
v -0.62696133 11.23436276 -1.1222878
v -0.62696133 11.11630876 -1.11066053
v -0.62696133 11.00279188 -1.07622553
v -0.62696133 10.89817321 -1.02030598
v -0.62696133 10.80647531 -0.94505089
v -0.62696133 10.73122021 -0.85335241
v -0.62696129 10.67530026 -0.74873425
v -0.62696129 10.64086522 -0.63521708
v -0.62696129 10.62923815 -0.51716304
v -0.62696129 10.64086543 -0.39910915
v -0.62696129 10.67530066 -0.28559189
v -0.62696133 10.73122013 -0.18097384
v -0.62696133 10.80647516 -0.0892753
v -0.62696133 10.89817358 -0.01402033
v -0.62696133 11.00279144 0.04189924
v -0.62696133 11.116309 0.07633429
v -0.62696133 11.23436258 0.08796166
v -0.62696138 11.35241658 0.07633435
v -0.62696138 11.46593413 0.04189923
v -0.62696138 11.57055212 -0.01402029
v -0.62696138 11.6622507 -0.08927531
v -0.62696138 11.7375058 -0.18097383
v -0.62696138 11.79342508 -0.2855919
v -0.62696138 11.82786012 -0.39910913
v -0.62696138 11.83948787 -0.51716309
v -0.62696138 11.8278599 -0.63521707
v -0.62696138 11.79342536 -0.74873425
v -0.62696138 11.73750588 -0.85335243
v -0.62696138 11.66225085 -0.9450509
v -0.62696138 11.57055244 -1.02030588
v -0.62696138 11.46593456 -1.07622554
v -0.62696138 11.352417 -1.11066056
v -0.46239591 11.352417 -1.11066056
v -0.62696138 11.352417 -1.11066056
v -0.46239587 11.23436276 -1.1222878
v -0.62696133 11.23436276 -1.1222878
v -0.46239587 11.11630876 -1.11066053
v -0.46239587 11.23436276 -1.1222878
v -0.46239591 11.352417 -1.11066056
v -0.46239591 11.46593456 -1.07622554
v -0.46239591 11.57055244 -1.02030588
v -0.46239591 11.66225085 -0.9450509
v -0.46239591 11.73750588 -0.85335243
v -0.46239591 11.79342536 -0.74873425
v -0.46239591 11.8278599 -0.63521707
v -0.46239591 11.83948787 -0.51716309
v -0.46239591 11.82786012 -0.39910913
v -0.46239591 11.79342508 -0.2855919
v -0.46239591 11.7375058 -0.18097383
v -0.46239591 11.6622507 -0.08927531
v -0.46239591 11.57055212 -0.01402029
v -0.46239591 11.46593413 0.04189923
v -0.46239591 11.35241658 0.07633435
v -0.46239587 11.23436258 0.08796166
v -0.46239587 11.116309 0.07633429
v -0.46239587 11.00279144 0.04189924
v -0.46239587 10.89817358 -0.01402033
v -0.46239582 10.80647516 -0.0892753
v -0.46239582 10.73122013 -0.18097384
v -0.46239578 10.67530066 -0.28559189
v -0.46239578 10.64086543 -0.39910915
v -0.46239578 10.62923815 -0.51716304
v -0.46239578 10.64086589 -0.63521714
v -0.46239578 10.67530093 -0.74873431
v -0.46239582 10.73122021 -0.85335241
v -0.46239582 10.80647531 -0.94505089
v -0.46239587 10.89817321 -1.02030598
v -0.46239587 11.00279188 -1.07622553
v -0.6147921 11.23436349 -0.95255428
v -0.6147921 11.14942249 -0.94418857
v -0.73319812 11.14942249 -0.94418857
v -0.73319812 11.23436349 -0.95255428
v -0.6147921 11.06774604 -0.91941218
v -0.73319812 11.06774604 -0.91941218
v -0.6147921 10.99247223 -0.87917781
v -0.73319812 10.99247223 -0.87917781
v -0.61479205 10.92649494 -0.82503126
v -0.73319812 10.92649494 -0.82503126
v -0.61479205 10.87234843 -0.75905346
v -0.73319812 10.87234843 -0.75905346
v -0.61479205 10.83211405 -0.68378013
v -0.73319812 10.83211405 -0.68378013
v -0.61479205 10.80733737 -0.60210377
v -0.73319812 10.80733737 -0.60210377
v -0.61479205 10.79897202 -0.51716307
v -0.73319812 10.79897202 -0.51716307
v -0.61479205 10.80733722 -0.43222244
v -0.73319812 10.80733722 -0.43222244
v -0.61479205 10.83211373 -0.35054596
v -0.73319812 10.83211373 -0.35054596
v -0.61479205 10.87234838 -0.27527262
v -0.73319812 10.87234838 -0.27527262
v -0.61479205 10.92649496 -0.20929495
v -0.73319812 10.92649496 -0.20929495
v -0.6147921 10.99247233 -0.15514845
v -0.73319812 10.99247233 -0.15514845
v -0.6147921 11.06774586 -0.11491401
v -0.73319812 11.06774586 -0.11491401
v -0.6147921 11.14942219 -0.09013768
v -0.73319812 11.14942219 -0.09013768
v -0.6147921 11.2343632 -0.08177178
v -0.73319812 11.2343632 -0.08177178
v -0.61479215 11.31930352 -0.09013767
v -0.73319817 11.31930352 -0.09013767
v -0.61479215 11.40097997 -0.11491399
v -0.73319817 11.40097997 -0.11491399
v -0.61479215 11.47625377 -0.15514852
v -0.73319817 11.47625377 -0.15514852
v -0.61479215 11.54223107 -0.20929494
v -0.73319817 11.54223107 -0.20929494
v -0.61479215 11.59637759 -0.27527261
v -0.73319817 11.59637759 -0.27527261
v -0.61479215 11.63661197 -0.35054601
v -0.73319817 11.63661197 -0.35054601
v -0.61479215 11.66138796 -0.43222244
v -0.73319817 11.66138796 -0.43222244
v -0.61479215 11.669754 -0.51716301
v -0.73319817 11.669754 -0.51716301
v -0.61479215 11.66138811 -0.60210377
v -0.73319817 11.66138811 -0.60210377
v -0.61479215 11.63661229 -0.68378018
v -0.73319817 11.63661229 -0.68378018
v -0.61479215 11.59637764 -0.75905345
v -0.73319817 11.59637764 -0.75905345
v -0.61479215 11.54223105 -0.82503126
v -0.73319817 11.54223105 -0.82503126
v -0.61479215 11.47625368 -0.87917775
v -0.73319817 11.47625368 -0.87917775
v -0.61479215 11.40098015 -0.91941223
v -0.73319817 11.40098015 -0.91941223
v -0.73319812 11.23436349 -0.95255428
v -0.73319812 11.14942249 -0.94418857
v -0.73319812 11.06774604 -0.91941218
v -0.73319812 10.99247223 -0.87917781
v -0.73319812 10.92649494 -0.82503126
v -0.73319812 10.87234843 -0.75905346
v -0.73319812 10.83211405 -0.68378013
v -0.73319812 10.80733737 -0.60210377
v -0.73319812 10.79897202 -0.51716307
v -0.73319812 10.80733722 -0.43222244
v -0.73319812 10.83211373 -0.35054596
v -0.73319812 10.87234838 -0.27527262
v -0.73319812 10.92649496 -0.20929495
v -0.73319812 10.99247233 -0.15514845
v -0.73319812 11.06774586 -0.11491401
v -0.73319812 11.14942219 -0.09013768
v -0.73319812 11.2343632 -0.08177178
v -0.73319817 11.31930352 -0.09013767
v -0.73319817 11.40097997 -0.11491399
v -0.73319817 11.47625377 -0.15514852
v -0.73319817 11.54223107 -0.20929494
v -0.73319817 11.59637759 -0.27527261
v -0.73319817 11.63661197 -0.35054601
v -0.73319817 11.66138796 -0.43222244
v -0.73319817 11.669754 -0.51716301
v -0.73319817 11.66138811 -0.60210377
v -0.73319817 11.63661229 -0.68378018
v -0.73319817 11.59637764 -0.75905345
v -0.73319817 11.54223105 -0.82503126
v -0.73319817 11.47625368 -0.87917775
v -0.73319817 11.40098015 -0.91941223
v -0.73319817 11.31930382 -0.94418849
v -0.61479215 11.31930382 -0.94418849
v -0.73319817 11.31930382 -0.94418849
v -0.6147921 11.23436349 -0.95255428
v -0.73319812 11.23436349 -0.95255428
v -0.6147921 11.14942249 -0.94418857
v -0.6147921 11.23436349 -0.95255428
v -0.61479215 11.31930382 -0.94418849
v -0.61479215 11.40098015 -0.91941223
v -0.61479215 11.47625368 -0.87917775
v -0.61479215 11.54223105 -0.82503126
v -0.61479215 11.59637764 -0.75905345
v -0.61479215 11.63661229 -0.68378018
v -0.61479215 11.66138811 -0.60210377
v -0.61479215 11.669754 -0.51716301
v -0.61479215 11.66138796 -0.43222244
v -0.61479215 11.63661197 -0.35054601
v -0.61479215 11.59637759 -0.27527261
v -0.61479215 11.54223107 -0.20929494
v -0.61479215 11.47625377 -0.15514852
v -0.61479215 11.40097997 -0.11491399
v -0.61479215 11.31930352 -0.09013767
v -0.6147921 11.2343632 -0.08177178
v -0.6147921 11.14942219 -0.09013768
v -0.6147921 11.06774586 -0.11491401
v -0.6147921 10.99247233 -0.15514845
v -0.61479205 10.92649496 -0.20929495
v -0.61479205 10.87234838 -0.27527262
v -0.61479205 10.83211373 -0.35054596
v -0.61479205 10.80733722 -0.43222244
v -0.61479205 10.79897202 -0.51716307
v -0.61479205 10.80733737 -0.60210377
v -0.61479205 10.83211405 -0.68378013
v -0.61479205 10.87234843 -0.75905346
v -0.61479205 10.92649494 -0.82503126
v -0.6147921 10.99247223 -0.87917781
v -0.6147921 11.06774604 -0.91941218
vn 0 0.96261 -0.2709
vn 0 0.91361 -0.4066
vn 0.0004 0.91159 -0.4111
vn -0.0006 0.95739 -0.2888
vn 0.6333 -0.7739 -0.0032
vn 0.8833 -0.4688 -0.002
vn 0.81382 -0.58111 -0.0024
vn -0.0006 0.94912 -0.31491
vn -0.0005 0.93391 -0.3575
vn 0 0.86907 -0.49468
vn -1 0 0
vn 0 -0.55749 0.83018
vn 0 -0.48931 0.87211
vn 0 -0.65614 0.75464
vn 0.0243 0.9997 0.0036
vn 0.0019 0.91699 -0.3989
vn 0 -0.86907 0.49468
vn 0.14409 0.98956 0.0038
vn 0.17901 0.98384 0.0041
vn 0.5831 -0.8124 -0.0034
vn -0.0034 0.91833 -0.39581
vn -0.0019 0.89746 -0.44108
vn -0.0031 0.91413 -0.40541
vn -0.0033 0.9166 -0.3998
vn 0.0499 -0.99875 -0.0042
vn 0.642 -0.7667 -0.0032
vn 0.87579 -0.48269 -0.002
vn 0.64731 0.76222 0.0032
vn 0.38281 0.92382 0.0039
vn 0.28501 0.95852 0.004
vn 0.0006 0.34631 -0.93812
vn -0.0031 0.50229 -0.86469
vn 0.005 0.54252 -0.84003
vn 0.005 0.54222 -0.84022
vn -0.0002 -0.87379 0.4863
vn -0.0003 -0.87661 0.4812
vn -0.0003 -0.87682 0.48081
vn 0.0001 -0.87194 0.48962
vn 0.0002 -0.87607 0.48218
vn -0.0001 -0.87064 0.49192
vn 0.0036 0.53422 -0.84534
vn 0.0059 0.18541 -0.98264
vn 0.0489 0.99879 0.0042
vn 0.0292 -0.37561 -0.92632
vn 0.026 -0.0232 -0.99939
vn 0.43102 -0.90234 -0.0038
vn 0.0015 -0.90407 0.42739
vn 0.0014 -0.9034 0.4288
vn -0.0004 -0.8782 0.4783
vn 0.0004 -0.88282 0.46971
vn 0.18911 0.98195 0.0041
vn 0.31979 0.94748 0.0039
vn 0.40201 0.91563 0.0038
vn 0.68759 0.72609 0.003
vn 0.0058 -0.95298 0.30299
vn 0.0067 -0.96044 0.27841
vn 0.0233 0.1035 -0.99436
vn 0.0288 -0.3422 -0.93919
vn 0.0133 0.45169 -0.89208
vn 0.022 -0.32621 -0.94504
vn 0.0077 -0.97153 0.23681
vn 0.0079 -0.97213 0.23431
vn 0.99762 -0.069 -0.0003
vn 0.88389 -0.46769 -0.0019
vn 0.2273 -0.97382 -0.0041
vn 0.2407 -0.97059 -0.004
vn 0.15589 -0.98777 -0.0041
vn 0.15091 -0.98854 -0.0041
vn 0.0077 -0.98553 0.16931
vn 0.0075 -0.97977 0.19999
vn 0.0073 -0.99708 0.076
vn 0.0078 -0.99633 0.0852
vn 0.0117 -0.99061 -0.1362
vn 0.0104 -0.99307 -0.1171
vn 0.0048 -0.99998 -0.0042
vn 0.0465 -0.99891 -0.0042
vn 0.0477 -0.99885 -0.0042
vn 0.0062 -0.9984 0.0562
vn 0.0079 -0.99672 -0.0805
vn 0.0006 0.95739 -0.2888
vn -0.0004 0.91159 -0.4111
vn -0.6333 -0.7739 -0.0032
vn -0.81382 -0.58111 -0.0024
vn -0.8833 -0.4688 -0.002
vn 0.0006 0.94912 -0.31491
vn 0.0005 0.93391 -0.3575
vn -0.0243 0.9997 0.0036
vn -0.0019 0.91699 -0.3989
vn -0.14409 0.98956 0.0038
vn -0.17901 0.98384 0.0041
vn -0.5831 -0.8124 -0.0034
vn 0.0034 0.91833 -0.39581
vn 0.0033 0.9166 -0.3998
vn 0.0031 0.91413 -0.40541
vn 0.0019 0.89746 -0.44108
vn -0.0499 -0.99875 -0.0042
vn -0.642 -0.7667 -0.0032
vn -0.64731 0.76222 0.0032
vn -0.87579 -0.48269 -0.002
vn -0.28501 0.95852 0.004
vn -0.38281 0.92382 0.0039
vn -0.0006 0.34631 -0.93812
vn -0.005 0.54222 -0.84022
vn -0.005 0.54252 -0.84003
vn 0.0031 0.50229 -0.86469
vn 0.0003 -0.87682 0.48081
vn 0.0001 -0.87064 0.49192
vn -0.0002 -0.87607 0.48218
vn -0.0001 -0.87194 0.48962
vn 0.0003 -0.87661 0.4812
vn 0.0002 -0.87379 0.4863
vn -0.0036 0.53422 -0.84534
vn -0.0059 0.18541 -0.98264
vn -0.0489 0.99879 0.0042
vn -0.026 -0.0232 -0.99939
vn -0.0292 -0.37561 -0.92632
vn -0.43102 -0.90234 -0.0038
vn -0.0004 -0.88282 0.46971
vn -0.0014 -0.9034 0.4288
vn -0.0015 -0.90407 0.42739
vn 0.0004 -0.8782 0.4783
vn -0.18911 0.98195 0.0041
vn -0.31979 0.94748 0.0039
vn -0.68759 0.72609 0.003
vn -0.40201 0.91563 0.0038
vn -0.0067 -0.96044 0.27841
vn -0.0058 -0.95298 0.30299
vn -0.0233 0.1035 -0.99436
vn -0.022 -0.32621 -0.94504
vn -0.0133 0.45169 -0.89208
vn -0.0288 -0.3422 -0.93919
vn -0.0079 -0.97213 0.23431
vn -0.0077 -0.97153 0.23681
vn -0.88389 -0.46769 -0.0019
vn -0.99762 -0.069 -0.0003
vn -0.2273 -0.97382 -0.0041
vn -0.15091 -0.98854 -0.0041
vn -0.15589 -0.98777 -0.0041
vn -0.2407 -0.97059 -0.004
vn -0.0075 -0.97977 0.19999
vn -0.0077 -0.98553 0.16931
vn -0.0078 -0.99633 0.0852
vn -0.0073 -0.99708 0.076
vn -0.0104 -0.99307 -0.1171
vn -0.0117 -0.99061 -0.1362
vn -0.0048 -0.99998 -0.0042
vn -0.0477 -0.99885 -0.0042
vn -0.0465 -0.99891 -0.0042
vn -0.0062 -0.9984 0.0562
vn -0.0079 -0.99672 -0.0805
vn 0.71362 0.70052 0.0029
vn 0.59179 0.80609 0.0034
vn 0.50972 0.86033 0.0031
vn 0.87792 0.47881 0.002
vn 0.94461 0.3282 0.0014
vn -0.97482 -0.223 -0.0009
vn -0.85464 -0.51922 -0.0022
vn -0.91348 -0.40689 -0.0016
vn -0.73819 -0.67459 -0.0026
vn -0.87307 -0.48759 -0.002
vn -0.19359 -0.98107 -0.0041
vn -0.19331 -0.98113 -0.0036
vn -0.54471 -0.83862 -0.0029
vn -0.36529 -0.93088 -0.0039
vn 0.73258 0.68068 0.0023
vn 0.47558 0.87966 0.0037
vn 0.29349 0.95596 0.0037
vn 0.29379 0.95586 0.004
vn 0.1749 -0.98458 -0.0041
vn 0.1736 -0.98481 -0.0028
vn 0.17451 -0.98465 -0.0037
vn 0.0144 -0.99989 -0.0042
vn 0.0144 -0.99989 -0.0033
vn 0.0144 -0.99989 -0.0034
vn -0.0197 0.9998 0.0042
vn -0.0196 0.9998 0.0034
vn -0.0196 0.9998 0.0033
vn 0.22539 0.97426 0.0041
vn 0.2257 0.97419 0.0037
vn 0.2265 0.97401 0.003
vn -0.45049 0.89278 0.0037
vn -0.45001 0.89302 0.0036
vn -0.73872 0.67402 0.0013
vn -0.56938 0.82207 0.0034
vn -0.0047 0.99998 0.0042
vn -0.0047 0.99998 0.0034
vn -0.9312 0.3645 0.0014
vn -0.93109 0.36479 0.0015
vn -0.0562 -0.99841 -0.0042
vn -0.0564 -0.9984 -0.0033
vn -0.0564 -0.9984 -0.0035
vn 0.27169 0.96238 0.004
vn 0.27151 0.96243 0.0032
vn -0.30899 -0.95106 -0.0032
vn -0.30911 -0.95102 -0.004
vn -0.1731 0.9849 0.0041
vn -0.1636 0.98652 0.0036
vn -0.1038 0.99459 0.0034
vn -0.1037 0.9946 0.0041
vn 0.0381 0.99927 0.0042
vn 0.0382 0.99926 0.0034
vn 0.0383 0.99926 0.0033
vn 0.13629 -0.99066 -0.0041
vn 0.1365 -0.99063 -0.0034
vn 0.1366 -0.99062 -0.0031
vn 0.99649 0.0837 0.0003
vn 0.99656 0.0829 0.0008
vn 0.8149 -0.5796 -0.0013
vn 0.479 -0.87781 -0.0037
vn 0.1035 0.99462 0.0041
vn 0.1039 0.99458 0.0039
vn 0.1062 0.99434 0.0028
vn -0.22229 0.97497 0.0041
vn -0.22719 0.97385 0.0025
vn -0.43811 -0.89892 -0.0037
vn -0.76019 -0.64969 -0.002
vn -0.99656 -0.0829 -0.0008
vn -0.99649 -0.0837 -0.0003
vn 0.0016 -0.99999 -0.0042
vn 0.0016 -0.99999 -0.0034
vn 0.2529 -0.96749 -0.0039
vn 0.25339 -0.96736 -0.004
vn -0.24211 -0.97024 -0.004
vn -0.24169 -0.97035 -0.0039
vn -0.94461 0.3282 0.0014
vn -0.87792 0.47881 0.002
vn -0.50972 0.86033 0.0031
vn -0.59179 0.80609 0.0034
vn -0.71362 0.70052 0.0029
vn 0.87307 -0.48759 -0.002
vn 0.73819 -0.67459 -0.0026
vn 0.91348 -0.40689 -0.0016
vn 0.85464 -0.51922 -0.0022
vn 0.97482 -0.223 -0.0009
vn 0.36529 -0.93088 -0.0039
vn 0.54471 -0.83862 -0.0029
vn 0.19331 -0.98113 -0.0036
vn 0.19359 -0.98107 -0.0041
vn -0.73258 0.68068 0.0023
vn -0.47558 0.87966 0.0037
vn -0.29379 0.95586 0.004
vn -0.29349 0.95596 0.0037
vn -0.1749 -0.98458 -0.0041
vn -0.17451 -0.98465 -0.0037
vn -0.1736 -0.98481 -0.0028
vn -0.0144 -0.99989 -0.0042
vn -0.0144 -0.99989 -0.0034
vn -0.0144 -0.99989 -0.0033
vn 0.0197 0.9998 0.0042
vn 0.0196 0.9998 0.0033
vn 0.0196 0.9998 0.0034
vn -0.2265 0.97401 0.003
vn -0.2257 0.97419 0.0037
vn -0.22539 0.97426 0.0041
vn 0.45049 0.89278 0.0037
vn 0.56938 0.82207 0.0034
vn 0.73872 0.67402 0.0013
vn 0.45001 0.89302 0.0036
vn 0.0047 0.99998 0.0042
vn 0.0047 0.99998 0.0034
vn 0.9312 0.3645 0.0014
vn 0.93109 0.36479 0.0015
vn 0.0562 -0.99841 -0.0042
vn 0.0564 -0.9984 -0.0035
vn 0.0564 -0.9984 -0.0033
vn -0.27151 0.96243 0.0032
vn -0.27169 0.96238 0.004
vn 0.30911 -0.95102 -0.004
vn 0.30899 -0.95106 -0.0032
vn 0.1037 0.9946 0.0041
vn 0.1038 0.99459 0.0034
vn 0.1636 0.98652 0.0036
vn 0.1731 0.9849 0.0041
vn -0.0381 0.99927 0.0042
vn -0.0383 0.99926 0.0033
vn -0.0382 0.99926 0.0034
vn -0.13629 -0.99066 -0.0041
vn -0.1366 -0.99062 -0.0031
vn -0.1365 -0.99063 -0.0034
vn -0.99649 0.0837 0.0003
vn -0.479 -0.87781 -0.0037
vn -0.8149 -0.5796 -0.0013
vn -0.99656 0.0829 0.0008
vn -0.1035 0.99462 0.0041
vn -0.1062 0.99434 0.0028
vn -0.1039 0.99458 0.0039
vn 0.22719 0.97385 0.0025
vn 0.22229 0.97497 0.0041
vn 0.99656 -0.0829 -0.0008
vn 0.76019 -0.64969 -0.002
vn 0.43811 -0.89892 -0.0037
vn 0.99649 -0.0837 -0.0003
vn -0.0016 -0.99999 -0.0042
vn -0.0016 -0.99999 -0.0034
vn -0.2529 -0.96749 -0.0039
vn -0.25339 -0.96736 -0.004
vn 0.24169 -0.97035 -0.0039
vn 0.24211 -0.97024 -0.004
vn 0 0.64439 -0.76469
vn 1 0 0
vn 0 0.1504 -0.98862
vn 0 0.79249 -0.60989
vn 0 0.50791 0.86141
vn 0 -0.45268 0.89167
vn 0 0.99999 0.0042
vn 0 0.99712 -0.0759
vn 0 0.99983 -0.0182
vn 0 -0.99999 -0.0042
vn 0 -1 -0.002
vn 0 -0.79245 0.60994
vn 0 -0.99197 -0.1265
vn 0 0.77798 -0.62829
vn 0 0.99846 0.0554
vn 0 0.48179 0.87629
vn 0 -0.99929 -0.0376
vn 0 0.95497 0.29669
vn 0 0.97753 -0.21081
vn 0 0.97951 0.2014
vn 0 -0.99545 -0.0953
vn 0 -0.94492 0.32731
vn 0 -0.99293 0.1187
vn 0 0.99993 -0.0121
vn 0 0.99657 -0.0828
vn 0 -1 0.0023
vn 0 0.99888 0.0474
vn 0 0.99999 -0.0046
vn 0 -1 0.001
vn -0.9732 0.2196 0.0682
vn 0 0.99994 0.0106
vn -0.94371 0.324 0.0666
vn -0.59517 0.80236 0.0445
vn 0.99504 0.095 0.0295
vn 0.98918 0.1437 0.0295
vn 0.86829 0.49529 0.0275
vn 0 -0.25419 -0.96715
vn 0 -0.97466 -0.22369
vn 0 -0.99363 -0.1127
vn 0 -0.9975 -0.0707
vn 0 -0.99888 -0.0474
vn 0 -0.9995 -0.0316
vn 0 -0.99981 -0.0194
vn 0 -0.99996 -0.009
vn 0 -1 0.0006
vn 0 -0.99995 0.0103
vn 0 -0.99978 0.0209
vn 0 -0.99944 0.0334
vn 0 -0.99875 0.0499
vn 0 -0.9972 0.0748
vn 0 -0.99264 0.1211
vn 0 -0.96726 0.25379
vn 0 0.25419 0.96715
vn 0 0.97466 0.22369
vn 0 0.99363 0.1127
vn 0 0.9975 0.0707
vn 0 0.9995 0.0316
vn 0 0.99981 0.0194
vn 0 0.99996 0.009
vn 0 1 -0.0006
vn 0 0.99995 -0.0103
vn 0 0.99978 -0.0209
vn 0 0.99944 -0.0334
vn 0 0.99875 -0.0499
vn 0 0.9972 -0.0748
vn 0 0.99264 -0.1211
vn 0 0.96726 -0.25379
vn 0 -0.25409 -0.96718
vt 0.375 0.375
vt 0.625 0.375
vt 0.625 0.5
vt 0.375 0.5
vt 0.625 0.75
vt 0.375 0.75
vt 0 0
vt 0.625 0.875
vt 0.375 0.875
vt 0.75 0.5
vt 0.75 0.75
vt 0.375 0.80136
vt 0.375 0.81162
vt 0.375 0.81282
vt 0.375 0.79829
vt 0.375 0.79766
vt 0.375 0.78889
vt 0.375 0.82661
vt 0.375 0.81706
vt 0.375 0.80027
vt 0.375 0.79365
vt 0.375 0.81343
vt 0.375 0.81489
vt 0.375 0.80033
vt 0.375 0.82295
vt 0.375 0.82696
vt 0.375 0.78687
vt 0.375 0.7874
vt 0.375 0.78198
vt 0.375 0.81197
vt 0.375 0.80414
vt 0.375 0.81773
vt 0.375 0.79423
vt 0.375 0.80543
vt 0.375 0.8117
vt 0.375 0.80013
vt 0.375 0.79885
vt 0.375 0.79155
vt 0.375 0.78393
vt 0.375 0.7879
vt 0.375 0.78741
vt 0.375 0.81043
vt 0.375 0.79743
vt 0.375 0.78621
vt 0.375 0.78797
vt 0.375 0.79842
vt 0.375 0.79402
vt 0.375 0.79923
vt 0.375 0.80661
vt 0.25 0.5
vt 0.25 0.75
vt 0.375 0.80136
vt 0.375 0.79829
vt 0.375 0.81706
vt 0.375 0.82661
vt 0.375 0.79766
vt 0.375 0.7874
vt 0.375 0.78687
vt 0.375 0.78198
vt 0.375 0.82696
vt 0.375 0.7879
vt 0.375 0.78393
vt 0.375 0.80543
vt 0.375 0.81197
vt 0.375 0.81773
vt 0.375 0.80414
vt 0.375 0.80661
vt 0.375 0.78741
vt 0.375 0.78621
vt 0.44362 0.07817
vt 0.375 0.07372
vt 0.375 0.25
vt 0.625 0.25
vt 0.625 0.08758
vt 0.58707 0.08636
vt 0.59639 0.66322
vt 0.625 0.66242
vt 0.375 0.67628
vt 0.45554 0.67103
vt 0.625 0.68561
vt 0.625 0.7014
vt 0.625 0.67332
vt 0.625 0.07668
vt 0.625 0.0486
vt 0.625 0.05802
vt 0.625 0.66785
vt 0.625 0.7014
vt 0.625 0.6681
vt 0.625 0.69612
vt 0.625 0.07802
vt 0.625 0.08215
vt 0.875 0.69612
vt 0.875 0.5
vt 0.625 0.05388
vt 0.375 0.68601
vt 0.375 0.71539
vt 0.375 0.06419
vt 0.375 0.0696
vt 0.375 0.68087
vt 0.375 0.06575
vt 0.375 0.03449
vt 0.375 0.6839
vt 0.375 0.65264
vt 0.375 0.65191
vt 0.375 0.09828
vt 0.375 0.09747
vt 0.375 0.66393
vt 0.125 0.5
vt 0.125 0.66393
vt 0.375 0.09565
vt 0.375 0.08607
vt 0.58707 0.08636
vt 0.59639 0.66322
vt 0.45554 0.67103
vt 0.625 0.67332
vt 0.625 0.68561
vt 0.625 0.07668
vt 0.625 0.05802
vt 0.625 0.6681
vt 0.625 0.07802
vt 0.375 0.71539
vt 0.375 0.0696
vt 0.375 0.68087
vt 0.375 0.03449
vt 0.375 0.6839
vt 0.375 0.65264
vt 0.375 0.09747
vt 0.375 0.09565
vt 0.42896 0.375
vt 0.42896 0.5
vt 0.42896 0.75
vt 0.42896 0.875
vt 0.54847 0.375
vt 0.54847 0.5
vt 0.54847 0.75
vt 0.54847 0.81775
vt 0.60468 0.81775
vt 0.60468 0.875
vt 0.54847 0.875
vt 0.42272 0.75
vt 0.42272 0.875
vt 0.42272 0.5
vt 0.42272 0.375
vt 0.44396 0.81775
vt 0.47194 0.81775
vt 0.47194 0.875
vt 0.44396 0.875
vt 0.47194 0.5
vt 0.47194 0.75
vt 0.47194 0.375
vt 0.54847 0.81775
vt 0.44396 0.81775
vt 0.61211 0.875
vt 0.61211 0.79297
vt 0.47194 0.79297
vt 0.43619 0.79297
vt 0.43619 0.875
vt 0.54847 0.79297
vt 0.43619 0.79297
vt 1 0.5
vt 1 1
vt 0.96875 1
vt 0.96875 0.5
vt 0.9375 1
vt 0.9375 0.5
vt 0.90625 1
vt 0.90625 0.5
vt 0.875 1
vt 0.84375 1
vt 0.84375 0.5
vt 0.8125 1
vt 0.8125 0.5
vt 0.78125 1
vt 0.78125 0.5
vt 0.75 1
vt 0.71875 1
vt 0.71875 0.5
vt 0.6875 1
vt 0.6875 0.5
vt 0.65625 1
vt 0.65625 0.5
vt 0.625 1
vt 0.59375 1
vt 0.59375 0.5
vt 0.5625 1
vt 0.5625 0.5
vt 0.53125 1
vt 0.53125 0.5
vt 0.5 1
vt 0.5 0.5
vt 0.46875 1
vt 0.46875 0.5
vt 0.4375 1
vt 0.4375 0.5
vt 0.40625 1
vt 0.40625 0.5
vt 0.375 1
vt 0.34375 1
vt 0.34375 0.5
vt 0.3125 1
vt 0.3125 0.5
vt 0.28125 1
vt 0.28125 0.5
vt 0.25 1
vt 0.21875 1
vt 0.21875 0.5
vt 0.1875 1
vt 0.1875 0.5
vt 0.15625 1
vt 0.15625 0.5
vt 0.125 1
vt 0.09375 1
vt 0.09375 0.5
vt 0.0625 1
vt 0.0625 0.5
vt 0.34184 0.47173
vt 0.29682 0.48539
vt 0.25 0.49
vt 0.20318 0.48539
vt 0.15816 0.47173
vt 0.11666 0.44955
vt 0.08029 0.41971
vt 0.05045 0.38334
vt 0.02827 0.34184
vt 0.01461 0.29682
vt 0.01 0.25
vt 0.01461 0.20318
vt 0.02827 0.15816
vt 0.05045 0.11666
vt 0.08029 0.08029
vt 0.11666 0.05045
vt 0.15816 0.02827
vt 0.20318 0.01461
vt 0.25 0.01
vt 0.29682 0.01461
vt 0.34184 0.02827
vt 0.38334 0.05045
vt 0.41971 0.08029
vt 0.44955 0.11666
vt 0.47173 0.15816
vt 0.48539 0.20318
vt 0.49 0.25
vt 0.48539 0.29682
vt 0.47173 0.34184
vt 0.44955 0.38334
vt 0.41971 0.41971
vt 0.38334 0.44955
vt 0.03125 1
vt 0.03125 0.5
vt 0 1
vt 0 0.5
vt 0.70318 0.48539
vt 0.75 0.49
vt 0.79682 0.48539
vt 0.84184 0.47173
vt 0.88334 0.44955
vt 0.91971 0.41971
vt 0.94955 0.38334
vt 0.97173 0.34184
vt 0.98539 0.29682
vt 0.99 0.25
vt 0.98539 0.20318
vt 0.97173 0.15816
vt 0.94955 0.11666
vt 0.91971 0.08029
vt 0.88334 0.05045
vt 0.84184 0.02827
vt 0.79682 0.01461
vt 0.75 0.01
vt 0.70318 0.01461
vt 0.65816 0.02827
vt 0.61666 0.05045
vt 0.58029 0.08029
vt 0.55045 0.11666
vt 0.52827 0.15816
vt 0.51461 0.20318
vt 0.51 0.25
vt 0.51461 0.29682
vt 0.52827 0.34184
vt 0.55045 0.38334
vt 0.58029 0.41971
vt 0.61666 0.44955
vt 0.65816 0.47173
usemtl mat1
f 1421/211/844 1422/212/845 1423/213/846
f 1421/211/844 1423/213/846 1424/214/847
f 1424/214/848 1423/213/849 1425/215/849
f 1424/214/848 1425/215/849 1426/216/850
f 1427/211/851 1428/214/852 1429/214/853
f 1427/211/851 1429/214/853 1430/211/853
f 1431/217/854 1432/217/854 1433/217/854
f 1431/217/854 1433/217/854 1434/217/854
f 1426/216/855 1425/215/856 1435/218/857
f 1426/216/855 1435/218/857 1436/219/857
f 1437/213/858 1438/220/858 1439/221/858
f 1437/213/858 1439/221/858 1440/215/858
f 1423/213/846 1422/212/845 1441/212/859
f 1423/213/846 1441/212/859 1437/213/859
f 1435/218/857 1425/215/856 1440/215/860
f 1435/218/857 1440/215/860 1442/218/860
f 1425/215/861 1423/213/861 1437/213/861
f 1425/215/861 1437/213/861 1440/215/861
f 1443/217/854 1444/217/854 1445/217/854
f 1443/217/854 1445/217/854 1446/217/854
f 1428/214/862 1447/216/862 1448/216/862
f 1428/214/862 1448/216/862 1429/214/862
f 1449/217/854 1450/217/854 1444/217/854
f 1449/217/854 1444/217/854 1443/217/854
f 1447/216/860 1451/219/860 1452/219/860
f 1447/216/860 1452/219/860 1448/216/860
f 1426/216/855 1436/219/857 1451/219/860
f 1426/216/855 1451/219/860 1447/216/860
f 1453/217/854 1454/217/854 1450/217/854
f 1453/217/854 1450/217/854 1449/217/854
f 1424/214/848 1426/216/850 1447/216/863
f 1424/214/848 1447/216/863 1428/214/863
f 1421/211/844 1424/214/847 1428/214/852
f 1421/211/844 1428/214/852 1427/211/851
f 1455/211/864 1456/214/865 1457/214/866
f 1455/211/864 1457/214/866 1458/211/867
f 1448/216/860 1452/219/860 1459/219/860
f 1448/216/860 1459/219/860 1460/216/860
f 1430/211/853 1429/214/853 1456/214/865
f 1430/211/853 1456/214/865 1455/211/864
f 1429/214/868 1448/216/868 1460/216/868
f 1429/214/868 1460/216/868 1456/214/868
f 1458/211/867 1457/214/866 1461/214/853
f 1458/211/867 1461/214/853 1462/211/853
f 1456/214/869 1460/216/869 1463/216/870
f 1456/214/869 1463/216/870 1457/214/871
f 1446/217/854 1445/217/854 1464/217/854
f 1446/217/854 1464/217/854 1465/217/854
f 1466/222/860 1467/223/860 1468/224/860
f 1466/222/860 1468/224/860 1469/225/860
f 1470/226/860 1471/227/860 1463/216/860
f 1463/216/860 1460/216/860 1459/219/860
f 1459/219/860 1472/219/860 1473/228/860
f 1459/219/860 1473/228/860 1474/229/860
f 1470/226/860 1463/216/860 1459/219/860
f 1470/226/860 1459/219/860 1474/229/860
f 1475/217/854 1476/217/854 1477/217/854
f 1475/217/854 1477/217/854 1478/217/854
f 1457/214/871 1463/216/870 1479/216/872
f 1457/214/871 1479/216/872 1461/214/873
f 1465/217/854 1464/217/854 1480/217/854
f 1465/217/854 1480/217/854 1481/217/854
f 1482/230/860 1483/231/860 1469/225/860
f 1469/225/860 1468/224/860 1484/232/860
f 1469/225/860 1484/232/860 1485/233/860
f 1486/219/860 1487/234/860 1482/230/860
f 1482/230/860 1469/225/860 1485/233/860
f 1482/230/860 1485/233/860 1488/235/860
f 1472/219/860 1486/219/860 1482/230/860
f 1489/236/860 1473/228/860 1472/219/860
f 1482/230/860 1488/235/860 1489/236/860
f 1489/236/860 1472/219/860 1482/230/860
f 1490/237/860 1491/238/860 1479/216/860
f 1479/216/860 1463/216/860 1471/227/860
f 1492/239/860 1490/237/860 1479/216/860
f 1479/216/860 1471/227/860 1492/239/860
f 1493/211/874 1494/214/875 1495/214/876
f 1493/211/874 1495/214/876 1496/211/877
f 1497/240/860 1498/241/860 1499/219/860
f 1499/219/860 1500/219/878 1501/242/879
f 1499/219/860 1501/242/879 1497/240/860
f 1502/216/880 1503/216/860 1504/243/860
f 1504/243/860 1505/244/860 1506/245/881
f 1506/245/881 1507/246/882 1508/247/860
f 1506/245/881 1508/247/860 1509/248/860
f 1510/249/860 1511/250/883 1502/216/880
f 1504/243/860 1506/245/881 1509/248/860
f 1509/248/860 1510/249/860 1502/216/880
f 1504/243/860 1509/248/860 1502/216/880
f 1512/211/884 1513/214/885 1493/211/874
f 1513/214/885 1494/214/875 1493/211/874
f 1513/214/886 1503/216/886 1502/216/886
f 1513/214/886 1502/216/886 1494/214/886
f 1496/211/877 1495/214/876 1514/214/887
f 1496/211/877 1514/214/887 1515/211/888
f 1494/214/889 1502/216/889 1516/216/889
f 1494/214/889 1516/216/889 1495/214/889
f 1478/217/854 1477/217/854 1517/217/854
f 1478/217/854 1517/217/854 1518/217/854
f 1501/242/879 1500/219/878 1519/219/890
f 1516/216/891 1502/216/880 1511/250/883
f 1516/216/891 1511/250/883 1520/251/892
f 1521/252/892 1501/242/879 1519/219/890
f 1522/253/892 1521/252/892 1519/219/890
f 1516/216/891 1520/251/892 1523/254/892
f 1516/216/891 1523/254/892 1524/255/892
f 1522/253/892 1519/219/890 1516/216/891
f 1516/216/891 1524/255/892 1522/253/892
f 1525/256/893 1526/257/893 1527/258/893
f 1527/258/893 1507/246/882 1506/245/881
f 1506/245/881 1528/259/893 1525/256/893
f 1527/258/893 1506/245/881 1525/256/893
f 1461/214/873 1479/216/872 1503/216/894
f 1461/214/873 1503/216/894 1513/214/894
f 1462/211/853 1461/214/853 1513/214/885
f 1462/211/853 1513/214/885 1512/211/884
f 1487/234/860 1486/219/860 1499/219/860
f 1487/234/860 1499/219/860 1498/241/860
f 1503/216/860 1479/216/860 1491/238/860
f 1503/216/860 1491/238/860 1504/243/860
f 1481/217/854 1480/217/854 1476/217/854
f 1481/217/854 1476/217/854 1475/217/854
f 1529/217/854 1530/217/854 1531/217/854
f 1529/217/854 1531/217/854 1532/217/854
f 1495/214/895 1516/216/895 1533/216/896
f 1495/214/895 1533/216/896 1514/214/897
f 1518/217/854 1517/217/854 1530/217/854
f 1518/217/854 1530/217/854 1529/217/854
f 1516/216/891 1519/219/890 1534/219/898
f 1516/216/891 1534/219/898 1533/216/899
f 1535/211/900 1536/214/901 1537/214/902
f 1535/211/900 1537/214/902 1538/211/903
f 1533/216/899 1534/219/898 1539/219/904
f 1533/216/899 1539/219/904 1540/216/905
f 1515/211/888 1514/214/887 1536/214/901
f 1515/211/888 1536/214/901 1535/211/900
f 1514/214/897 1533/216/896 1540/216/906
f 1514/214/897 1540/216/906 1536/214/907
f 1537/214/908 1541/216/909 1542/216/910
f 1537/214/908 1542/216/910 1543/214/911
f 1536/214/907 1540/216/906 1541/216/909
f 1536/214/907 1541/216/909 1537/214/908
f 1532/217/854 1531/217/854 1544/217/854
f 1532/217/854 1544/217/854 1545/217/854
f 1540/216/905 1539/219/904 1546/219/912
f 1540/216/905 1546/219/912 1541/216/913
f 1547/217/854 1548/217/854 1549/217/854
f 1547/217/854 1549/217/854 1550/217/854
f 1545/217/854 1544/217/854 1548/217/854
f 1545/217/854 1548/217/854 1547/217/854
f 1541/216/913 1546/219/912 1551/219/914
f 1541/216/913 1551/219/914 1542/216/915
f 1538/211/903 1537/214/902 1543/214/916
f 1538/211/903 1543/214/916 1552/211/917
f 1553/260/918 1554/214/919 1555/216/920
f 1553/260/918 1555/216/920 1556/261/918
f 1542/216/915 1551/219/914 1557/219/921
f 1542/216/915 1557/219/921 1555/216/921
f 1552/211/917 1543/214/916 1554/214/922
f 1552/211/917 1554/214/922 1558/211/922
f 1543/214/911 1542/216/910 1555/216/920
f 1543/214/911 1555/216/920 1554/214/919
f 1421/211/844 1559/214/923 1560/213/924
f 1421/211/844 1560/213/924 1422/212/845
f 1559/214/925 1561/216/926 1562/215/927
f 1559/214/925 1562/215/927 1560/213/927
f 1427/211/928 1430/211/853 1563/214/853
f 1427/211/928 1563/214/853 1564/214/929
f 1561/216/855 1436/219/857 1435/218/857
f 1561/216/855 1435/218/857 1562/215/856
f 1565/213/930 1566/215/930 1439/221/930
f 1565/213/930 1439/221/930 1438/220/930
f 1560/213/924 1565/213/931 1441/212/931
f 1560/213/924 1441/212/931 1422/212/845
f 1435/218/857 1442/218/860 1566/215/860
f 1435/218/857 1566/215/860 1562/215/856
f 1562/215/932 1566/215/932 1565/213/932
f 1562/215/932 1565/213/932 1560/213/932
f 1564/214/933 1563/214/933 1567/216/933
f 1564/214/933 1567/216/933 1568/216/933
f 1568/216/860 1567/216/860 1452/219/860
f 1568/216/860 1452/219/860 1451/219/860
f 1561/216/855 1568/216/860 1451/219/860
f 1561/216/855 1451/219/860 1436/219/857
f 1559/214/925 1564/214/934 1568/216/934
f 1559/214/925 1568/216/934 1561/216/926
f 1421/211/844 1427/211/928 1564/214/929
f 1421/211/844 1564/214/929 1559/214/923
f 1455/211/935 1458/211/936 1569/214/937
f 1455/211/935 1569/214/937 1570/214/938
f 1567/216/860 1571/216/860 1459/219/860
f 1567/216/860 1459/219/860 1452/219/860
f 1430/211/853 1455/211/935 1570/214/938
f 1430/211/853 1570/214/938 1563/214/853
f 1563/214/939 1570/214/939 1571/216/939
f 1563/214/939 1571/216/939 1567/216/939
f 1458/211/936 1462/211/853 1572/214/853
f 1458/211/936 1572/214/853 1569/214/937
f 1570/214/940 1569/214/941 1573/216/942
f 1570/214/940 1573/216/942 1571/216/940
f 1574/223/860 1575/262/860 1576/263/860
f 1574/223/860 1576/263/860 1577/224/860
f 1578/264/860 1579/265/860 1472/219/860
f 1472/219/860 1459/219/860 1571/216/860
f 1571/216/860 1573/216/860 1580/227/860
f 1571/216/860 1580/227/860 1581/266/860
f 1578/264/860 1472/219/860 1571/216/860
f 1571/216/860 1581/266/860 1578/264/860
f 1569/214/941 1572/214/943 1582/216/944
f 1569/214/941 1582/216/944 1573/216/942
f 1580/227/860 1573/216/860 1582/216/860
f 1582/216/860 1583/267/860 1584/268/860
f 1585/269/860 1580/227/860 1582/216/860
f 1582/216/860 1584/268/860 1585/269/860
f 1586/232/860 1577/224/860 1576/263/860
f 1576/263/860 1587/231/860 1588/230/860
f 1588/230/860 1589/234/860 1486/219/860
f 1472/219/860 1579/265/860 1590/270/860
f 1472/219/860 1590/270/860 1591/235/860
f 1588/230/860 1486/219/860 1472/219/860
f 1586/232/860 1576/263/860 1588/230/860
f 1592/233/860 1586/232/860 1588/230/860
f 1588/230/860 1472/219/860 1591/235/860
f 1588/230/860 1591/235/860 1592/233/860
f 1493/211/945 1496/211/946 1593/214/947
f 1493/211/945 1593/214/947 1594/214/948
f 1595/243/860 1596/216/860 1597/216/949
f 1597/216/949 1598/271/950 1599/272/860
f 1597/216/949 1599/272/860 1600/248/860
f 1601/273/860 1595/243/860 1597/216/949
f 1602/246/951 1603/245/952 1601/273/860
f 1604/247/860 1602/246/951 1601/273/860
f 1601/273/860 1597/216/949 1600/248/860
f 1600/248/860 1604/247/860 1601/273/860
f 1605/274/860 1606/275/953 1500/219/954
f 1500/219/954 1499/219/860 1607/276/860
f 1500/219/954 1607/276/860 1605/274/860
f 1512/211/955 1493/211/945 1608/214/956
f 1493/211/945 1594/214/948 1608/214/956
f 1608/214/957 1594/214/957 1597/216/957
f 1608/214/957 1597/216/957 1596/216/957
f 1496/211/946 1515/211/958 1609/214/959
f 1496/211/946 1609/214/959 1593/214/947
f 1594/214/960 1593/214/960 1610/216/960
f 1594/214/960 1610/216/960 1597/216/960
f 1611/258/961 1612/257/961 1613/256/961
f 1613/256/961 1614/277/961 1603/245/952
f 1603/245/952 1602/246/951 1611/258/961
f 1613/256/961 1603/245/952 1611/258/961
f 1598/271/950 1597/216/949 1610/216/962
f 1519/219/963 1500/219/954 1606/275/953
f 1519/219/963 1606/275/953 1615/252/964
f 1616/278/964 1598/271/950 1610/216/962
f 1617/279/964 1616/278/964 1610/216/962
f 1519/219/963 1615/252/964 1618/253/964
f 1619/255/964 1617/279/964 1610/216/962
f 1610/216/962 1519/219/963 1618/253/964
f 1610/216/962 1618/253/964 1619/255/964
f 1572/214/943 1608/214/965 1596/216/965
f 1572/214/943 1596/216/965 1582/216/944
f 1462/211/853 1512/211/955 1608/214/956
f 1462/211/853 1608/214/956 1572/214/853
f 1582/216/860 1596/216/860 1595/243/860
f 1582/216/860 1595/243/860 1583/267/860
f 1499/219/860 1486/219/860 1589/234/860
f 1499/219/860 1589/234/860 1607/276/860
f 1593/214/966 1609/214/967 1620/216/968
f 1593/214/966 1620/216/968 1610/216/966
f 1610/216/962 1620/216/969 1534/219/970
f 1610/216/962 1534/219/970 1519/219/963
f 1535/211/971 1538/211/972 1621/214/973
f 1535/211/971 1621/214/973 1622/214/974
f 1620/216/969 1623/216/975 1539/219/976
f 1620/216/969 1539/219/976 1534/219/970
f 1515/211/958 1535/211/971 1622/214/974
f 1515/211/958 1622/214/974 1609/214/959
f 1609/214/967 1622/214/977 1623/216/978
f 1609/214/967 1623/216/978 1620/216/968
f 1621/214/979 1624/214/980 1625/216/981
f 1621/214/979 1625/216/981 1626/216/982
f 1622/214/977 1621/214/979 1626/216/982
f 1622/214/977 1626/216/982 1623/216/978
f 1623/216/975 1626/216/983 1546/219/984
f 1623/216/975 1546/219/984 1539/219/976
f 1626/216/983 1625/216/985 1551/219/986
f 1626/216/983 1551/219/986 1546/219/984
f 1538/211/972 1552/211/987 1624/214/988
f 1538/211/972 1624/214/988 1621/214/973
f 1553/260/989 1556/261/989 1627/216/990
f 1553/260/989 1627/216/990 1628/214/991
f 1625/216/985 1627/216/992 1557/219/992
f 1625/216/985 1557/219/992 1551/219/986
f 1552/211/987 1558/211/993 1628/214/993
f 1552/211/987 1628/214/993 1624/214/988
f 1624/214/980 1628/214/991 1627/216/990
f 1624/214/980 1627/216/990 1625/216/981
f 1629/280/994 1630/281/995 1631/282/996
f 1631/282/996 1632/283/997 1633/284/998
f 1633/284/998 1634/285/994 1629/280/994
f 1631/282/996 1633/284/998 1629/280/994
f 1635/286/999 1636/287/1000 1637/213/1001
f 1637/213/1001 1638/214/1002 1639/288/1003
f 1639/288/1003 1640/289/999 1635/286/999
f 1637/213/1001 1639/288/1003 1635/286/999
f 1641/290/1004 1642/291/1004 1643/213/1005
f 1643/213/1005 1644/213/1006 1645/292/1007
f 1643/213/1005 1645/292/1007 1641/290/1004
f 1645/292/1007 1644/213/1006 1637/213/1001
f 1645/292/1007 1637/213/1001 1636/287/1000
f 1633/284/998 1632/283/997 1646/283/1008
f 1633/284/998 1646/283/1008 1647/293/1009
f 1647/293/1009 1646/283/1008 1648/283/1010
f 1648/283/1010 1649/294/1011 1650/295/1011
f 1648/283/1010 1650/295/1011 1647/293/1009
f 1651/296/1012 1652/213/1013 1653/213/1014
f 1653/213/1014 1654/297/1012 1655/298/1012
f 1653/213/1014 1655/298/1012 1651/296/1012
f 1654/297/1015 1653/213/1016 1643/213/1017
f 1654/297/1015 1643/213/1017 1642/291/1015
f 1649/294/1018 1648/283/1019 1656/283/1020
f 1649/294/1018 1656/283/1020 1657/294/1018
f 1658/299/1021 1659/213/1022 1652/213/1023
f 1658/299/1021 1652/213/1023 1651/296/1021
f 1660/300/1024 1657/294/1024 1656/283/1025
f 1656/283/1025 1661/283/1026 1662/301/1027
f 1656/283/1025 1662/301/1027 1660/300/1024
f 1663/302/1028 1664/303/1029 1659/213/1029
f 1663/302/1028 1659/213/1029 1658/299/1028
f 1662/301/1027 1661/283/1026 1665/283/1030
f 1662/301/1027 1665/283/1030 1666/304/1031
f 1667/305/1032 1668/214/1033 1669/214/1034
f 1667/305/1032 1669/214/1034 1670/306/1032
f 1671/307/1035 1672/282/1036 1631/282/996
f 1631/282/996 1630/281/995 1673/308/1035
f 1631/282/996 1673/308/1035 1671/307/1035
f 1639/288/1003 1638/214/1002 1668/214/1037
f 1668/214/1037 1667/305/1038 1674/309/1038
f 1668/214/1037 1674/309/1038 1639/288/1003
f 1675/310/1039 1676/282/1040 1677/282/1041
f 1675/310/1039 1677/282/1041 1678/311/1042
f 1678/311/1043 1677/282/1044 1672/282/1045
f 1678/311/1043 1672/282/1045 1671/307/1043
f 1670/306/1046 1669/214/1047 1679/214/1048
f 1670/306/1046 1679/214/1048 1680/312/1046
f 1681/313/1049 1682/314/1049 1683/214/1050
f 1683/214/1050 1684/214/1051 1685/313/1052
f 1683/214/1050 1685/313/1052 1681/313/1049
f 1680/312/1053 1679/214/1054 1683/214/1055
f 1680/312/1053 1683/214/1055 1682/314/1053
f 1686/315/1056 1687/282/1057 1676/282/1040
f 1686/315/1056 1676/282/1040 1675/310/1039
f 1688/316/1058 1689/282/1059 1687/282/1060
f 1688/316/1058 1687/282/1060 1686/315/1061
f 1690/317/1062 1691/214/1063 1692/318/1063
f 1690/317/1062 1692/318/1063 1693/319/1062
f 1685/313/1052 1684/214/1051 1691/214/1064
f 1685/313/1052 1691/214/1064 1690/317/1065
f 1694/320/1066 1695/321/1066 1696/282/1067
f 1696/282/1067 1689/282/1059 1688/316/1058
f 1696/282/1067 1688/316/1058 1694/320/1066
f 1697/284/1068 1698/283/1069 1699/282/1070
f 1699/282/1070 1700/281/1071 1701/280/1072
f 1701/280/1072 1702/322/1072 1697/284/1068
f 1699/282/1070 1701/280/1072 1697/284/1068
f 1703/288/1073 1704/214/1074 1705/213/1075
f 1705/213/1075 1706/287/1076 1707/323/1077
f 1707/323/1077 1708/324/1077 1703/288/1073
f 1705/213/1075 1707/323/1077 1703/288/1073
f 1709/325/1078 1710/213/1079 1711/213/1080
f 1711/213/1080 1712/297/1081 1713/326/1081
f 1711/213/1080 1713/326/1081 1709/325/1078
f 1705/213/1075 1710/213/1079 1709/325/1078
f 1705/213/1075 1709/325/1078 1706/287/1076
f 1714/283/1082 1698/283/1069 1697/284/1068
f 1714/283/1082 1697/284/1068 1715/327/1083
f 1716/294/1084 1717/283/1085 1714/283/1082
f 1714/283/1082 1715/327/1083 1718/328/1084
f 1714/283/1082 1718/328/1084 1716/294/1084
f 1719/291/1086 1720/213/1087 1721/213/1088
f 1721/213/1088 1722/296/1086 1723/329/1086
f 1721/213/1088 1723/329/1086 1719/291/1086
f 1712/297/1089 1711/213/1090 1720/213/1091
f 1712/297/1089 1720/213/1091 1719/291/1089
f 1724/294/1092 1725/283/1093 1717/283/1094
f 1724/294/1092 1717/283/1094 1716/294/1092
f 1721/213/1095 1726/213/1096 1727/299/1097
f 1721/213/1095 1727/299/1097 1722/296/1097
f 1728/330/1098 1729/301/1099 1730/283/1100
f 1730/283/1100 1725/283/1101 1724/294/1098
f 1728/330/1098 1730/283/1100 1724/294/1098
f 1727/299/1102 1726/213/1103 1731/303/1103
f 1727/299/1102 1731/303/1103 1732/302/1102
f 1733/283/1104 1730/283/1100 1729/301/1099
f 1733/283/1104 1729/301/1099 1734/304/1105
f 1735/331/1106 1736/214/1107 1737/214/1108
f 1735/331/1106 1737/214/1108 1738/305/1106
f 1700/281/1071 1699/282/1070 1739/282/1109
f 1739/282/1109 1740/307/1110 1741/332/1110
f 1739/282/1109 1741/332/1110 1700/281/1071
f 1738/305/1111 1737/214/1112 1704/214/1074
f 1704/214/1074 1703/288/1073 1742/333/1111
f 1704/214/1074 1742/333/1111 1738/305/1111
f 1743/334/1113 1744/282/1114 1745/282/1115
f 1743/334/1113 1745/282/1115 1746/310/1116
f 1740/307/1117 1739/282/1118 1744/282/1119
f 1740/307/1117 1744/282/1119 1743/334/1117
f 1747/335/1120 1748/214/1121 1736/214/1122
f 1747/335/1120 1736/214/1122 1735/331/1120
f 1749/336/1123 1750/313/1124 1751/214/1125
f 1751/214/1125 1752/214/1126 1753/314/1123
f 1751/214/1125 1753/314/1123 1749/336/1123
f 1753/314/1127 1752/214/1128 1748/214/1129
f 1753/314/1127 1748/214/1129 1747/335/1127
f 1746/310/1116 1745/282/1115 1754/282/1130
f 1746/310/1116 1754/282/1130 1755/315/1131
f 1754/282/1132 1756/282/1133 1757/337/1134
f 1754/282/1132 1757/337/1134 1755/315/1135
f 1758/319/1136 1759/318/1137 1760/214/1137
f 1758/319/1136 1760/214/1137 1761/317/1136
f 1760/214/1138 1751/214/1125 1750/313/1124
f 1760/214/1138 1750/313/1124 1761/317/1139
f 1756/282/1133 1762/282/1140 1763/321/1141
f 1763/321/1141 1764/338/1141 1757/337/1134
f 1763/321/1141 1757/337/1134 1756/282/1133
f 1765/217/854 1766/217/854 1767/217/854
f 1765/217/854 1767/217/854 1768/217/854
f 1769/339/1142 1770/212/1142 1771/213/1142
f 1769/339/1142 1771/213/1142 1772/340/1142
f 1772/340/1143 1771/213/1143 1773/215/1143
f 1772/340/1143 1773/215/1143 1774/341/1143
f 1771/213/1144 1770/212/1144 1775/212/1144
f 1771/213/1144 1775/212/1144 1776/213/1144
f 1777/211/1145 1778/214/1145 1779/214/1145
f 1777/211/1145 1779/214/1145 1780/211/1145
f 1781/218/1146 1773/215/1146 1782/215/1146
f 1781/218/1146 1782/215/1146 1783/218/1146
f 1773/215/1143 1771/213/1143 1776/213/1143
f 1773/215/1143 1776/213/1143 1782/215/1143
f 1774/341/1147 1773/215/1147 1781/218/1147
f 1774/341/1147 1781/218/1147 1784/342/1147
f 1776/213/1148 1785/220/1148 1786/221/1148
f 1776/213/1148 1786/221/1148 1782/215/1148
f 1787/216/1147 1774/341/1147 1784/342/1147
f 1787/216/1147 1784/342/1147 1788/219/1147
f 1789/214/1143 1772/340/1143 1774/341/1143
f 1789/214/1143 1774/341/1143 1787/216/1143
f 1790/217/854 1791/217/854 1792/217/854
f 1790/217/854 1792/217/854 1793/217/854
f 1777/211/1149 1794/339/1149 1795/340/1149
f 1777/211/1149 1795/340/1149 1778/214/1149
f 1791/217/854 1796/217/854 1797/217/854
f 1791/217/854 1797/217/854 1798/217/854
f 1772/340/1143 1789/214/1143 1778/214/1143
f 1772/340/1143 1778/214/1143 1795/340/1143
f 1769/339/1150 1772/340/1150 1795/340/1150
f 1769/339/1150 1795/340/1150 1794/339/1150
f 1799/260/1151 1800/214/1151 1801/216/1151
f 1799/260/1151 1801/216/1151 1802/261/1151
f 1800/214/1152 1799/260/1152 1803/260/1152
f 1800/214/1152 1803/260/1152 1779/214/1152
f 1791/217/854 1798/217/854 1804/217/854
f 1791/217/854 1804/217/854 1792/217/854
f 1789/214/1143 1787/216/1143 1801/216/1143
f 1789/214/1143 1801/216/1143 1800/214/1143
f 1778/214/1143 1789/214/1143 1800/214/1143
f 1778/214/1143 1800/214/1143 1779/214/1143
f 1787/216/1153 1788/219/1153 1805/219/1153
f 1787/216/1153 1805/219/1153 1801/216/1153
f 1769/339/1142 1806/340/1142 1807/213/1142
f 1769/339/1142 1807/213/1142 1770/212/1142
f 1806/340/854 1808/341/854 1809/215/854
f 1806/340/854 1809/215/854 1807/213/854
f 1807/213/1144 1810/213/1144 1775/212/1144
f 1807/213/1144 1775/212/1144 1770/212/1144
f 1777/211/1145 1780/211/1145 1811/214/1145
f 1777/211/1145 1811/214/1145 1812/214/1145
f 1781/218/1146 1783/218/1146 1813/215/1146
f 1781/218/1146 1813/215/1146 1809/215/1146
f 1809/215/854 1813/215/854 1810/213/854
f 1809/215/854 1810/213/854 1807/213/854
f 1808/341/1147 1784/342/1147 1781/218/1147
f 1808/341/1147 1781/218/1147 1809/215/1147
f 1810/213/1148 1813/215/1148 1786/221/1148
f 1810/213/1148 1786/221/1148 1785/220/1148
f 1814/216/1147 1788/219/1147 1784/342/1147
f 1814/216/1147 1784/342/1147 1808/341/1147
f 1815/214/854 1814/216/854 1808/341/854
f 1815/214/854 1808/341/854 1806/340/854
f 1777/211/1149 1812/214/1149 1816/340/1149
f 1777/211/1149 1816/340/1149 1794/339/1149
f 1806/340/854 1816/340/854 1812/214/854
f 1806/340/854 1812/214/854 1815/214/854
f 1769/339/1150 1794/339/1150 1816/340/1150
f 1769/339/1150 1816/340/1150 1806/340/1150
f 1799/260/1151 1802/261/1151 1817/216/1151
f 1799/260/1151 1817/216/1151 1818/214/1151
f 1818/214/1152 1811/214/1152 1803/260/1152
f 1818/214/1152 1803/260/1152 1799/260/1152
f 1815/214/854 1818/214/854 1817/216/854
f 1815/214/854 1817/216/854 1814/216/854
f 1812/214/854 1811/214/854 1818/214/854
f 1812/214/854 1818/214/854 1815/214/854
f 1814/216/1153 1817/216/1153 1805/219/1153
f 1814/216/1153 1805/219/1153 1788/219/1153
f 1819/343/1154 1820/212/1154 1821/213/1154
f 1819/343/1154 1821/213/1154 1822/344/1154
f 1822/344/1143 1821/213/1143 1823/215/1143
f 1822/344/1143 1823/215/1143 1824/345/1143
f 1825/260/1151 1826/214/1151 1827/216/1151
f 1825/260/1151 1827/216/1151 1828/261/1151
f 1829/213/1155 1830/212/1155 1831/212/1155
f 1829/213/1155 1831/212/1155 1832/213/1155
f 1833/346/1156 1834/347/1156 1835/348/1156
f 1833/346/1156 1835/348/1156 1836/349/1156
f 1827/216/1157 1837/350/1157 1838/351/1157
f 1827/216/1157 1838/351/1157 1839/219/1157
f 1826/214/1143 1840/352/1143 1837/350/1143
f 1826/214/1143 1837/350/1143 1827/216/1143
f 1841/211/1158 1842/353/1158 1840/352/1158
f 1841/211/1158 1840/352/1158 1826/214/1158
f 1843/354/1159 1844/355/1159 1845/356/1159
f 1843/354/1159 1845/356/1159 1846/357/1159
f 1840/352/1143 1847/358/1143 1848/359/1143
f 1840/352/1143 1848/359/1143 1837/350/1143
f 1842/353/1160 1849/360/1160 1847/358/1160
f 1842/353/1160 1847/358/1160 1840/352/1160
f 1844/355/1161 1833/346/1161 1836/349/1161
f 1844/355/1161 1836/349/1161 1845/356/1161
f 1847/358/1143 1822/344/1143 1824/345/1143
f 1847/358/1143 1824/345/1143 1848/359/1143
f 1849/360/1162 1819/343/1162 1822/344/1162
f 1849/360/1162 1822/344/1162 1847/358/1162
f 1850/218/1163 1851/215/1163 1852/215/1163
f 1850/218/1163 1852/215/1163 1853/218/1163
f 1854/218/1164 1855/215/1164 1851/215/1164
f 1854/218/1164 1851/215/1164 1850/218/1164
f 1855/215/1143 1829/213/1143 1832/213/1143
f 1855/215/1143 1832/213/1143 1851/215/1143
f 1856/217/854 1857/217/854 1858/217/854
f 1856/217/854 1858/217/854 1859/217/854
f 1860/213/1165 1861/220/1165 1862/221/1165
f 1860/213/1165 1862/221/1165 1863/215/1165
f 1832/213/1166 1831/212/1166 1864/212/1166
f 1832/213/1166 1864/212/1166 1860/213/1166
f 1859/217/854 1858/217/854 1865/217/854
f 1859/217/854 1865/217/854 1866/217/854
f 1851/215/1143 1832/213/1143 1860/213/1143
f 1851/215/1143 1860/213/1143 1863/215/1143
f 1867/217/854 1868/217/854 1857/217/854
f 1867/217/854 1857/217/854 1856/217/854
f 1823/215/1143 1821/213/1143 1829/213/1143
f 1823/215/1143 1829/213/1143 1855/215/1143
f 1869/218/1167 1823/215/1167 1855/215/1167
f 1869/218/1167 1855/215/1167 1854/218/1167
f 1821/213/1155 1820/212/1155 1830/212/1155
f 1821/213/1155 1830/212/1155 1829/213/1155
f 1853/218/1168 1852/215/1168 1870/215/1168
f 1853/218/1168 1870/215/1168 1871/218/1168
f 1865/217/854 1858/217/854 1872/217/854
f 1865/217/854 1872/217/854 1873/217/854
f 1851/215/1143 1863/215/1143 1870/215/1143
f 1851/215/1143 1870/215/1143 1852/215/1143
f 1863/215/1169 1862/221/1169 1874/221/1169
f 1863/215/1169 1874/221/1169 1870/215/1169
f 1819/343/1154 1875/344/1154 1876/213/1154
f 1819/343/1154 1876/213/1154 1820/212/1154
f 1875/344/854 1877/345/854 1878/215/854
f 1875/344/854 1878/215/854 1876/213/854
f 1825/260/1151 1828/261/1151 1879/216/1151
f 1825/260/1151 1879/216/1151 1880/214/1151
f 1881/213/1155 1882/213/1155 1831/212/1155
f 1881/213/1155 1831/212/1155 1830/212/1155
f 1883/361/1156 1836/349/1156 1835/348/1156
f 1883/361/1156 1835/348/1156 1884/347/1156
f 1879/216/1157 1839/219/1157 1838/351/1157
f 1879/216/1157 1838/351/1157 1885/350/1157
f 1880/214/854 1879/216/854 1885/350/854
f 1880/214/854 1885/350/854 1886/352/854
f 1841/211/1158 1880/214/1158 1886/352/1158
f 1841/211/1158 1886/352/1158 1842/353/1158
f 1887/362/1159 1846/357/1159 1845/356/1159
f 1887/362/1159 1845/356/1159 1888/355/1159
f 1886/352/854 1885/350/854 1889/359/854
f 1886/352/854 1889/359/854 1890/358/854
f 1842/353/1160 1886/352/1160 1890/358/1160
f 1842/353/1160 1890/358/1160 1849/360/1160
f 1888/355/1161 1845/356/1161 1836/349/1161
f 1888/355/1161 1836/349/1161 1883/361/1161
f 1890/358/854 1889/359/854 1877/345/854
f 1890/358/854 1877/345/854 1875/344/854
f 1849/360/1162 1890/358/1162 1875/344/1162
f 1849/360/1162 1875/344/1162 1819/343/1162
f 1850/218/1163 1853/218/1163 1891/215/1163
f 1850/218/1163 1891/215/1163 1892/215/1163
f 1854/218/1164 1850/218/1164 1892/215/1164
f 1854/218/1164 1892/215/1164 1893/215/1164
f 1893/215/854 1892/215/854 1882/213/854
f 1893/215/854 1882/213/854 1881/213/854
f 1894/213/1165 1895/215/1165 1862/221/1165
f 1894/213/1165 1862/221/1165 1861/220/1165
f 1882/213/1166 1894/213/1166 1864/212/1166
f 1882/213/1166 1864/212/1166 1831/212/1166
f 1892/215/854 1895/215/854 1894/213/854
f 1892/215/854 1894/213/854 1882/213/854
f 1878/215/854 1893/215/854 1881/213/854
f 1878/215/854 1881/213/854 1876/213/854
f 1869/218/1167 1854/218/1167 1893/215/1167
f 1869/218/1167 1893/215/1167 1878/215/1167
f 1876/213/1155 1881/213/1155 1830/212/1155
f 1876/213/1155 1830/212/1155 1820/212/1155
f 1853/218/1168 1871/218/1168 1896/215/1168
f 1853/218/1168 1896/215/1168 1891/215/1168
f 1892/215/854 1891/215/854 1896/215/854
f 1892/215/854 1896/215/854 1895/215/854
f 1895/215/1169 1896/215/1169 1874/221/1169
f 1895/215/1169 1874/221/1169 1862/221/1169
f 1897/363/1156 1898/364/1156 1823/215/1156
f 1897/363/1156 1823/215/1156 1869/218/1156
f 1899/365/1159 1900/366/1159 1837/350/1159
f 1899/365/1159 1837/350/1159 1848/359/1159
f 1900/366/1159 1901/367/1159 1838/351/1159
f 1900/366/1159 1838/351/1159 1837/350/1159
f 1902/368/1161 1899/365/1161 1848/359/1161
f 1902/368/1161 1848/359/1161 1824/345/1161
f 1898/364/1156 1902/368/1156 1824/345/1156
f 1898/364/1156 1824/345/1156 1823/215/1156
f 1903/364/1156 1897/363/1156 1869/218/1156
f 1903/364/1156 1869/218/1156 1878/215/1156
f 1904/369/1159 1905/365/1159 1889/359/1159
f 1904/369/1159 1889/359/1159 1885/350/1159
f 1901/367/1159 1904/369/1159 1885/350/1159
f 1901/367/1159 1885/350/1159 1838/351/1159
f 1905/365/1161 1906/368/1161 1877/345/1161
f 1905/365/1161 1877/345/1161 1889/359/1161
f 1906/368/1156 1903/364/1156 1878/215/1156
f 1906/368/1156 1878/215/1156 1877/345/1156
f 1835/348/1170 1834/347/1170 1898/364/1170
f 1835/348/1170 1898/364/1170 1897/363/1170
f 1844/355/1171 1843/354/1171 1900/366/1171
f 1844/355/1171 1900/366/1171 1899/365/1171
f 1843/354/1172 1846/357/1172 1901/367/1172
f 1843/354/1172 1901/367/1172 1900/366/1172
f 1833/346/1173 1844/355/1173 1899/365/1173
f 1833/346/1173 1899/365/1173 1902/368/1173
f 1834/347/1174 1833/346/1174 1902/368/1174
f 1834/347/1174 1902/368/1174 1898/364/1174
f 1884/347/1170 1835/348/1170 1897/363/1170
f 1884/347/1170 1897/363/1170 1903/364/1170
f 1887/362/1175 1888/355/1175 1905/365/1175
f 1887/362/1175 1905/365/1175 1904/369/1175
f 1846/357/1172 1887/362/1172 1904/369/1172
f 1846/357/1172 1904/369/1172 1901/367/1172
f 1888/355/1176 1883/361/1176 1906/368/1176
f 1888/355/1176 1906/368/1176 1905/365/1176
f 1883/361/1177 1884/347/1177 1903/364/1177
f 1883/361/1177 1903/364/1177 1906/368/1177
f 1907/370/1178 1908/371/1178 1909/372/1178
f 1907/370/1178 1909/372/1178 1910/373/1178
f 1910/373/1179 1909/372/1179 1911/374/1179
f 1910/373/1179 1911/374/1179 1912/375/1179
f 1912/375/1180 1911/374/1180 1913/376/1180
f 1912/375/1180 1913/376/1180 1914/377/1180
f 1914/377/1181 1913/376/1181 1915/378/1181
f 1914/377/1181 1915/378/1181 1916/303/1181
f 1916/303/1182 1915/378/1182 1917/379/1182
f 1916/303/1182 1917/379/1182 1918/380/1182
f 1918/380/1183 1917/379/1183 1919/381/1183
f 1918/380/1183 1919/381/1183 1920/382/1183
f 1920/382/1184 1919/381/1184 1921/383/1184
f 1920/382/1184 1921/383/1184 1922/384/1184
f 1922/384/1185 1921/383/1185 1923/385/1185
f 1922/384/1185 1923/385/1185 1924/220/1185
f 1924/220/1186 1923/385/1186 1925/386/1186
f 1924/220/1186 1925/386/1186 1926/387/1186
f 1926/387/1187 1925/386/1187 1927/388/1187
f 1926/387/1187 1927/388/1187 1928/389/1187
f 1928/389/1188 1927/388/1188 1929/390/1188
f 1928/389/1188 1929/390/1188 1930/391/1188
f 1930/391/1189 1929/390/1189 1931/392/1189
f 1930/391/1189 1931/392/1189 1932/213/1189
f 1932/213/1190 1931/392/1190 1933/393/1190
f 1932/213/1190 1933/393/1190 1934/394/1190
f 1934/394/1191 1933/393/1191 1935/395/1191
f 1934/394/1191 1935/395/1191 1936/396/1191
f 1936/396/1192 1935/395/1192 1937/397/1192
f 1936/396/1192 1937/397/1192 1938/398/1192
f 1938/398/1193 1937/397/1193 1939/399/1193
f 1938/398/1193 1939/399/1193 1940/400/1193
f 1940/400/1194 1939/399/1194 1941/401/1194
f 1940/400/1194 1941/401/1194 1942/402/1194
f 1942/402/1195 1941/401/1195 1943/403/1195
f 1942/402/1195 1943/403/1195 1944/404/1195
f 1944/404/1196 1943/403/1196 1945/405/1196
f 1944/404/1196 1945/405/1196 1946/406/1196
f 1946/406/1197 1945/405/1197 1947/407/1197
f 1946/406/1197 1947/407/1197 1948/214/1197
f 1948/214/1168 1947/407/1168 1949/408/1168
f 1948/214/1168 1949/408/1168 1950/409/1168
f 1950/409/1198 1949/408/1198 1951/410/1198
f 1950/409/1198 1951/410/1198 1952/411/1198
f 1952/411/1199 1951/410/1199 1953/412/1199
f 1952/411/1199 1953/412/1199 1954/413/1199
f 1954/413/1200 1953/412/1200 1955/414/1200
f 1954/413/1200 1955/414/1200 1956/260/1200
f 1956/260/1201 1955/414/1201 1957/415/1201
f 1956/260/1201 1957/415/1201 1958/416/1201
f 1958/416/1202 1957/415/1202 1959/417/1202
f 1958/416/1202 1959/417/1202 1960/418/1202
f 1960/418/1203 1959/417/1203 1961/419/1203
f 1960/418/1203 1961/419/1203 1962/420/1203
f 1962/420/1204 1961/419/1204 1963/421/1204
f 1962/420/1204 1963/421/1204 1964/318/1204
f 1964/318/1205 1963/421/1205 1965/422/1205
f 1964/318/1205 1965/422/1205 1966/423/1205
f 1966/423/1206 1965/422/1206 1967/424/1206
f 1966/423/1206 1967/424/1206 1968/425/1206
f 1969/426/1143 1970/427/1143 1971/428/1143
f 1971/428/1143 1972/429/1143 1973/430/1143
f 1973/430/1143 1974/431/1143 1975/432/1143
f 1975/432/1143 1976/433/1143 1977/434/1143
f 1977/434/1143 1978/435/1143 1979/436/1143
f 1979/436/1143 1980/437/1143 1981/438/1143
f 1981/438/1143 1982/439/1143 1983/440/1143
f 1983/440/1143 1984/441/1143 1985/442/1143
f 1985/442/1143 1986/443/1143 1987/444/1143
f 1987/444/1143 1988/445/1143 1989/446/1143
f 1989/446/1143 1990/447/1143 1991/448/1143
f 1991/448/1143 1992/449/1143 1993/450/1143
f 1993/450/1143 1994/451/1143 1995/452/1143
f 1995/452/1143 1996/453/1143 1997/454/1143
f 1997/454/1143 1998/455/1143 1999/456/1143
f 1999/456/1143 2000/457/1143 1969/426/1143
f 1969/426/1143 1971/428/1143 1973/430/1143
f 1973/430/1143 1975/432/1143 1977/434/1143
f 1977/434/1143 1979/436/1143 1981/438/1143
f 1981/438/1143 1983/440/1143 1985/442/1143
f 1985/442/1143 1987/444/1143 1989/446/1143
f 1989/446/1143 1991/448/1143 1993/450/1143
f 1993/450/1143 1995/452/1143 1997/454/1143
f 1997/454/1143 1999/456/1143 1969/426/1143
f 1969/426/1143 1973/430/1143 1977/434/1143
f 1977/434/1143 1981/438/1143 1985/442/1143
f 1985/442/1143 1989/446/1143 1993/450/1143
f 1993/450/1143 1997/454/1143 1969/426/1143
f 1969/426/1143 1977/434/1143 1985/442/1143
f 1985/442/1143 1993/450/1143 1969/426/1143
f 1968/425/1207 1967/424/1207 2001/458/1207
f 1968/425/1207 2001/458/1207 2002/459/1207
f 2002/459/1208 2001/458/1208 2003/460/1208
f 2002/459/1208 2003/460/1208 2004/461/1208
f 2005/462/854 2006/463/854 2007/464/854
f 2007/464/854 2008/465/854 2009/466/854
f 2009/466/854 2010/467/854 2011/468/854
f 2011/468/854 2012/469/854 2013/470/854
f 2013/470/854 2014/471/854 2015/472/854
f 2015/472/854 2016/473/854 2017/474/854
f 2017/474/854 2018/475/854 2019/476/854
f 2019/476/854 2020/477/854 2021/478/854
f 2021/478/854 2022/479/854 2023/480/854
f 2023/480/854 2024/481/854 2025/482/854
f 2025/482/854 2026/483/854 2027/484/854
f 2027/484/854 2028/485/854 2029/486/854
f 2029/486/854 2030/487/854 2031/488/854
f 2031/488/854 2032/489/854 2033/490/854
f 2033/490/854 2034/491/854 2035/492/854
f 2035/492/854 2036/493/854 2005/462/854
f 2005/462/854 2007/464/854 2009/466/854
f 2009/466/854 2011/468/854 2013/470/854
f 2013/470/854 2015/472/854 2017/474/854
f 2017/474/854 2019/476/854 2021/478/854
f 2021/478/854 2023/480/854 2025/482/854
f 2025/482/854 2027/484/854 2029/486/854
f 2029/486/854 2031/488/854 2033/490/854
f 2033/490/854 2035/492/854 2005/462/854
f 2005/462/854 2009/466/854 2013/470/854
f 2013/470/854 2017/474/854 2021/478/854
f 2021/478/854 2025/482/854 2029/486/854
f 2029/486/854 2033/490/854 2005/462/854
f 2005/462/854 2013/470/854 2021/478/854
f 2021/478/854 2029/486/854 2005/462/854
f 2037/370/1209 2038/371/1209 2039/372/1209
f 2037/370/1209 2039/372/1209 2040/373/1209
f 2040/373/1179 2039/372/1179 2041/374/1179
f 2040/373/1179 2041/374/1179 2042/375/1179
f 2042/375/1180 2041/374/1180 2043/376/1180
f 2042/375/1180 2043/376/1180 2044/377/1180
f 2044/377/1181 2043/376/1181 2045/378/1181
f 2044/377/1181 2045/378/1181 2046/303/1181
f 2046/303/1182 2045/378/1182 2047/379/1182
f 2046/303/1182 2047/379/1182 2048/380/1182
f 2048/380/1183 2047/379/1183 2049/381/1183
f 2048/380/1183 2049/381/1183 2050/382/1183
f 2050/382/1184 2049/381/1184 2051/383/1184
f 2050/382/1184 2051/383/1184 2052/384/1184
f 2052/384/1185 2051/383/1185 2053/385/1185
f 2052/384/1185 2053/385/1185 2054/220/1185
f 2054/220/1186 2053/385/1186 2055/386/1186
f 2054/220/1186 2055/386/1186 2056/387/1186
f 2056/387/1187 2055/386/1187 2057/388/1187
f 2056/387/1187 2057/388/1187 2058/389/1187
f 2058/389/1188 2057/388/1188 2059/390/1188
f 2058/389/1188 2059/390/1188 2060/391/1188
f 2060/391/1189 2059/390/1189 2061/392/1189
f 2060/391/1189 2061/392/1189 2062/213/1189
f 2062/213/1190 2061/392/1190 2063/393/1190
f 2062/213/1190 2063/393/1190 2064/394/1190
f 2064/394/1191 2063/393/1191 2065/395/1191
f 2064/394/1191 2065/395/1191 2066/396/1191
f 2066/396/1192 2065/395/1192 2067/397/1192
f 2066/396/1192 2067/397/1192 2068/398/1192
f 2068/398/1193 2067/397/1193 2069/399/1193
f 2068/398/1193 2069/399/1193 2070/400/1193
f 2070/400/1194 2069/399/1194 2071/401/1194
f 2070/400/1194 2071/401/1194 2072/402/1194
f 2072/402/1195 2071/401/1195 2073/403/1195
f 2072/402/1195 2073/403/1195 2074/404/1195
f 2074/404/1196 2073/403/1196 2075/405/1196
f 2074/404/1196 2075/405/1196 2076/406/1196
f 2076/406/1197 2075/405/1197 2077/407/1197
f 2076/406/1197 2077/407/1197 2078/214/1197
f 2078/214/1168 2077/407/1168 2079/408/1168
f 2078/214/1168 2079/408/1168 2080/409/1168
f 2080/409/1198 2079/408/1198 2081/410/1198
f 2080/409/1198 2081/410/1198 2082/411/1198
f 2082/411/1199 2081/410/1199 2083/412/1199
f 2082/411/1199 2083/412/1199 2084/413/1199
f 2084/413/1200 2083/412/1200 2085/414/1200
f 2084/413/1200 2085/414/1200 2086/260/1200
f 2086/260/1201 2085/414/1201 2087/415/1201
f 2086/260/1201 2087/415/1201 2088/416/1201
f 2088/416/1202 2087/415/1202 2089/417/1202
f 2088/416/1202 2089/417/1202 2090/418/1202
f 2090/418/1203 2089/417/1203 2091/419/1203
f 2090/418/1203 2091/419/1203 2092/420/1203
f 2092/420/1204 2091/419/1204 2093/421/1204
f 2092/420/1204 2093/421/1204 2094/318/1204
f 2094/318/1205 2093/421/1205 2095/422/1205
f 2094/318/1205 2095/422/1205 2096/423/1205
f 2096/423/1206 2095/422/1206 2097/424/1206
f 2096/423/1206 2097/424/1206 2098/425/1206
f 2099/426/1143 2100/427/1143 2101/428/1143
f 2101/428/1143 2102/429/1143 2103/430/1143
f 2103/430/1143 2104/431/1143 2105/432/1143
f 2105/432/1143 2106/433/1143 2107/434/1143
f 2107/434/1143 2108/435/1143 2109/436/1143
f 2109/436/1143 2110/437/1143 2111/438/1143
f 2111/438/1143 2112/439/1143 2113/440/1143
f 2113/440/1143 2114/441/1143 2115/442/1143
f 2115/442/1143 2116/443/1143 2117/444/1143
f 2117/444/1143 2118/445/1143 2119/446/1143
f 2119/446/1143 2120/447/1143 2121/448/1143
f 2121/448/1143 2122/449/1143 2123/450/1143
f 2123/450/1143 2124/451/1143 2125/452/1143
f 2125/452/1143 2126/453/1143 2127/454/1143
f 2127/454/1143 2128/455/1143 2129/456/1143
f 2129/456/1143 2130/457/1143 2099/426/1143
f 2099/426/1143 2101/428/1143 2103/430/1143
f 2103/430/1143 2105/432/1143 2107/434/1143
f 2107/434/1143 2109/436/1143 2111/438/1143
f 2111/438/1143 2113/440/1143 2115/442/1143
f 2115/442/1143 2117/444/1143 2119/446/1143
f 2119/446/1143 2121/448/1143 2123/450/1143
f 2123/450/1143 2125/452/1143 2127/454/1143
f 2127/454/1143 2129/456/1143 2099/426/1143
f 2099/426/1143 2103/430/1143 2107/434/1143
f 2107/434/1143 2111/438/1143 2115/442/1143
f 2115/442/1143 2119/446/1143 2123/450/1143
f 2123/450/1143 2127/454/1143 2099/426/1143
f 2099/426/1143 2107/434/1143 2115/442/1143
f 2115/442/1143 2123/450/1143 2099/426/1143
f 2098/425/1207 2097/424/1207 2131/458/1207
f 2098/425/1207 2131/458/1207 2132/459/1207
f 2132/459/1208 2131/458/1208 2133/460/1208
f 2132/459/1208 2133/460/1208 2134/461/1208
f 2135/462/854 2136/463/854 2137/464/854
f 2137/464/854 2138/465/854 2139/466/854
f 2139/466/854 2140/467/854 2141/468/854
f 2141/468/854 2142/469/854 2143/470/854
f 2143/470/854 2144/471/854 2145/472/854
f 2145/472/854 2146/473/854 2147/474/854
f 2147/474/854 2148/475/854 2149/476/854
f 2149/476/854 2150/477/854 2151/478/854
f 2151/478/854 2152/479/854 2153/480/854
f 2153/480/854 2154/481/854 2155/482/854
f 2155/482/854 2156/483/854 2157/484/854
f 2157/484/854 2158/485/854 2159/486/854
f 2159/486/854 2160/487/854 2161/488/854
f 2161/488/854 2162/489/854 2163/490/854
f 2163/490/854 2164/491/854 2165/492/854
f 2165/492/854 2166/493/854 2135/462/854
f 2135/462/854 2137/464/854 2139/466/854
f 2139/466/854 2141/468/854 2143/470/854
f 2143/470/854 2145/472/854 2147/474/854
f 2147/474/854 2149/476/854 2151/478/854
f 2151/478/854 2153/480/854 2155/482/854
f 2155/482/854 2157/484/854 2159/486/854
f 2159/486/854 2161/488/854 2163/490/854
f 2163/490/854 2165/492/854 2135/462/854
f 2135/462/854 2139/466/854 2143/470/854
f 2143/470/854 2147/474/854 2151/478/854
f 2151/478/854 2155/482/854 2159/486/854
f 2159/486/854 2163/490/854 2135/462/854
f 2135/462/854 2143/470/854 2151/478/854
f 2151/478/854 2159/486/854 2135/462/854
f 2167/370/1178 2168/373/1178 2169/372/1178
f 2167/370/1178 2169/372/1178 2170/371/1178
f 2168/373/1179 2171/375/1179 2172/374/1179
f 2168/373/1179 2172/374/1179 2169/372/1179
f 2171/375/1180 2173/377/1180 2174/376/1180
f 2171/375/1180 2174/376/1180 2172/374/1180
f 2173/377/1181 2175/303/1181 2176/378/1181
f 2173/377/1181 2176/378/1181 2174/376/1181
f 2175/303/1182 2177/380/1182 2178/379/1182
f 2175/303/1182 2178/379/1182 2176/378/1182
f 2177/380/1183 2179/382/1183 2180/381/1183
f 2177/380/1183 2180/381/1183 2178/379/1183
f 2179/382/1184 2181/384/1184 2182/383/1184
f 2179/382/1184 2182/383/1184 2180/381/1184
f 2181/384/1185 2183/220/1185 2184/385/1185
f 2181/384/1185 2184/385/1185 2182/383/1185
f 2183/220/1186 2185/387/1186 2186/386/1186
f 2183/220/1186 2186/386/1186 2184/385/1186
f 2185/387/1187 2187/389/1187 2188/388/1187
f 2185/387/1187 2188/388/1187 2186/386/1187
f 2187/389/1188 2189/391/1188 2190/390/1188
f 2187/389/1188 2190/390/1188 2188/388/1188
f 2189/391/1189 2191/213/1189 2192/392/1189
f 2189/391/1189 2192/392/1189 2190/390/1189
f 2191/213/1190 2193/394/1190 2194/393/1190
f 2191/213/1190 2194/393/1190 2192/392/1190
f 2193/394/1191 2195/396/1191 2196/395/1191
f 2193/394/1191 2196/395/1191 2194/393/1191
f 2195/396/1192 2197/398/1192 2198/397/1192
f 2195/396/1192 2198/397/1192 2196/395/1192
f 2197/398/1193 2199/400/1193 2200/399/1193
f 2197/398/1193 2200/399/1193 2198/397/1193
f 2199/400/1194 2201/402/1194 2202/401/1194
f 2199/400/1194 2202/401/1194 2200/399/1194
f 2201/402/1195 2203/404/1195 2204/403/1195
f 2201/402/1195 2204/403/1195 2202/401/1195
f 2203/404/1196 2205/406/1196 2206/405/1196
f 2203/404/1196 2206/405/1196 2204/403/1196
f 2205/406/1197 2207/214/1197 2208/407/1197
f 2205/406/1197 2208/407/1197 2206/405/1197
f 2207/214/1168 2209/409/1168 2210/408/1168
f 2207/214/1168 2210/408/1168 2208/407/1168
f 2209/409/1198 2211/411/1198 2212/410/1198
f 2209/409/1198 2212/410/1198 2210/408/1198
f 2211/411/1199 2213/413/1199 2214/412/1199
f 2211/411/1199 2214/412/1199 2212/410/1199
f 2213/413/1200 2215/260/1200 2216/414/1200
f 2213/413/1200 2216/414/1200 2214/412/1200
f 2215/260/1201 2217/416/1201 2218/415/1201
f 2215/260/1201 2218/415/1201 2216/414/1201
f 2217/416/1202 2219/418/1202 2220/417/1202
f 2217/416/1202 2220/417/1202 2218/415/1202
f 2219/418/1203 2221/420/1203 2222/419/1203
f 2219/418/1203 2222/419/1203 2220/417/1203
f 2221/420/1204 2223/318/1204 2224/421/1204
f 2221/420/1204 2224/421/1204 2222/419/1204
f 2223/318/1205 2225/423/1205 2226/422/1205
f 2223/318/1205 2226/422/1205 2224/421/1205
f 2225/423/1206 2227/425/1206 2228/424/1206
f 2225/423/1206 2228/424/1206 2226/422/1206
f 2229/428/854 2230/427/854 2231/426/854
f 2231/426/854 2232/457/854 2233/456/854
f 2233/456/854 2234/455/854 2235/454/854
f 2235/454/854 2236/453/854 2237/452/854
f 2237/452/854 2238/451/854 2239/450/854
f 2239/450/854 2240/449/854 2241/448/854
f 2241/448/854 2242/447/854 2243/446/854
f 2243/446/854 2244/445/854 2245/444/854
f 2245/444/854 2246/443/854 2247/442/854
f 2247/442/854 2248/441/854 2249/440/854
f 2249/440/854 2250/439/854 2251/438/854
f 2251/438/854 2252/437/854 2253/436/854
f 2253/436/854 2254/435/854 2255/434/854
f 2255/434/854 2256/433/854 2257/432/854
f 2257/432/854 2258/431/854 2259/430/854
f 2259/430/854 2260/429/854 2229/428/854
f 2229/428/854 2231/426/854 2233/456/854
f 2233/456/854 2235/454/854 2237/452/854
f 2237/452/854 2239/450/854 2241/448/854
f 2241/448/854 2243/446/854 2245/444/854
f 2245/444/854 2247/442/854 2249/440/854
f 2249/440/854 2251/438/854 2253/436/854
f 2253/436/854 2255/434/854 2257/432/854
f 2257/432/854 2259/430/854 2229/428/854
f 2229/428/854 2233/456/854 2237/452/854
f 2237/452/854 2241/448/854 2245/444/854
f 2245/444/854 2249/440/854 2253/436/854
f 2253/436/854 2257/432/854 2229/428/854
f 2229/428/854 2237/452/854 2245/444/854
f 2245/444/854 2253/436/854 2229/428/854
f 2227/425/1207 2261/459/1207 2262/458/1207
f 2227/425/1207 2262/458/1207 2228/424/1207
f 2261/459/1208 2263/461/1208 2264/460/1208
f 2261/459/1208 2264/460/1208 2262/458/1208
f 2265/464/1143 2266/463/1143 2267/462/1143
f 2267/462/1143 2268/493/1143 2269/492/1143
f 2269/492/1143 2270/491/1143 2271/490/1143
f 2271/490/1143 2272/489/1143 2273/488/1143
f 2273/488/1143 2274/487/1143 2275/486/1143
f 2275/486/1143 2276/485/1143 2277/484/1143
f 2277/484/1143 2278/483/1143 2279/482/1143
f 2279/482/1143 2280/481/1143 2281/480/1143
f 2281/480/1143 2282/479/1143 2283/478/1143
f 2283/478/1143 2284/477/1143 2285/476/1143
f 2285/476/1143 2286/475/1143 2287/474/1143
f 2287/474/1143 2288/473/1143 2289/472/1143
f 2289/472/1143 2290/471/1143 2291/470/1143
f 2291/470/1143 2292/469/1143 2293/468/1143
f 2293/468/1143 2294/467/1143 2295/466/1143
f 2295/466/1143 2296/465/1143 2265/464/1143
f 2265/464/1143 2267/462/1143 2269/492/1143
f 2269/492/1143 2271/490/1143 2273/488/1143
f 2273/488/1143 2275/486/1143 2277/484/1143
f 2277/484/1143 2279/482/1143 2281/480/1143
f 2281/480/1143 2283/478/1143 2285/476/1143
f 2285/476/1143 2287/474/1143 2289/472/1143
f 2289/472/1143 2291/470/1143 2293/468/1143
f 2293/468/1143 2295/466/1143 2265/464/1143
f 2265/464/1143 2269/492/1143 2273/488/1143
f 2273/488/1143 2277/484/1143 2281/480/1143
f 2281/480/1143 2285/476/1143 2289/472/1143
f 2289/472/1143 2293/468/1143 2265/464/1143
f 2265/464/1143 2273/488/1143 2281/480/1143
f 2281/480/1143 2289/472/1143 2265/464/1143
f 2297/370/1209 2298/373/1209 2299/372/1209
f 2297/370/1209 2299/372/1209 2300/371/1209
f 2298/373/1179 2301/375/1179 2302/374/1179
f 2298/373/1179 2302/374/1179 2299/372/1179
f 2301/375/1180 2303/377/1180 2304/376/1180
f 2301/375/1180 2304/376/1180 2302/374/1180
f 2303/377/1181 2305/303/1181 2306/378/1181
f 2303/377/1181 2306/378/1181 2304/376/1181
f 2305/303/1182 2307/380/1182 2308/379/1182
f 2305/303/1182 2308/379/1182 2306/378/1182
f 2307/380/1183 2309/382/1183 2310/381/1183
f 2307/380/1183 2310/381/1183 2308/379/1183
f 2309/382/1184 2311/384/1184 2312/383/1184
f 2309/382/1184 2312/383/1184 2310/381/1184
f 2311/384/1185 2313/220/1185 2314/385/1185
f 2311/384/1185 2314/385/1185 2312/383/1185
f 2313/220/1186 2315/387/1186 2316/386/1186
f 2313/220/1186 2316/386/1186 2314/385/1186
f 2315/387/1187 2317/389/1187 2318/388/1187
f 2315/387/1187 2318/388/1187 2316/386/1187
f 2317/389/1188 2319/391/1188 2320/390/1188
f 2317/389/1188 2320/390/1188 2318/388/1188
f 2319/391/1189 2321/213/1189 2322/392/1189
f 2319/391/1189 2322/392/1189 2320/390/1189
f 2321/213/1190 2323/394/1190 2324/393/1190
f 2321/213/1190 2324/393/1190 2322/392/1190
f 2323/394/1191 2325/396/1191 2326/395/1191
f 2323/394/1191 2326/395/1191 2324/393/1191
f 2325/396/1192 2327/398/1192 2328/397/1192
f 2325/396/1192 2328/397/1192 2326/395/1192
f 2327/398/1193 2329/400/1193 2330/399/1193
f 2327/398/1193 2330/399/1193 2328/397/1193
f 2329/400/1194 2331/402/1194 2332/401/1194
f 2329/400/1194 2332/401/1194 2330/399/1194
f 2331/402/1195 2333/404/1195 2334/403/1195
f 2331/402/1195 2334/403/1195 2332/401/1195
f 2333/404/1196 2335/406/1196 2336/405/1196
f 2333/404/1196 2336/405/1196 2334/403/1196
f 2335/406/1197 2337/214/1197 2338/407/1197
f 2335/406/1197 2338/407/1197 2336/405/1197
f 2337/214/1168 2339/409/1168 2340/408/1168
f 2337/214/1168 2340/408/1168 2338/407/1168
f 2339/409/1198 2341/411/1198 2342/410/1198
f 2339/409/1198 2342/410/1198 2340/408/1198
f 2341/411/1199 2343/413/1199 2344/412/1199
f 2341/411/1199 2344/412/1199 2342/410/1199
f 2343/413/1200 2345/260/1200 2346/414/1200
f 2343/413/1200 2346/414/1200 2344/412/1200
f 2345/260/1201 2347/416/1201 2348/415/1201
f 2345/260/1201 2348/415/1201 2346/414/1201
f 2347/416/1202 2349/418/1202 2350/417/1202
f 2347/416/1202 2350/417/1202 2348/415/1202
f 2349/418/1203 2351/420/1203 2352/419/1203
f 2349/418/1203 2352/419/1203 2350/417/1203
f 2351/420/1204 2353/318/1204 2354/421/1204
f 2351/420/1204 2354/421/1204 2352/419/1204
f 2353/318/1205 2355/423/1205 2356/422/1205
f 2353/318/1205 2356/422/1205 2354/421/1205
f 2355/423/1206 2357/425/1206 2358/424/1206
f 2355/423/1206 2358/424/1206 2356/422/1206
f 2359/428/854 2360/427/854 2361/426/854
f 2361/426/854 2362/457/854 2363/456/854
f 2363/456/854 2364/455/854 2365/454/854
f 2365/454/854 2366/453/854 2367/452/854
f 2367/452/854 2368/451/854 2369/450/854
f 2369/450/854 2370/449/854 2371/448/854
f 2371/448/854 2372/447/854 2373/446/854
f 2373/446/854 2374/445/854 2375/444/854
f 2375/444/854 2376/443/854 2377/442/854
f 2377/442/854 2378/441/854 2379/440/854
f 2379/440/854 2380/439/854 2381/438/854
f 2381/438/854 2382/437/854 2383/436/854
f 2383/436/854 2384/435/854 2385/434/854
f 2385/434/854 2386/433/854 2387/432/854
f 2387/432/854 2388/431/854 2389/430/854
f 2389/430/854 2390/429/854 2359/428/854
f 2359/428/854 2361/426/854 2363/456/854
f 2363/456/854 2365/454/854 2367/452/854
f 2367/452/854 2369/450/854 2371/448/854
f 2371/448/854 2373/446/854 2375/444/854
f 2375/444/854 2377/442/854 2379/440/854
f 2379/440/854 2381/438/854 2383/436/854
f 2383/436/854 2385/434/854 2387/432/854
f 2387/432/854 2389/430/854 2359/428/854
f 2359/428/854 2363/456/854 2367/452/854
f 2367/452/854 2371/448/854 2375/444/854
f 2375/444/854 2379/440/854 2383/436/854
f 2383/436/854 2387/432/854 2359/428/854
f 2359/428/854 2367/452/854 2375/444/854
f 2375/444/854 2383/436/854 2359/428/854
f 2357/425/1207 2391/459/1207 2392/458/1207
f 2357/425/1207 2392/458/1207 2358/424/1207
f 2391/459/1208 2393/461/1208 2394/460/1208
f 2391/459/1208 2394/460/1208 2392/458/1208
f 2395/464/1143 2396/463/1143 2397/462/1143
f 2397/462/1143 2398/493/1143 2399/492/1143
f 2399/492/1143 2400/491/1143 2401/490/1143
f 2401/490/1143 2402/489/1143 2403/488/1143
f 2403/488/1143 2404/487/1143 2405/486/1143
f 2405/486/1143 2406/485/1143 2407/484/1143
f 2407/484/1143 2408/483/1143 2409/482/1143
f 2409/482/1143 2410/481/1143 2411/480/1143
f 2411/480/1143 2412/479/1143 2413/478/1143
f 2413/478/1143 2414/477/1143 2415/476/1143
f 2415/476/1143 2416/475/1143 2417/474/1143
f 2417/474/1143 2418/473/1143 2419/472/1143
f 2419/472/1143 2420/471/1143 2421/470/1143
f 2421/470/1143 2422/469/1143 2423/468/1143
f 2423/468/1143 2424/467/1143 2425/466/1143
f 2425/466/1143 2426/465/1143 2395/464/1143
f 2395/464/1143 2397/462/1143 2399/492/1143
f 2399/492/1143 2401/490/1143 2403/488/1143
f 2403/488/1143 2405/486/1143 2407/484/1143
f 2407/484/1143 2409/482/1143 2411/480/1143
f 2411/480/1143 2413/478/1143 2415/476/1143
f 2415/476/1143 2417/474/1143 2419/472/1143
f 2419/472/1143 2421/470/1143 2423/468/1143
f 2423/468/1143 2425/466/1143 2395/464/1143
f 2395/464/1143 2399/492/1143 2403/488/1143
f 2403/488/1143 2407/484/1143 2411/480/1143
f 2411/480/1143 2415/476/1143 2419/472/1143
f 2419/472/1143 2423/468/1143 2395/464/1143
f 2395/464/1143 2403/488/1143 2411/480/1143
f 2411/480/1143 2419/472/1143 2395/464/1143
# Vertices: 1006, normals: 366, texture coordinates: 283, faces: 1152

o obj3
v -0 -5.18784274 1.06295397
v -0 -5.05466651 1.06295401
v 0.41743386 -5.05466651 1.06295401
v 0.41743386 -5.18784274 1.06295397
v 0.76199956 -5.18784279 2.22701775
v 0.76199956 -5.05466656 2.22701773
v 0.41743386 -5.05466657 2.38705306
v 0.41743386 -5.1878428 2.38705302
v 0.83486772 -5.18784275 1.1322981
v 0.83486772 -5.05466652 1.13229814
v 0.83486772 -5.05466671 2.12382962
v 0.83486772 -5.18784293 2.12382964
v -0 -5.0546667 2.44983595
v -0 -5.18784293 2.44983591
v 0.75138095 -5.04726814 1.13229815
v 0.41743386 -5.04726814 1.13229815
v 0.41743386 -5.04726808 2.31262828
v 0.75138095 -5.04726837 2.15733153
v 0.75138095 -5.05466651 1.06295401
v 0.75138095 -5.18784274 1.06295397
v -0 -5.04726814 1.13229815
v -0 -5.04726806 2.37556312
v -0 -5.19524113 1.13229808
v 0.41743386 -5.19524113 1.13229808
v 0.41743386 -5.19524107 2.31262825
v -0 -5.19524172 2.3755631
v 0.75138095 -5.19524135 2.15733153
v 0.83486772 -5.18784293 2.12382964
v 0.76199956 -5.18784279 2.22701775
v 0.75138095 -5.04726837 2.15733153
v 0.83486772 -5.05466671 2.12382962
v 0.75138095 -5.18784274 1.06295397
v 0.83486772 -5.18784275 1.1322981
v 0.75138095 -5.19524113 1.13229808
v 0.75138095 -5.04726814 1.13229815
v 0.83486772 -5.05466652 1.13229814
v 0.41743386 -5.04726814 1.13229815
v 0.41743386 -5.1878428 2.38705302
v -0 -5.18784274 1.06295397
v 0.41743386 -5.18784274 1.06295397
v 0.41743386 -5.04726808 2.31262828
v -0 -5.04726806 2.37556312
v -0 -5.04726814 1.13229815
v -0 -5.18784293 2.44983591
v 0.41743386 -5.04726808 2.31262828
v -0.41743386 -5.18784274 1.06295397
v -0.41743386 -5.05466651 1.06295401
v -0.76199956 -5.18784279 2.22701775
v -0.41743386 -5.1878428 2.38705302
v -0.41743386 -5.05466657 2.38705306
v -0.76199956 -5.05466656 2.22701773
v -0.83486772 -5.18784275 1.1322981
v -0.83486772 -5.18784293 2.12382964
v -0.83486772 -5.05466671 2.12382962
v -0.83486772 -5.05466652 1.13229814
v -0.75138095 -5.04726814 1.13229815
v -0.75138095 -5.04726837 2.15733153
v -0.41743386 -5.04726808 2.31262828
v -0.41743386 -5.04726814 1.13229815
v -0.75138095 -5.18784274 1.06295397
v -0.75138095 -5.05466651 1.06295401
v -0.41743386 -5.19524107 2.31262825
v -0.41743386 -5.19524113 1.13229808
v -0.75138095 -5.19524135 2.15733153
v -0.76199956 -5.18784279 2.22701775
v -0.83486772 -5.18784293 2.12382964
v -0.75138095 -5.04726837 2.15733153
v -0.83486772 -5.05466671 2.12382962
v -0.75138095 -5.18784274 1.06295397
v -0.75138095 -5.19524113 1.13229808
v -0.83486772 -5.18784275 1.1322981
v -0.75138095 -5.04726814 1.13229815
v -0.83486772 -5.05466652 1.13229814
v -0.41743386 -5.04726814 1.13229815
v -0.41743386 -5.1878428 2.38705302
v -0.41743386 -5.18784274 1.06295397
v -0.41743386 -5.04726808 2.31262828
v -0.41743386 -5.04726808 2.31262828
vn 0 0.86907 -0.49468
vn 0.5467 -0.7277 0.4142
vn 1 0 0
vn 0.20689 -0.85027 0.48398
vn 0 0.99999 0.0042
vn 0 -0.99999 -0.0042
vn 0.017 -0.99986 0.0001
vn 0.0172 0.99982 0.0085
vn 0.0124 -0.99988 -0.0095
vn 0.0122 0.99993 -0.001
vn 0 1 -0.001
vn 0.75952 0.56531 -0.32181
vn 0.0123 -0.99992 -0.0042
vn 0.0123 0.99992 0.0042
vn 0.89361 -0.3901 0.222
vn 0.0063 -0.99998 0.0007
vn 0 -0.99995 -0.0095
vn 0.0021 0.99996 0.0091
vn 0.0021 -1 0.0007
vn 0.0064 0.99994 0.0091
vn -0.5467 -0.7277 0.4142
vn -1 0 0
vn -0.20689 -0.85027 0.48398
vn -0.017 -0.99986 0.0001
vn -0.0172 0.99982 0.0085
vn -0.0124 -0.99988 -0.0095
vn -0.0122 0.99993 -0.001
vn -0.75952 0.56531 -0.32181
vn -0.0123 -0.99992 -0.0042
vn -0.0123 0.99992 0.0042
vn -0.89361 -0.3901 0.222
vn -0.0063 -0.99998 0.0007
vn -0.0021 0.99996 0.0091
vn -0.0021 -1 0.0007
vn -0.0064 0.99994 0.0091
vt 0.3875 0.375
vt 0.6125 0.375
vt 0.6125 0.4375
vt 0.3875 0.4375
vt 0.3875 0.76091
vt 0.6125 0.76091
vt 0.6125 0.8125
vt 0.3875 0.8125
vt 0.3875 0.51534
vt 0.6125 0.51534
vt 0.6125 0.73466
vt 0.3875 0.73466
vt 0.6125 0.875
vt 0.3875 0.875
vt 0.6375 0.51461
vt 0.6875 0.51309
vt 0.6875 0.73595
vt 0.6375 0.7348
vt 0.6125 0.4875
vt 0.3875 0.4875
vt 0.75 0.5125
vt 0.75 0.73661
vt 0.25 0.5125
vt 0.3125 0.51309
vt 0.3125 0.73595
vt 0.25 0.73661
vt 0.3625 0.7348
vt 0.375 0.73466
vt 0.36409 0.75
vt 0.625 0.75677
vt 0.6125 0.75
vt 0.3625 0.5
vt 0.375 0.51534
vt 0.3625 0.51461
vt 0.625 0.4875
vt 0.6125 0.5
vt 0.625 0.4375
vt 0.3125 0.75
vt 0.25 0.5
vt 0.3125 0.5
vt 0.625 0.8125
vt 0.625 0.87265
vt 0.625 0.375
vt 0.25 0.75
vt 0.625 0.80679
usemtl mat2
f 2427/494/1210 2428/495/1210 2429/496/1210
f 2427/494/1210 2429/496/1210 2430/497/1210
f 2431/498/1211 2432/499/1211 2433/500/1211
f 2431/498/1211 2433/500/1211 2434/501/1211
f 2435/502/1212 2436/503/1212 2437/504/1212
f 2435/502/1212 2437/504/1212 2438/505/1212
f 2434/501/1213 2433/500/1213 2439/506/1213
f 2434/501/1213 2439/506/1213 2440/507/1213
f 2441/508/1214 2442/509/1214 2443/510/1214
f 2441/508/1214 2443/510/1214 2444/511/1214
f 2430/497/1210 2429/496/1210 2445/512/1210
f 2430/497/1210 2445/512/1210 2446/513/1210
f 2442/509/1214 2447/514/1214 2448/515/1214
f 2442/509/1214 2448/515/1214 2443/510/1214
f 2449/516/1215 2450/517/1215 2451/518/1215
f 2449/516/1215 2451/518/1215 2452/519/1215
f 2453/520/1216 2454/521/1216 2455/522/1216
f 2456/523/1217 2432/499/1217 2457/524/1217
f 2458/525/1218 2459/526/1218 2460/527/1218
f 2461/528/1219 2462/529/1219 2445/512/1219
f 2463/530/1220 2461/528/1220 2445/512/1220
f 2463/530/1220 2445/512/1220 2429/496/1220
f 2436/503/1221 2435/502/1221 2446/513/1221
f 2436/503/1221 2446/513/1221 2445/512/1221
f 2453/520/1222 2460/527/1222 2435/502/1222
f 2453/520/1222 2435/502/1222 2438/505/1222
f 2441/508/1223 2444/511/1223 2437/504/1223
f 2441/508/1223 2437/504/1223 2436/503/1223
f 2432/499/1224 2431/498/1224 2438/505/1224
f 2432/499/1224 2438/505/1224 2437/504/1224
f 2451/518/1225 2453/520/1225 2455/522/1225
f 2451/518/1225 2455/522/1225 2464/531/1225
f 2450/517/1226 2449/516/1226 2465/532/1226
f 2450/517/1226 2465/532/1226 2466/533/1226
f 2467/534/1227 2468/535/1227 2439/506/1227
f 2467/534/1227 2439/506/1227 2433/500/1227
f 2469/536/1220 2463/530/1220 2429/496/1220
f 2469/536/1220 2429/496/1220 2428/495/1220
f 2452/519/1228 2451/518/1228 2464/531/1228
f 2452/519/1228 2464/531/1228 2470/537/1228
f 2460/527/1226 2450/517/1226 2466/533/1226
f 2460/527/1226 2466/533/1226 2458/525/1226
f 2456/523/1229 2471/538/1229 2433/500/1229
f 2456/523/1229 2433/500/1229 2432/499/1229
f 2450/517/1215 2460/527/1215 2453/520/1215
f 2450/517/1215 2453/520/1215 2451/518/1215
f 2427/494/1210 2472/497/1210 2473/496/1210
f 2427/494/1210 2473/496/1210 2428/495/1210
f 2474/498/1230 2475/501/1230 2476/500/1230
f 2474/498/1230 2476/500/1230 2477/499/1230
f 2478/502/1231 2479/505/1231 2480/504/1231
f 2478/502/1231 2480/504/1231 2481/503/1231
f 2475/501/1232 2440/507/1232 2439/506/1232
f 2475/501/1232 2439/506/1232 2476/500/1232
f 2482/508/1214 2483/511/1214 2484/510/1214
f 2482/508/1214 2484/510/1214 2485/509/1214
f 2472/497/1210 2486/513/1210 2487/512/1210
f 2472/497/1210 2487/512/1210 2473/496/1210
f 2485/509/1214 2484/510/1214 2448/515/1214
f 2485/509/1214 2448/515/1214 2447/514/1214
f 2449/516/1215 2452/519/1215 2488/518/1215
f 2449/516/1215 2488/518/1215 2489/517/1215
f 2490/520/1233 2491/522/1233 2492/521/1233
f 2493/523/1234 2494/524/1234 2477/499/1234
f 2495/525/1235 2496/527/1235 2497/526/1235
f 2498/528/1236 2487/512/1236 2499/529/1236
f 2500/530/1220 2473/496/1220 2487/512/1220
f 2500/530/1220 2487/512/1220 2498/528/1220
f 2481/503/1237 2487/512/1237 2486/513/1237
f 2481/503/1237 2486/513/1237 2478/502/1237
f 2490/520/1238 2479/505/1238 2478/502/1238
f 2490/520/1238 2478/502/1238 2496/527/1238
f 2482/508/1239 2481/503/1239 2480/504/1239
f 2482/508/1239 2480/504/1239 2483/511/1239
f 2477/499/1240 2480/504/1240 2479/505/1240
f 2477/499/1240 2479/505/1240 2474/498/1240
f 2488/518/1241 2501/531/1241 2491/522/1241
f 2488/518/1241 2491/522/1241 2490/520/1241
f 2489/517/1226 2502/533/1226 2465/532/1226
f 2489/517/1226 2465/532/1226 2449/516/1226
f 2503/534/1242 2476/500/1242 2439/506/1242
f 2503/534/1242 2439/506/1242 2468/535/1242
f 2469/536/1220 2428/495/1220 2473/496/1220
f 2469/536/1220 2473/496/1220 2500/530/1220
f 2452/519/1243 2470/537/1243 2501/531/1243
f 2452/519/1243 2501/531/1243 2488/518/1243
f 2496/527/1226 2495/525/1226 2502/533/1226
f 2496/527/1226 2502/533/1226 2489/517/1226
f 2493/523/1244 2477/499/1244 2476/500/1244
f 2493/523/1244 2476/500/1244 2504/538/1244
f 2489/517/1215 2488/518/1215 2490/520/1215
f 2489/517/1215 2490/520/1215 2496/527/1215
# Vertices: 78, normals: 35, texture coordinates: 45, faces: 92

o obj4
v 0.52628518 -7.65606844 1.75328982
v 0.54206658 -7.65606841 1.86321825
v 0.56661573 -7.6585108 1.85969406
v 0.55083424 -7.65851085 1.74976549
v 0.59022143 -7.66574535 1.8563052
v 0.57443994 -7.66574538 1.74637676
v 0.61197651 -7.67749236 1.85318208
v 0.59619511 -7.6774924 1.74325364
v 0.63104501 -7.69330194 1.85044446
v 0.61526361 -7.69330198 1.74051589
v 0.64669414 -7.71256643 1.84819797
v 0.63091274 -7.71256648 1.73826941
v 0.65832242 -7.73454459 1.84652862
v 0.64254102 -7.73454464 1.73660006
v 0.66548313 -7.7583922 1.8455007
v 0.64970173 -7.75839224 1.73557213
v 0.66790101 -7.78319274 1.84515358
v 0.65211966 -7.78319279 1.73522501
v 0.66548313 -7.8079934 1.8455006
v 0.64970173 -7.80799345 1.73557204
v 0.65832242 -7.83184159 1.84652866
v 0.64254102 -7.83184163 1.73660009
v 0.64669414 -7.85381945 1.84819806
v 0.63091274 -7.85381949 1.73826949
v 0.63104501 -7.87308361 1.85044454
v 0.61526361 -7.87308366 1.74051597
v 0.61197651 -7.88889335 1.85318204
v 0.59619511 -7.88889272 1.74325354
v 0.59022143 -7.90064081 1.85630529
v 0.57443994 -7.90064085 1.74637685
v 0.56661573 -7.90787498 1.85969411
v 0.55083433 -7.90787502 1.74976554
v 0.54206658 -7.91031749 1.86321833
v 0.52628518 -7.91031752 1.7532899
v 0.51751757 -7.90787508 1.86674266
v 0.50173612 -7.90787444 1.7568143
v 0.49391186 -7.90064054 1.87013152
v 0.47813047 -7.90064057 1.76020308
v 0.47215674 -7.88889285 1.87325459
v 0.4563753 -7.88889288 1.76332615
v 0.45308824 -7.87308327 1.8759922
v 0.43730684 -7.87308331 1.76606376
v 0.43743911 -7.85381945 1.87823875
v 0.42165772 -7.85381949 1.76831031
v 0.42581074 -7.83184129 1.8799081
v 0.41002929 -7.83184132 1.76997966
v 0.41865008 -7.80799367 1.88093615
v 0.40286868 -7.80799372 1.77100758
v 0.41623229 -7.78319313 1.88128327
v 0.40045089 -7.78319316 1.77135484
v 0.41865008 -7.7583918 1.88093619
v 0.40286868 -7.75839184 1.77100762
v 0.42581074 -7.7345443 1.87990806
v 0.41002929 -7.73454433 1.76997963
v 0.43743911 -7.71256644 1.87823866
v 0.42165772 -7.71256647 1.76831022
v 0.45308824 -7.69330227 1.87599218
v 0.43730684 -7.69330231 1.76606374
v 0.47215674 -7.67749253 1.87325468
v 0.4563753 -7.67749256 1.76332625
v 0.49391186 -7.66574507 1.87013143
v 0.47813047 -7.66574511 1.760203
v 0.59022143 -7.66574535 1.8563052
v 0.56661573 -7.6585108 1.85969406
v 0.54206658 -7.65606841 1.86321825
v 0.51751757 -7.65851091 1.86674261
v 0.49391186 -7.66574507 1.87013143
v 0.47215674 -7.67749253 1.87325468
v 0.45308824 -7.69330227 1.87599218
v 0.43743911 -7.71256644 1.87823866
v 0.42581074 -7.7345443 1.87990806
v 0.41865008 -7.7583918 1.88093619
v 0.41623229 -7.78319313 1.88128327
v 0.41865008 -7.80799367 1.88093615
v 0.42581074 -7.83184129 1.8799081
v 0.43743911 -7.85381945 1.87823875
v 0.45308824 -7.87308327 1.8759922
v 0.47215674 -7.88889285 1.87325459
v 0.49391186 -7.90064054 1.87013152
v 0.51751757 -7.90787508 1.86674266
v 0.54206658 -7.91031749 1.86321833
v 0.56661573 -7.90787498 1.85969411
v 0.59022143 -7.90064081 1.85630529
v 0.61197651 -7.88889335 1.85318204
v 0.63104501 -7.87308361 1.85044454
v 0.64669414 -7.85381945 1.84819806
v 0.65832242 -7.83184159 1.84652866
v 0.66548313 -7.8079934 1.8455006
v 0.66790101 -7.78319274 1.84515358
v 0.66548313 -7.7583922 1.8455007
v 0.65832242 -7.73454459 1.84652862
v 0.64669414 -7.71256643 1.84819797
v 0.63104501 -7.69330194 1.85044446
v 0.61197651 -7.67749236 1.85318208
v 0.51751757 -7.65851091 1.86674261
v 0.50173612 -7.65851093 1.7568143
v 0.54206658 -7.65606841 1.86321825
v 0.52628518 -7.65606844 1.75328982
v 0.50173612 -7.65851093 1.7568143
v 0.52628518 -7.65606844 1.75328982
v 0.55083424 -7.65851085 1.74976549
v 0.57443994 -7.66574538 1.74637676
v 0.59619511 -7.6774924 1.74325364
v 0.61526361 -7.69330198 1.74051589
v 0.63091274 -7.71256648 1.73826941
v 0.64254102 -7.73454464 1.73660006
v 0.64970173 -7.75839224 1.73557213
v 0.65211966 -7.78319279 1.73522501
v 0.64970173 -7.80799345 1.73557204
v 0.64254102 -7.83184163 1.73660009
v 0.63091274 -7.85381949 1.73826949
v 0.61526361 -7.87308366 1.74051597
v 0.59619511 -7.88889272 1.74325354
v 0.57443994 -7.90064085 1.74637685
v 0.55083433 -7.90787502 1.74976554
v 0.52628518 -7.91031752 1.7532899
v 0.50173612 -7.90787444 1.7568143
v 0.47813047 -7.90064057 1.76020308
v 0.4563753 -7.88889288 1.76332615
v 0.43730684 -7.87308331 1.76606376
v 0.42165772 -7.85381949 1.76831031
v 0.41002929 -7.83184132 1.76997966
v 0.40286868 -7.80799372 1.77100758
v 0.40045089 -7.78319316 1.77135484
v 0.40286868 -7.75839184 1.77100762
v 0.41002929 -7.73454433 1.76997963
v 0.42165772 -7.71256647 1.76831022
v 0.43730684 -7.69330231 1.76606374
v 0.4563753 -7.67749256 1.76332625
v 0.47813047 -7.66574511 1.760203
v 0.16699317 -7.69051845 1.75328986
v 0.18277458 -7.69051842 1.8632183
v 0.20732371 -7.69296081 1.8596941
v 0.19154225 -7.69296085 1.74976553
v 0.23092941 -7.70019535 1.85630524
v 0.21514794 -7.70019539 1.7463768
v 0.25268451 -7.71194305 1.85318205
v 0.23690311 -7.71194241 1.74325355
v 0.27175299 -7.72775262 1.85044456
v 0.25597159 -7.72775199 1.74051594
v 0.28740214 -7.74701644 1.84819802
v 0.27162074 -7.74701648 1.73826945
v 0.2990304 -7.7689946 1.84652867
v 0.283249 -7.76899465 1.7366001
v 0.30619113 -7.79284222 1.84550061
v 0.29040973 -7.79284226 1.73557204
v 0.30860899 -7.81764276 1.84515349
v 0.29282764 -7.81764281 1.73522492
v 0.30619113 -7.84244341 1.84550065
v 0.29040973 -7.84244346 1.73557208
v 0.2990304 -7.86629159 1.8465287
v 0.283249 -7.86629164 1.73660013
v 0.28740214 -7.88826947 1.84819797
v 0.27162074 -7.88826951 1.7382694
v 0.27175299 -7.90753363 1.85044445
v 0.25597159 -7.90753368 1.74051588
v 0.25268451 -7.92334336 1.85318208
v 0.23690311 -7.9233434 1.74325364
v 0.23092941 -7.93509083 1.8563052
v 0.21514794 -7.93509087 1.74637676
v 0.20732371 -7.94232498 1.85969416
v 0.19154231 -7.94232503 1.74976559
v 0.18277458 -7.9447675 1.86321825
v 0.16699317 -7.94476754 1.75328981
v 0.15822557 -7.94232509 1.86674271
v 0.1424441 -7.94232511 1.7568144
v 0.13461987 -7.93509055 1.87013143
v 0.11883847 -7.93509059 1.760203
v 0.11286473 -7.92334286 1.87325463
v 0.0970833 -7.92334289 1.76332619
v 0.09379622 -7.90753329 1.87599211
v 0.07801482 -7.90753333 1.76606367
v 0.07814712 -7.88826947 1.87823866
v 0.06236571 -7.8882695 1.76831022
v 0.06651873 -7.8662913 1.87990814
v 0.05073729 -7.86629133 1.7699797
v 0.05935809 -7.84244368 1.8809362
v 0.04357666 -7.84244373 1.77100763
v 0.05694026 -7.81764315 1.88128319
v 0.04115889 -7.81764318 1.77135475
v 0.05935809 -7.79284249 1.88093616
v 0.04357666 -7.79284186 1.77100753
v 0.06651873 -7.7689943 1.87990811
v 0.05073729 -7.76899434 1.76997967
v 0.07814712 -7.74701644 1.87823871
v 0.06236571 -7.74701648 1.76831027
v 0.09379622 -7.72775228 1.87599223
v 0.07801482 -7.72775231 1.76606379
v 0.11286473 -7.71194255 1.8732546
v 0.0970833 -7.71194258 1.76332616
v 0.13461987 -7.70019508 1.87013148
v 0.11883847 -7.70019511 1.76020304
v 0.23092941 -7.70019535 1.85630524
v 0.20732371 -7.69296081 1.8596941
v 0.18277458 -7.69051842 1.8632183
v 0.15822557 -7.69296091 1.86674265
v 0.13461987 -7.70019508 1.87013148
v 0.11286473 -7.71194255 1.8732546
v 0.09379622 -7.72775228 1.87599223
v 0.07814712 -7.74701644 1.87823871
v 0.06651873 -7.7689943 1.87990811
v 0.05935809 -7.79284249 1.88093616
v 0.05694026 -7.81764315 1.88128319
v 0.05935809 -7.84244368 1.8809362
v 0.06651873 -7.8662913 1.87990814
v 0.07814712 -7.88826947 1.87823866
v 0.09379622 -7.90753329 1.87599211
v 0.11286473 -7.92334286 1.87325463
v 0.13461987 -7.93509055 1.87013143
v 0.15822557 -7.94232509 1.86674271
v 0.18277458 -7.9447675 1.86321825
v 0.20732371 -7.94232498 1.85969416
v 0.23092941 -7.93509083 1.8563052
v 0.25268451 -7.92334336 1.85318208
v 0.27175299 -7.90753363 1.85044445
v 0.28740214 -7.88826947 1.84819797
v 0.2990304 -7.86629159 1.8465287
v 0.30619113 -7.84244341 1.84550065
v 0.30860899 -7.81764276 1.84515349
v 0.30619113 -7.79284222 1.84550061
v 0.2990304 -7.7689946 1.84652867
v 0.28740214 -7.74701644 1.84819802
v 0.27175299 -7.72775262 1.85044456
v 0.25268451 -7.71194305 1.85318205
v 0.15822557 -7.69296091 1.86674265
v 0.1424441 -7.69296094 1.75681434
v 0.18277458 -7.69051842 1.8632183
v 0.16699317 -7.69051845 1.75328986
v 0.1424441 -7.69296094 1.75681434
v 0.16699317 -7.69051845 1.75328986
v 0.19154225 -7.69296085 1.74976553
v 0.21514794 -7.70019539 1.7463768
v 0.23690311 -7.71194241 1.74325355
v 0.25597159 -7.72775199 1.74051594
v 0.27162074 -7.74701648 1.73826945
v 0.283249 -7.76899465 1.7366001
v 0.29040973 -7.79284226 1.73557204
v 0.29282764 -7.81764281 1.73522492
v 0.29040973 -7.84244346 1.73557208
v 0.283249 -7.86629164 1.73660013
v 0.27162074 -7.88826951 1.7382694
v 0.25597159 -7.90753368 1.74051588
v 0.23690311 -7.9233434 1.74325364
v 0.21514794 -7.93509087 1.74637676
v 0.19154231 -7.94232503 1.74976559
v 0.16699317 -7.94476754 1.75328981
v 0.1424441 -7.94232511 1.7568144
v 0.11883847 -7.93509059 1.760203
v 0.0970833 -7.92334289 1.76332619
v 0.07801482 -7.90753333 1.76606367
v 0.06236571 -7.8882695 1.76831022
v 0.05073729 -7.86629133 1.7699797
v 0.04357666 -7.84244373 1.77100763
v 0.04115889 -7.81764318 1.77135475
v 0.04357666 -7.79284186 1.77100753
v 0.05073729 -7.76899434 1.76997967
v 0.06236571 -7.74701648 1.76831027
v 0.07801482 -7.72775231 1.76606379
v 0.0970833 -7.71194258 1.76332616
v 0.11883847 -7.70019511 1.76020304
v -0.52628518 -7.65606844 1.75328982
v -0.55083424 -7.65851085 1.74976549
v -0.56661573 -7.6585108 1.85969406
v -0.54206658 -7.65606841 1.86321825
v -0.57443994 -7.66574538 1.74637676
v -0.59022143 -7.66574535 1.8563052
v -0.59619511 -7.6774924 1.74325364
v -0.61197651 -7.67749236 1.85318208
v -0.61526361 -7.69330198 1.74051589
v -0.63104501 -7.69330194 1.85044446
v -0.63091274 -7.71256648 1.73826941
v -0.64669414 -7.71256643 1.84819797
v -0.64254102 -7.73454464 1.73660006
v -0.65832242 -7.73454459 1.84652862
v -0.64970173 -7.75839224 1.73557213
v -0.66548313 -7.7583922 1.8455007
v -0.65211966 -7.78319279 1.73522501
v -0.66790101 -7.78319274 1.84515358
v -0.64970173 -7.80799345 1.73557204
v -0.66548313 -7.8079934 1.8455006
v -0.64254102 -7.83184163 1.73660009
v -0.65832242 -7.83184159 1.84652866
v -0.63091274 -7.85381949 1.73826949
v -0.64669414 -7.85381945 1.84819806
v -0.61526361 -7.87308366 1.74051597
v -0.63104501 -7.87308361 1.85044454
v -0.59619511 -7.88889272 1.74325354
v -0.61197651 -7.88889335 1.85318204
v -0.57443994 -7.90064085 1.74637685
v -0.59022143 -7.90064081 1.85630529
v -0.55083433 -7.90787502 1.74976554
v -0.56661573 -7.90787498 1.85969411
v -0.52628518 -7.91031752 1.7532899
v -0.54206658 -7.91031749 1.86321833
v -0.50173612 -7.90787444 1.7568143
v -0.51751757 -7.90787508 1.86674266
v -0.47813047 -7.90064057 1.76020308
v -0.49391186 -7.90064054 1.87013152
v -0.4563753 -7.88889288 1.76332615
v -0.47215674 -7.88889285 1.87325459
v -0.43730684 -7.87308331 1.76606376
v -0.45308824 -7.87308327 1.8759922
v -0.42165772 -7.85381949 1.76831031
v -0.43743911 -7.85381945 1.87823875
v -0.41002929 -7.83184132 1.76997966
v -0.42581074 -7.83184129 1.8799081
v -0.40286868 -7.80799372 1.77100758
v -0.41865008 -7.80799367 1.88093615
v -0.40045089 -7.78319316 1.77135484
v -0.41623229 -7.78319313 1.88128327
v -0.40286868 -7.75839184 1.77100762
v -0.41865008 -7.7583918 1.88093619
v -0.41002929 -7.73454433 1.76997963
v -0.42581074 -7.7345443 1.87990806
v -0.42165772 -7.71256647 1.76831022
v -0.43743911 -7.71256644 1.87823866
v -0.43730684 -7.69330231 1.76606374
v -0.45308824 -7.69330227 1.87599218
v -0.4563753 -7.67749256 1.76332625
v -0.47215674 -7.67749253 1.87325468
v -0.47813047 -7.66574511 1.760203
v -0.49391186 -7.66574507 1.87013143
v -0.54206658 -7.65606841 1.86321825
v -0.56661573 -7.6585108 1.85969406
v -0.59022143 -7.66574535 1.8563052
v -0.61197651 -7.67749236 1.85318208
v -0.63104501 -7.69330194 1.85044446
v -0.64669414 -7.71256643 1.84819797
v -0.65832242 -7.73454459 1.84652862
v -0.66548313 -7.7583922 1.8455007
v -0.66790101 -7.78319274 1.84515358
v -0.66548313 -7.8079934 1.8455006
v -0.65832242 -7.83184159 1.84652866
v -0.64669414 -7.85381945 1.84819806
v -0.63104501 -7.87308361 1.85044454
v -0.61197651 -7.88889335 1.85318204
v -0.59022143 -7.90064081 1.85630529
v -0.56661573 -7.90787498 1.85969411
v -0.54206658 -7.91031749 1.86321833
v -0.51751757 -7.90787508 1.86674266
v -0.49391186 -7.90064054 1.87013152
v -0.47215674 -7.88889285 1.87325459
v -0.45308824 -7.87308327 1.8759922
v -0.43743911 -7.85381945 1.87823875
v -0.42581074 -7.83184129 1.8799081
v -0.41865008 -7.80799367 1.88093615
v -0.41623229 -7.78319313 1.88128327
v -0.41865008 -7.7583918 1.88093619
v -0.42581074 -7.7345443 1.87990806
v -0.43743911 -7.71256644 1.87823866
v -0.45308824 -7.69330227 1.87599218
v -0.47215674 -7.67749253 1.87325468
v -0.49391186 -7.66574507 1.87013143
v -0.51751757 -7.65851091 1.86674261
v -0.50173612 -7.65851093 1.7568143
v -0.51751757 -7.65851091 1.86674261
v -0.52628518 -7.65606844 1.75328982
v -0.54206658 -7.65606841 1.86321825
v -0.55083424 -7.65851085 1.74976549
v -0.52628518 -7.65606844 1.75328982
v -0.50173612 -7.65851093 1.7568143
v -0.47813047 -7.66574511 1.760203
v -0.4563753 -7.67749256 1.76332625
v -0.43730684 -7.69330231 1.76606374
v -0.42165772 -7.71256647 1.76831022
v -0.41002929 -7.73454433 1.76997963
v -0.40286868 -7.75839184 1.77100762
v -0.40045089 -7.78319316 1.77135484
v -0.40286868 -7.80799372 1.77100758
v -0.41002929 -7.83184132 1.76997966
v -0.42165772 -7.85381949 1.76831031
v -0.43730684 -7.87308331 1.76606376
v -0.4563753 -7.88889288 1.76332615
v -0.47813047 -7.90064057 1.76020308
v -0.50173612 -7.90787444 1.7568143
v -0.52628518 -7.91031752 1.7532899
v -0.55083433 -7.90787502 1.74976554
v -0.57443994 -7.90064085 1.74637685
v -0.59619511 -7.88889272 1.74325354
v -0.61526361 -7.87308366 1.74051597
v -0.63091274 -7.85381949 1.73826949
v -0.64254102 -7.83184163 1.73660009
v -0.64970173 -7.80799345 1.73557204
v -0.65211966 -7.78319279 1.73522501
v -0.64970173 -7.75839224 1.73557213
v -0.64254102 -7.73454464 1.73660006
v -0.63091274 -7.71256648 1.73826941
v -0.61526361 -7.69330198 1.74051589
v -0.59619511 -7.6774924 1.74325364
v -0.57443994 -7.66574538 1.74637676
v -0.16699317 -7.69051845 1.75328986
v -0.19154225 -7.69296085 1.74976553
v -0.20732371 -7.69296081 1.8596941
v -0.18277458 -7.69051842 1.8632183
v -0.21514794 -7.70019539 1.7463768
v -0.23092941 -7.70019535 1.85630524
v -0.23690311 -7.71194241 1.74325355
v -0.25268451 -7.71194305 1.85318205
v -0.25597159 -7.72775199 1.74051594
v -0.27175299 -7.72775262 1.85044456
v -0.27162074 -7.74701648 1.73826945
v -0.28740214 -7.74701644 1.84819802
v -0.283249 -7.76899465 1.7366001
v -0.2990304 -7.7689946 1.84652867
v -0.29040973 -7.79284226 1.73557204
v -0.30619113 -7.79284222 1.84550061
v -0.29282764 -7.81764281 1.73522492
v -0.30860899 -7.81764276 1.84515349
v -0.29040973 -7.84244346 1.73557208
v -0.30619113 -7.84244341 1.84550065
v -0.283249 -7.86629164 1.73660013
v -0.2990304 -7.86629159 1.8465287
v -0.27162074 -7.88826951 1.7382694
v -0.28740214 -7.88826947 1.84819797
v -0.25597159 -7.90753368 1.74051588
v -0.27175299 -7.90753363 1.85044445
v -0.23690311 -7.9233434 1.74325364
v -0.25268451 -7.92334336 1.85318208
v -0.21514794 -7.93509087 1.74637676
v -0.23092941 -7.93509083 1.8563052
v -0.19154231 -7.94232503 1.74976559
v -0.20732371 -7.94232498 1.85969416
v -0.16699317 -7.94476754 1.75328981
v -0.18277458 -7.9447675 1.86321825
v -0.1424441 -7.94232511 1.7568144
v -0.15822557 -7.94232509 1.86674271
v -0.11883847 -7.93509059 1.760203
v -0.13461987 -7.93509055 1.87013143
v -0.0970833 -7.92334289 1.76332619
v -0.11286473 -7.92334286 1.87325463
v -0.07801482 -7.90753333 1.76606367
v -0.09379622 -7.90753329 1.87599211
v -0.06236571 -7.8882695 1.76831022
v -0.07814712 -7.88826947 1.87823866
v -0.05073729 -7.86629133 1.7699797
v -0.06651873 -7.8662913 1.87990814
v -0.04357666 -7.84244373 1.77100763
v -0.05935809 -7.84244368 1.8809362
v -0.04115889 -7.81764318 1.77135475
v -0.05694026 -7.81764315 1.88128319
v -0.04357666 -7.79284186 1.77100753
v -0.05935809 -7.79284249 1.88093616
v -0.05073729 -7.76899434 1.76997967
v -0.06651873 -7.7689943 1.87990811
v -0.06236571 -7.74701648 1.76831027
v -0.07814712 -7.74701644 1.87823871
v -0.07801482 -7.72775231 1.76606379
v -0.09379622 -7.72775228 1.87599223
v -0.0970833 -7.71194258 1.76332616
v -0.11286473 -7.71194255 1.8732546
v -0.11883847 -7.70019511 1.76020304
v -0.13461987 -7.70019508 1.87013148
v -0.18277458 -7.69051842 1.8632183
v -0.20732371 -7.69296081 1.8596941
v -0.23092941 -7.70019535 1.85630524
v -0.25268451 -7.71194305 1.85318205
v -0.27175299 -7.72775262 1.85044456
v -0.28740214 -7.74701644 1.84819802
v -0.2990304 -7.7689946 1.84652867
v -0.30619113 -7.79284222 1.84550061
v -0.30860899 -7.81764276 1.84515349
v -0.30619113 -7.84244341 1.84550065
v -0.2990304 -7.86629159 1.8465287
v -0.28740214 -7.88826947 1.84819797
v -0.27175299 -7.90753363 1.85044445
v -0.25268451 -7.92334336 1.85318208
v -0.23092941 -7.93509083 1.8563052
v -0.20732371 -7.94232498 1.85969416
v -0.18277458 -7.9447675 1.86321825
v -0.15822557 -7.94232509 1.86674271
v -0.13461987 -7.93509055 1.87013143
v -0.11286473 -7.92334286 1.87325463
v -0.09379622 -7.90753329 1.87599211
v -0.07814712 -7.88826947 1.87823866
v -0.06651873 -7.8662913 1.87990814
v -0.05935809 -7.84244368 1.8809362
v -0.05694026 -7.81764315 1.88128319
v -0.05935809 -7.79284249 1.88093616
v -0.06651873 -7.7689943 1.87990811
v -0.07814712 -7.74701644 1.87823871
v -0.09379622 -7.72775228 1.87599223
v -0.11286473 -7.71194255 1.8732546
v -0.13461987 -7.70019508 1.87013148
v -0.15822557 -7.69296091 1.86674265
v -0.1424441 -7.69296094 1.75681434
v -0.15822557 -7.69296091 1.86674265
v -0.16699317 -7.69051845 1.75328986
v -0.18277458 -7.69051842 1.8632183
v -0.19154225 -7.69296085 1.74976553
v -0.16699317 -7.69051845 1.75328986
v -0.1424441 -7.69296094 1.75681434
v -0.11883847 -7.70019511 1.76020304
v -0.0970833 -7.71194258 1.76332616
v -0.07801482 -7.72775231 1.76606379
v -0.06236571 -7.74701648 1.76831027
v -0.05073729 -7.76899434 1.76997967
v -0.04357666 -7.79284186 1.77100753
v -0.04115889 -7.81764318 1.77135475
v -0.04357666 -7.84244373 1.77100763
v -0.05073729 -7.86629133 1.7699797
v -0.06236571 -7.8882695 1.76831022
v -0.07801482 -7.90753333 1.76606367
v -0.0970833 -7.92334289 1.76332619
v -0.11883847 -7.93509059 1.760203
v -0.1424441 -7.94232511 1.7568144
v -0.16699317 -7.94476754 1.75328981
v -0.19154231 -7.94232503 1.74976559
v -0.21514794 -7.93509087 1.74637676
v -0.23690311 -7.9233434 1.74325364
v -0.25597159 -7.90753368 1.74051588
v -0.27162074 -7.88826951 1.7382694
v -0.283249 -7.86629164 1.73660013
v -0.29040973 -7.84244346 1.73557208
v -0.29282764 -7.81764281 1.73522492
v -0.29040973 -7.79284226 1.73557204
v -0.283249 -7.76899465 1.7366001
v -0.27162074 -7.74701648 1.73826945
v -0.25597159 -7.72775199 1.74051594
v -0.23690311 -7.71194241 1.74325355
v -0.21514794 -7.70019539 1.7463768
vn 0.0135 0.9999 0.0035
vn 0.0414 0.99914 0.0021
vn 0.0726 0.99736 0.0005
vn 0.11069 0.99385 -0.0015
vn 0.16231 0.98673 -0.0041
vn 0.24309 0.96997 -0.0083
vn 0.3983 0.91711 -0.0164
vn 0.7775 0.6278 -0.0369
vn 0.84522 -0.53251 -0.0452
vn 0.4257 -0.90451 -0.0254
vn 0.25371 -0.96713 -0.0169
vn 0.16709 -0.98586 -0.0126
vn 0.1129 -0.99356 -0.0099
vn 0.0735 -0.99726 -0.0079
vn 0.0417 -0.99911 -0.0063
vn 0.0135 -0.9999 -0.0049
vn -0.0135 -0.9999 -0.0035
vn -0.0414 -0.99914 -0.0021
vn -0.0726 -0.99736 -0.0005
vn -0.11069 -0.99385 0.0015
vn -0.16231 -0.98673 0.0041
vn -0.24309 -0.96997 0.0083
vn -0.3983 -0.91711 0.0164
vn -0.7775 -0.6278 0.0369
vn -0.84522 0.53251 0.0452
vn -0.42562 0.90454 0.0254
vn -0.25371 0.96713 0.0169
vn -0.16709 0.98586 0.0126
vn -0.1129 0.99356 0.0099
vn -0.0735 0.99726 0.0079
vn 0.1978 -0.85191 0.4849
vn -0.0417 0.99911 0.0063
vn -0.0135 0.9999 0.0049
vn -0.1978 0.85191 -0.4849
vn -0.4257 0.90451 0.0254
vn -0.0135 0.9999 0.0035
vn -0.0414 0.99914 0.0021
vn -0.0726 0.99736 0.0005
vn -0.11069 0.99385 -0.0015
vn -0.16231 0.98673 -0.0041
vn -0.24309 0.96997 -0.0083
vn -0.3983 0.91711 -0.0164
vn -0.7775 0.6278 -0.0369
vn -0.84522 -0.53251 -0.0452
vn -0.4257 -0.90451 -0.0254
vn -0.25371 -0.96713 -0.0169
vn -0.16709 -0.98586 -0.0126
vn -0.1129 -0.99356 -0.0099
vn -0.0735 -0.99726 -0.0079
vn -0.0417 -0.99911 -0.0063
vn -0.0135 -0.9999 -0.0049
vn 0.0135 -0.9999 -0.0035
vn 0.0414 -0.99914 -0.0021
vn 0.0726 -0.99736 -0.0005
vn 0.11069 -0.99385 0.0015
vn 0.16231 -0.98673 0.0041
vn 0.24309 -0.96997 0.0083
vn 0.3983 -0.91711 0.0164
vn 0.7775 -0.6278 0.0369
vn 0.84522 0.53251 0.0452
vn 0.42562 0.90454 0.0254
vn 0.25371 0.96713 0.0169
vn 0.16709 0.98586 0.0126
vn 0.1129 0.99356 0.0099
vn 0.0735 0.99726 0.0079
vn -0.1978 -0.85191 0.4849
vn 0.0417 0.99911 0.0063
vn 0.0135 0.9999 0.0049
vn 0.1978 0.85191 -0.4849
vn 0.4257 0.90451 0.0254
vt 1 0.5
vt 1 1
vt 0.96875 1
vt 0.96875 0.5
vt 0.9375 1
vt 0.9375 0.5
vt 0.90625 1
vt 0.90625 0.5
vt 0.875 1
vt 0.875 0.5
vt 0.84375 1
vt 0.84375 0.5
vt 0.8125 1
vt 0.8125 0.5
vt 0.78125 1
vt 0.78125 0.5
vt 0.75 1
vt 0.75 0.5
vt 0.71875 1
vt 0.71875 0.5
vt 0.6875 1
vt 0.6875 0.5
vt 0.65625 1
vt 0.65625 0.5
vt 0.625 1
vt 0.625 0.5
vt 0.59375 1
vt 0.59375 0.5
vt 0.5625 1
vt 0.5625 0.5
vt 0.53125 1
vt 0.53125 0.5
vt 0.5 1
vt 0.5 0.5
vt 0.46875 1
vt 0.46875 0.5
vt 0.4375 1
vt 0.4375 0.5
vt 0.40625 1
vt 0.40625 0.5
vt 0.375 1
vt 0.375 0.5
vt 0.34375 1
vt 0.34375 0.5
vt 0.3125 1
vt 0.3125 0.5
vt 0.28125 1
vt 0.28125 0.5
vt 0.25 1
vt 0.25 0.5
vt 0.21875 1
vt 0.21875 0.5
vt 0.1875 1
vt 0.1875 0.5
vt 0.15625 1
vt 0.15625 0.5
vt 0.125 1
vt 0.125 0.5
vt 0.09375 1
vt 0.09375 0.5
vt 0.0625 1
vt 0.0625 0.5
vt 0.34184 0.47173
vt 0.29682 0.48539
vt 0.25 0.49
vt 0.20318 0.48539
vt 0.15816 0.47173
vt 0.11666 0.44955
vt 0.08029 0.41971
vt 0.05045 0.38334
vt 0.02827 0.34184
vt 0.01461 0.29682
vt 0.01 0.25
vt 0.01461 0.20318
vt 0.02827 0.15816
vt 0.05045 0.11666
vt 0.08029 0.08029
vt 0.11666 0.05045
vt 0.15816 0.02827
vt 0.20318 0.01461
vt 0.25 0.01
vt 0.29682 0.01461
vt 0.34184 0.02827
vt 0.38334 0.05045
vt 0.41971 0.08029
vt 0.44955 0.11666
vt 0.47173 0.15816
vt 0.48539 0.20318
vt 0.49 0.25
vt 0.48539 0.29682
vt 0.47173 0.34184
vt 0.44955 0.38334
vt 0.41971 0.41971
vt 0.38334 0.44955
vt 0.03125 1
vt 0.03125 0.5
vt 0 1
vt 0 0.5
vt 0.70318 0.48539
vt 0.75 0.49
vt 0.79682 0.48539
vt 0.84184 0.47173
vt 0.88334 0.44955
vt 0.91971 0.41971
vt 0.94955 0.38334
vt 0.97173 0.34184
vt 0.98539 0.29682
vt 0.99 0.25
vt 0.98539 0.20318
vt 0.97173 0.15816
vt 0.94955 0.11666
vt 0.91971 0.08029
vt 0.88334 0.05045
vt 0.84184 0.02827
vt 0.79682 0.01461
vt 0.75 0.01
vt 0.70318 0.01461
vt 0.65816 0.02827
vt 0.61666 0.05045
vt 0.58029 0.08029
vt 0.55045 0.11666
vt 0.52827 0.15816
vt 0.51461 0.20318
vt 0.51 0.25
vt 0.51461 0.29682
vt 0.52827 0.34184
vt 0.55045 0.38334
vt 0.58029 0.41971
vt 0.61666 0.44955
vt 0.65816 0.47173
usemtl mat3
f 2505/539/1245 2506/540/1245 2507/541/1245
f 2505/539/1245 2507/541/1245 2508/542/1245
f 2508/542/1246 2507/541/1246 2509/543/1246
f 2508/542/1246 2509/543/1246 2510/544/1246
f 2510/544/1247 2509/543/1247 2511/545/1247
f 2510/544/1247 2511/545/1247 2512/546/1247
f 2512/546/1248 2511/545/1248 2513/547/1248
f 2512/546/1248 2513/547/1248 2514/548/1248
f 2514/548/1249 2513/547/1249 2515/549/1249
f 2514/548/1249 2515/549/1249 2516/550/1249
f 2516/550/1250 2515/549/1250 2517/551/1250
f 2516/550/1250 2517/551/1250 2518/552/1250
f 2518/552/1251 2517/551/1251 2519/553/1251
f 2518/552/1251 2519/553/1251 2520/554/1251
f 2520/554/1252 2519/553/1252 2521/555/1252
f 2520/554/1252 2521/555/1252 2522/556/1252
f 2522/556/1253 2521/555/1253 2523/557/1253
f 2522/556/1253 2523/557/1253 2524/558/1253
f 2524/558/1254 2523/557/1254 2525/559/1254
f 2524/558/1254 2525/559/1254 2526/560/1254
f 2526/560/1255 2525/559/1255 2527/561/1255
f 2526/560/1255 2527/561/1255 2528/562/1255
f 2528/562/1256 2527/561/1256 2529/563/1256
f 2528/562/1256 2529/563/1256 2530/564/1256
f 2530/564/1257 2529/563/1257 2531/565/1257
f 2530/564/1257 2531/565/1257 2532/566/1257
f 2532/566/1258 2531/565/1258 2533/567/1258
f 2532/566/1258 2533/567/1258 2534/568/1258
f 2534/568/1259 2533/567/1259 2535/569/1259
f 2534/568/1259 2535/569/1259 2536/570/1259
f 2536/570/1260 2535/569/1260 2537/571/1260
f 2536/570/1260 2537/571/1260 2538/572/1260
f 2538/572/1261 2537/571/1261 2539/573/1261
f 2538/572/1261 2539/573/1261 2540/574/1261
f 2540/574/1262 2539/573/1262 2541/575/1262
f 2540/574/1262 2541/575/1262 2542/576/1262
f 2542/576/1263 2541/575/1263 2543/577/1263
f 2542/576/1263 2543/577/1263 2544/578/1263
f 2544/578/1264 2543/577/1264 2545/579/1264
f 2544/578/1264 2545/579/1264 2546/580/1264
f 2546/580/1265 2545/579/1265 2547/581/1265
f 2546/580/1265 2547/581/1265 2548/582/1265
f 2548/582/1266 2547/581/1266 2549/583/1266
f 2548/582/1266 2549/583/1266 2550/584/1266
f 2550/584/1267 2549/583/1267 2551/585/1267
f 2550/584/1267 2551/585/1267 2552/586/1267
f 2552/586/1268 2551/585/1268 2553/587/1268
f 2552/586/1268 2553/587/1268 2554/588/1268
f 2554/588/1269 2553/587/1269 2555/589/1269
f 2554/588/1269 2555/589/1269 2556/590/1269
f 2556/590/1270 2555/589/1270 2557/591/1270
f 2556/590/1270 2557/591/1270 2558/592/1270
f 2558/592/1271 2557/591/1271 2559/593/1271
f 2558/592/1271 2559/593/1271 2560/594/1271
f 2560/594/1272 2559/593/1272 2561/595/1272
f 2560/594/1272 2561/595/1272 2562/596/1272
f 2562/596/1273 2561/595/1273 2563/597/1273
f 2562/596/1273 2563/597/1273 2564/598/1273
f 2564/598/1274 2563/597/1274 2565/599/1274
f 2564/598/1274 2565/599/1274 2566/600/1274
f 2567/601/1275 2568/602/1275 2569/603/1275
f 2569/603/1275 2570/604/1275 2571/605/1275
f 2571/605/1275 2572/606/1275 2573/607/1275
f 2573/607/1275 2574/608/1275 2575/609/1275
f 2575/609/1275 2576/610/1275 2577/611/1275
f 2577/611/1275 2578/612/1275 2579/613/1275
f 2579/613/1275 2580/614/1275 2581/615/1275
f 2581/615/1275 2582/616/1275 2583/617/1275
f 2583/617/1275 2584/618/1275 2585/619/1275
f 2585/619/1275 2586/620/1275 2587/621/1275
f 2587/621/1275 2588/622/1275 2589/623/1275
f 2589/623/1275 2590/624/1275 2591/625/1275
f 2591/625/1275 2592/626/1275 2593/627/1275
f 2593/627/1275 2594/628/1275 2595/629/1275
f 2595/629/1275 2596/630/1275 2597/631/1275
f 2597/631/1275 2598/632/1275 2567/601/1275
f 2567/601/1275 2569/603/1275 2571/605/1275
f 2571/605/1275 2573/607/1275 2575/609/1275
f 2575/609/1275 2577/611/1275 2579/613/1275
f 2579/613/1275 2581/615/1275 2583/617/1275
f 2583/617/1275 2585/619/1275 2587/621/1275
f 2587/621/1275 2589/623/1275 2591/625/1275
f 2591/625/1275 2593/627/1275 2595/629/1275
f 2595/629/1275 2597/631/1275 2567/601/1275
f 2567/601/1275 2571/605/1275 2575/609/1275
f 2575/609/1275 2579/613/1275 2583/617/1275
f 2583/617/1275 2587/621/1275 2591/625/1275
f 2591/625/1275 2595/629/1275 2567/601/1275
f 2567/601/1275 2575/609/1275 2583/617/1275
f 2583/617/1275 2591/625/1275 2567/601/1275
f 2566/600/1276 2565/599/1276 2599/633/1276
f 2566/600/1276 2599/633/1276 2600/634/1276
f 2600/634/1277 2599/633/1277 2601/635/1277
f 2600/634/1277 2601/635/1277 2602/636/1277
f 2603/637/1278 2604/638/1278 2605/639/1278
f 2605/639/1278 2606/640/1278 2607/641/1278
f 2607/641/1278 2608/642/1278 2609/643/1278
f 2609/643/1278 2610/644/1278 2611/645/1278
f 2611/645/1278 2612/646/1278 2613/647/1278
f 2613/647/1278 2614/648/1278 2615/649/1278
f 2615/649/1278 2616/650/1278 2617/651/1278
f 2617/651/1278 2618/652/1278 2619/653/1278
f 2619/653/1278 2620/654/1278 2621/655/1278
f 2621/655/1278 2622/656/1278 2623/657/1278
f 2623/657/1278 2624/658/1278 2625/659/1278
f 2625/659/1278 2626/660/1278 2627/661/1278
f 2627/661/1278 2628/662/1278 2629/663/1278
f 2629/663/1278 2630/664/1278 2631/665/1278
f 2631/665/1278 2632/666/1278 2633/667/1278
f 2633/667/1278 2634/668/1278 2603/637/1278
f 2603/637/1278 2605/639/1278 2607/641/1278
f 2607/641/1278 2609/643/1278 2611/645/1278
f 2611/645/1278 2613/647/1278 2615/649/1278
f 2615/649/1278 2617/651/1278 2619/653/1278
f 2619/653/1278 2621/655/1278 2623/657/1278
f 2623/657/1278 2625/659/1278 2627/661/1278
f 2627/661/1278 2629/663/1278 2631/665/1278
f 2631/665/1278 2633/667/1278 2603/637/1278
f 2603/637/1278 2607/641/1278 2611/645/1278
f 2611/645/1278 2615/649/1278 2619/653/1278
f 2619/653/1278 2623/657/1278 2627/661/1278
f 2627/661/1278 2631/665/1278 2603/637/1278
f 2603/637/1278 2611/645/1278 2619/653/1278
f 2619/653/1278 2627/661/1278 2603/637/1278
f 2635/539/1245 2636/540/1245 2637/541/1245
f 2635/539/1245 2637/541/1245 2638/542/1245
f 2638/542/1246 2637/541/1246 2639/543/1246
f 2638/542/1246 2639/543/1246 2640/544/1246
f 2640/544/1247 2639/543/1247 2641/545/1247
f 2640/544/1247 2641/545/1247 2642/546/1247
f 2642/546/1248 2641/545/1248 2643/547/1248
f 2642/546/1248 2643/547/1248 2644/548/1248
f 2644/548/1249 2643/547/1249 2645/549/1249
f 2644/548/1249 2645/549/1249 2646/550/1249
f 2646/550/1250 2645/549/1250 2647/551/1250
f 2646/550/1250 2647/551/1250 2648/552/1250
f 2648/552/1251 2647/551/1251 2649/553/1251
f 2648/552/1251 2649/553/1251 2650/554/1251
f 2650/554/1252 2649/553/1252 2651/555/1252
f 2650/554/1252 2651/555/1252 2652/556/1252
f 2652/556/1253 2651/555/1253 2653/557/1253
f 2652/556/1253 2653/557/1253 2654/558/1253
f 2654/558/1254 2653/557/1254 2655/559/1254
f 2654/558/1254 2655/559/1254 2656/560/1254
f 2656/560/1255 2655/559/1255 2657/561/1255
f 2656/560/1255 2657/561/1255 2658/562/1255
f 2658/562/1256 2657/561/1256 2659/563/1256
f 2658/562/1256 2659/563/1256 2660/564/1256
f 2660/564/1257 2659/563/1257 2661/565/1257
f 2660/564/1257 2661/565/1257 2662/566/1257
f 2662/566/1258 2661/565/1258 2663/567/1258
f 2662/566/1258 2663/567/1258 2664/568/1258
f 2664/568/1259 2663/567/1259 2665/569/1259
f 2664/568/1259 2665/569/1259 2666/570/1259
f 2666/570/1260 2665/569/1260 2667/571/1260
f 2666/570/1260 2667/571/1260 2668/572/1260
f 2668/572/1261 2667/571/1261 2669/573/1261
f 2668/572/1261 2669/573/1261 2670/574/1261
f 2670/574/1262 2669/573/1262 2671/575/1262
f 2670/574/1262 2671/575/1262 2672/576/1262
f 2672/576/1263 2671/575/1263 2673/577/1263
f 2672/576/1263 2673/577/1263 2674/578/1263
f 2674/578/1264 2673/577/1264 2675/579/1264
f 2674/578/1264 2675/579/1264 2676/580/1264
f 2676/580/1265 2675/579/1265 2677/581/1265
f 2676/580/1265 2677/581/1265 2678/582/1265
f 2678/582/1266 2677/581/1266 2679/583/1266
f 2678/582/1266 2679/583/1266 2680/584/1266
f 2680/584/1267 2679/583/1267 2681/585/1267
f 2680/584/1267 2681/585/1267 2682/586/1267
f 2682/586/1268 2681/585/1268 2683/587/1268
f 2682/586/1268 2683/587/1268 2684/588/1268
f 2684/588/1269 2683/587/1269 2685/589/1269
f 2684/588/1269 2685/589/1269 2686/590/1269
f 2686/590/1279 2685/589/1279 2687/591/1279
f 2686/590/1279 2687/591/1279 2688/592/1279
f 2688/592/1271 2687/591/1271 2689/593/1271
f 2688/592/1271 2689/593/1271 2690/594/1271
f 2690/594/1272 2689/593/1272 2691/595/1272
f 2690/594/1272 2691/595/1272 2692/596/1272
f 2692/596/1273 2691/595/1273 2693/597/1273
f 2692/596/1273 2693/597/1273 2694/598/1273
f 2694/598/1274 2693/597/1274 2695/599/1274
f 2694/598/1274 2695/599/1274 2696/600/1274
f 2697/601/1275 2698/602/1275 2699/603/1275
f 2699/603/1275 2700/604/1275 2701/605/1275
f 2701/605/1275 2702/606/1275 2703/607/1275
f 2703/607/1275 2704/608/1275 2705/609/1275
f 2705/609/1275 2706/610/1275 2707/611/1275
f 2707/611/1275 2708/612/1275 2709/613/1275
f 2709/613/1275 2710/614/1275 2711/615/1275
f 2711/615/1275 2712/616/1275 2713/617/1275
f 2713/617/1275 2714/618/1275 2715/619/1275
f 2715/619/1275 2716/620/1275 2717/621/1275
f 2717/621/1275 2718/622/1275 2719/623/1275
f 2719/623/1275 2720/624/1275 2721/625/1275
f 2721/625/1275 2722/626/1275 2723/627/1275
f 2723/627/1275 2724/628/1275 2725/629/1275
f 2725/629/1275 2726/630/1275 2727/631/1275
f 2727/631/1275 2728/632/1275 2697/601/1275
f 2697/601/1275 2699/603/1275 2701/605/1275
f 2701/605/1275 2703/607/1275 2705/609/1275
f 2705/609/1275 2707/611/1275 2709/613/1275
f 2709/613/1275 2711/615/1275 2713/617/1275
f 2713/617/1275 2715/619/1275 2717/621/1275
f 2717/621/1275 2719/623/1275 2721/625/1275
f 2721/625/1275 2723/627/1275 2725/629/1275
f 2725/629/1275 2727/631/1275 2697/601/1275
f 2697/601/1275 2701/605/1275 2705/609/1275
f 2705/609/1275 2709/613/1275 2713/617/1275
f 2713/617/1275 2717/621/1275 2721/625/1275
f 2721/625/1275 2725/629/1275 2697/601/1275
f 2697/601/1275 2705/609/1275 2713/617/1275
f 2713/617/1275 2721/625/1275 2697/601/1275
f 2696/600/1276 2695/599/1276 2729/633/1276
f 2696/600/1276 2729/633/1276 2730/634/1276
f 2730/634/1277 2729/633/1277 2731/635/1277
f 2730/634/1277 2731/635/1277 2732/636/1277
f 2733/637/1278 2734/638/1278 2735/639/1278
f 2735/639/1278 2736/640/1278 2737/641/1278
f 2737/641/1278 2738/642/1278 2739/643/1278
f 2739/643/1278 2740/644/1278 2741/645/1278
f 2741/645/1278 2742/646/1278 2743/647/1278
f 2743/647/1278 2744/648/1278 2745/649/1278
f 2745/649/1278 2746/650/1278 2747/651/1278
f 2747/651/1278 2748/652/1278 2749/653/1278
f 2749/653/1278 2750/654/1278 2751/655/1278
f 2751/655/1278 2752/656/1278 2753/657/1278
f 2753/657/1278 2754/658/1278 2755/659/1278
f 2755/659/1278 2756/660/1278 2757/661/1278
f 2757/661/1278 2758/662/1278 2759/663/1278
f 2759/663/1278 2760/664/1278 2761/665/1278
f 2761/665/1278 2762/666/1278 2763/667/1278
f 2763/667/1278 2764/668/1278 2733/637/1278
f 2733/637/1278 2735/639/1278 2737/641/1278
f 2737/641/1278 2739/643/1278 2741/645/1278
f 2741/645/1278 2743/647/1278 2745/649/1278
f 2745/649/1278 2747/651/1278 2749/653/1278
f 2749/653/1278 2751/655/1278 2753/657/1278
f 2753/657/1278 2755/659/1278 2757/661/1278
f 2757/661/1278 2759/663/1278 2761/665/1278
f 2761/665/1278 2763/667/1278 2733/637/1278
f 2733/637/1278 2737/641/1278 2741/645/1278
f 2741/645/1278 2745/649/1278 2749/653/1278
f 2749/653/1278 2753/657/1278 2757/661/1278
f 2757/661/1278 2761/665/1278 2733/637/1278
f 2733/637/1278 2741/645/1278 2749/653/1278
f 2749/653/1278 2757/661/1278 2733/637/1278
f 2765/539/1280 2766/542/1280 2767/541/1280
f 2765/539/1280 2767/541/1280 2768/540/1280
f 2766/542/1281 2769/544/1281 2770/543/1281
f 2766/542/1281 2770/543/1281 2767/541/1281
f 2769/544/1282 2771/546/1282 2772/545/1282
f 2769/544/1282 2772/545/1282 2770/543/1282
f 2771/546/1283 2773/548/1283 2774/547/1283
f 2771/546/1283 2774/547/1283 2772/545/1283
f 2773/548/1284 2775/550/1284 2776/549/1284
f 2773/548/1284 2776/549/1284 2774/547/1284
f 2775/550/1285 2777/552/1285 2778/551/1285
f 2775/550/1285 2778/551/1285 2776/549/1285
f 2777/552/1286 2779/554/1286 2780/553/1286
f 2777/552/1286 2780/553/1286 2778/551/1286
f 2779/554/1287 2781/556/1287 2782/555/1287
f 2779/554/1287 2782/555/1287 2780/553/1287
f 2781/556/1288 2783/558/1288 2784/557/1288
f 2781/556/1288 2784/557/1288 2782/555/1288
f 2783/558/1289 2785/560/1289 2786/559/1289
f 2783/558/1289 2786/559/1289 2784/557/1289
f 2785/560/1290 2787/562/1290 2788/561/1290
f 2785/560/1290 2788/561/1290 2786/559/1290
f 2787/562/1291 2789/564/1291 2790/563/1291
f 2787/562/1291 2790/563/1291 2788/561/1291
f 2789/564/1292 2791/566/1292 2792/565/1292
f 2789/564/1292 2792/565/1292 2790/563/1292
f 2791/566/1293 2793/568/1293 2794/567/1293
f 2791/566/1293 2794/567/1293 2792/565/1293
f 2793/568/1294 2795/570/1294 2796/569/1294
f 2793/568/1294 2796/569/1294 2794/567/1294
f 2795/570/1295 2797/572/1295 2798/571/1295
f 2795/570/1295 2798/571/1295 2796/569/1295
f 2797/572/1296 2799/574/1296 2800/573/1296
f 2797/572/1296 2800/573/1296 2798/571/1296
f 2799/574/1297 2801/576/1297 2802/575/1297
f 2799/574/1297 2802/575/1297 2800/573/1297
f 2801/576/1298 2803/578/1298 2804/577/1298
f 2801/576/1298 2804/577/1298 2802/575/1298
f 2803/578/1299 2805/580/1299 2806/579/1299
f 2803/578/1299 2806/579/1299 2804/577/1299
f 2805/580/1300 2807/582/1300 2808/581/1300
f 2805/580/1300 2808/581/1300 2806/579/1300
f 2807/582/1301 2809/584/1301 2810/583/1301
f 2807/582/1301 2810/583/1301 2808/581/1301
f 2809/584/1302 2811/586/1302 2812/585/1302
f 2809/584/1302 2812/585/1302 2810/583/1302
f 2811/586/1303 2813/588/1303 2814/587/1303
f 2811/586/1303 2814/587/1303 2812/585/1303
f 2813/588/1304 2815/590/1304 2816/589/1304
f 2813/588/1304 2816/589/1304 2814/587/1304
f 2815/590/1305 2817/592/1305 2818/591/1305
f 2815/590/1305 2818/591/1305 2816/589/1305
f 2817/592/1306 2819/594/1306 2820/593/1306
f 2817/592/1306 2820/593/1306 2818/591/1306
f 2819/594/1307 2821/596/1307 2822/595/1307
f 2819/594/1307 2822/595/1307 2820/593/1307
f 2821/596/1308 2823/598/1308 2824/597/1308
f 2821/596/1308 2824/597/1308 2822/595/1308
f 2823/598/1309 2825/600/1309 2826/599/1309
f 2823/598/1309 2826/599/1309 2824/597/1309
f 2827/603/1310 2828/602/1310 2829/601/1310
f 2829/601/1310 2830/632/1310 2831/631/1310
f 2831/631/1310 2832/630/1310 2833/629/1310
f 2833/629/1310 2834/628/1310 2835/627/1310
f 2835/627/1310 2836/626/1310 2837/625/1310
f 2837/625/1310 2838/624/1310 2839/623/1310
f 2839/623/1310 2840/622/1310 2841/621/1310
f 2841/621/1310 2842/620/1310 2843/619/1310
f 2843/619/1310 2844/618/1310 2845/617/1310
f 2845/617/1310 2846/616/1310 2847/615/1310
f 2847/615/1310 2848/614/1310 2849/613/1310
f 2849/613/1310 2850/612/1310 2851/611/1310
f 2851/611/1310 2852/610/1310 2853/609/1310
f 2853/609/1310 2854/608/1310 2855/607/1310
f 2855/607/1310 2856/606/1310 2857/605/1310
f 2857/605/1310 2858/604/1310 2827/603/1310
f 2827/603/1310 2829/601/1310 2831/631/1310
f 2831/631/1310 2833/629/1310 2835/627/1310
f 2835/627/1310 2837/625/1310 2839/623/1310
f 2839/623/1310 2841/621/1310 2843/619/1310
f 2843/619/1310 2845/617/1310 2847/615/1310
f 2847/615/1310 2849/613/1310 2851/611/1310
f 2851/611/1310 2853/609/1310 2855/607/1310
f 2855/607/1310 2857/605/1310 2827/603/1310
f 2827/603/1310 2831/631/1310 2835/627/1310
f 2835/627/1310 2839/623/1310 2843/619/1310
f 2843/619/1310 2847/615/1310 2851/611/1310
f 2851/611/1310 2855/607/1310 2827/603/1310
f 2827/603/1310 2835/627/1310 2843/619/1310
f 2843/619/1310 2851/611/1310 2827/603/1310
f 2825/600/1311 2859/634/1311 2860/633/1311
f 2825/600/1311 2860/633/1311 2826/599/1311
f 2859/634/1312 2861/636/1312 2862/635/1312
f 2859/634/1312 2862/635/1312 2860/633/1312
f 2863/639/1313 2864/638/1313 2865/637/1313
f 2865/637/1313 2866/668/1313 2867/667/1313
f 2867/667/1313 2868/666/1313 2869/665/1313
f 2869/665/1313 2870/664/1313 2871/663/1313
f 2871/663/1313 2872/662/1313 2873/661/1313
f 2873/661/1313 2874/660/1313 2875/659/1313
f 2875/659/1313 2876/658/1313 2877/657/1313
f 2877/657/1313 2878/656/1313 2879/655/1313
f 2879/655/1313 2880/654/1313 2881/653/1313
f 2881/653/1313 2882/652/1313 2883/651/1313
f 2883/651/1313 2884/650/1313 2885/649/1313
f 2885/649/1313 2886/648/1313 2887/647/1313
f 2887/647/1313 2888/646/1313 2889/645/1313
f 2889/645/1313 2890/644/1313 2891/643/1313
f 2891/643/1313 2892/642/1313 2893/641/1313
f 2893/641/1313 2894/640/1313 2863/639/1313
f 2863/639/1313 2865/637/1313 2867/667/1313
f 2867/667/1313 2869/665/1313 2871/663/1313
f 2871/663/1313 2873/661/1313 2875/659/1313
f 2875/659/1313 2877/657/1313 2879/655/1313
f 2879/655/1313 2881/653/1313 2883/651/1313
f 2883/651/1313 2885/649/1313 2887/647/1313
f 2887/647/1313 2889/645/1313 2891/643/1313
f 2891/643/1313 2893/641/1313 2863/639/1313
f 2863/639/1313 2867/667/1313 2871/663/1313
f 2871/663/1313 2875/659/1313 2879/655/1313
f 2879/655/1313 2883/651/1313 2887/647/1313
f 2887/647/1313 2891/643/1313 2863/639/1313
f 2863/639/1313 2871/663/1313 2879/655/1313
f 2879/655/1313 2887/647/1313 2863/639/1313
f 2895/539/1280 2896/542/1280 2897/541/1280
f 2895/539/1280 2897/541/1280 2898/540/1280
f 2896/542/1281 2899/544/1281 2900/543/1281
f 2896/542/1281 2900/543/1281 2897/541/1281
f 2899/544/1282 2901/546/1282 2902/545/1282
f 2899/544/1282 2902/545/1282 2900/543/1282
f 2901/546/1283 2903/548/1283 2904/547/1283
f 2901/546/1283 2904/547/1283 2902/545/1283
f 2903/548/1284 2905/550/1284 2906/549/1284
f 2903/548/1284 2906/549/1284 2904/547/1284
f 2905/550/1285 2907/552/1285 2908/551/1285
f 2905/550/1285 2908/551/1285 2906/549/1285
f 2907/552/1286 2909/554/1286 2910/553/1286
f 2907/552/1286 2910/553/1286 2908/551/1286
f 2909/554/1287 2911/556/1287 2912/555/1287
f 2909/554/1287 2912/555/1287 2910/553/1287
f 2911/556/1288 2913/558/1288 2914/557/1288
f 2911/556/1288 2914/557/1288 2912/555/1288
f 2913/558/1289 2915/560/1289 2916/559/1289
f 2913/558/1289 2916/559/1289 2914/557/1289
f 2915/560/1290 2917/562/1290 2918/561/1290
f 2915/560/1290 2918/561/1290 2916/559/1290
f 2917/562/1291 2919/564/1291 2920/563/1291
f 2917/562/1291 2920/563/1291 2918/561/1291
f 2919/564/1292 2921/566/1292 2922/565/1292
f 2919/564/1292 2922/565/1292 2920/563/1292
f 2921/566/1293 2923/568/1293 2924/567/1293
f 2921/566/1293 2924/567/1293 2922/565/1293
f 2923/568/1294 2925/570/1294 2926/569/1294
f 2923/568/1294 2926/569/1294 2924/567/1294
f 2925/570/1295 2927/572/1295 2928/571/1295
f 2925/570/1295 2928/571/1295 2926/569/1295
f 2927/572/1296 2929/574/1296 2930/573/1296
f 2927/572/1296 2930/573/1296 2928/571/1296
f 2929/574/1297 2931/576/1297 2932/575/1297
f 2929/574/1297 2932/575/1297 2930/573/1297
f 2931/576/1298 2933/578/1298 2934/577/1298
f 2931/576/1298 2934/577/1298 2932/575/1298
f 2933/578/1299 2935/580/1299 2936/579/1299
f 2933/578/1299 2936/579/1299 2934/577/1299
f 2935/580/1300 2937/582/1300 2938/581/1300
f 2935/580/1300 2938/581/1300 2936/579/1300
f 2937/582/1301 2939/584/1301 2940/583/1301
f 2937/582/1301 2940/583/1301 2938/581/1301
f 2939/584/1302 2941/586/1302 2942/585/1302
f 2939/584/1302 2942/585/1302 2940/583/1302
f 2941/586/1303 2943/588/1303 2944/587/1303
f 2941/586/1303 2944/587/1303 2942/585/1303
f 2943/588/1304 2945/590/1304 2946/589/1304
f 2943/588/1304 2946/589/1304 2944/587/1304
f 2945/590/1314 2947/592/1314 2948/591/1314
f 2945/590/1314 2948/591/1314 2946/589/1314
f 2947/592/1306 2949/594/1306 2950/593/1306
f 2947/592/1306 2950/593/1306 2948/591/1306
f 2949/594/1307 2951/596/1307 2952/595/1307
f 2949/594/1307 2952/595/1307 2950/593/1307
f 2951/596/1308 2953/598/1308 2954/597/1308
f 2951/596/1308 2954/597/1308 2952/595/1308
f 2953/598/1309 2955/600/1309 2956/599/1309
f 2953/598/1309 2956/599/1309 2954/597/1309
f 2957/603/1310 2958/602/1310 2959/601/1310
f 2959/601/1310 2960/632/1310 2961/631/1310
f 2961/631/1310 2962/630/1310 2963/629/1310
f 2963/629/1310 2964/628/1310 2965/627/1310
f 2965/627/1310 2966/626/1310 2967/625/1310
f 2967/625/1310 2968/624/1310 2969/623/1310
f 2969/623/1310 2970/622/1310 2971/621/1310
f 2971/621/1310 2972/620/1310 2973/619/1310
f 2973/619/1310 2974/618/1310 2975/617/1310
f 2975/617/1310 2976/616/1310 2977/615/1310
f 2977/615/1310 2978/614/1310 2979/613/1310
f 2979/613/1310 2980/612/1310 2981/611/1310
f 2981/611/1310 2982/610/1310 2983/609/1310
f 2983/609/1310 2984/608/1310 2985/607/1310
f 2985/607/1310 2986/606/1310 2987/605/1310
f 2987/605/1310 2988/604/1310 2957/603/1310
f 2957/603/1310 2959/601/1310 2961/631/1310
f 2961/631/1310 2963/629/1310 2965/627/1310
f 2965/627/1310 2967/625/1310 2969/623/1310
f 2969/623/1310 2971/621/1310 2973/619/1310
f 2973/619/1310 2975/617/1310 2977/615/1310
f 2977/615/1310 2979/613/1310 2981/611/1310
f 2981/611/1310 2983/609/1310 2985/607/1310
f 2985/607/1310 2987/605/1310 2957/603/1310
f 2957/603/1310 2961/631/1310 2965/627/1310
f 2965/627/1310 2969/623/1310 2973/619/1310
f 2973/619/1310 2977/615/1310 2981/611/1310
f 2981/611/1310 2985/607/1310 2957/603/1310
f 2957/603/1310 2965/627/1310 2973/619/1310
f 2973/619/1310 2981/611/1310 2957/603/1310
f 2955/600/1311 2989/634/1311 2990/633/1311
f 2955/600/1311 2990/633/1311 2956/599/1311
f 2989/634/1312 2991/636/1312 2992/635/1312
f 2989/634/1312 2992/635/1312 2990/633/1312
f 2993/639/1313 2994/638/1313 2995/637/1313
f 2995/637/1313 2996/668/1313 2997/667/1313
f 2997/667/1313 2998/666/1313 2999/665/1313
f 2999/665/1313 3000/664/1313 3001/663/1313
f 3001/663/1313 3002/662/1313 3003/661/1313
f 3003/661/1313 3004/660/1313 3005/659/1313
f 3005/659/1313 3006/658/1313 3007/657/1313
f 3007/657/1313 3008/656/1313 3009/655/1313
f 3009/655/1313 3010/654/1313 3011/653/1313
f 3011/653/1313 3012/652/1313 3013/651/1313
f 3013/651/1313 3014/650/1313 3015/649/1313
f 3015/649/1313 3016/648/1313 3017/647/1313
f 3017/647/1313 3018/646/1313 3019/645/1313
f 3019/645/1313 3020/644/1313 3021/643/1313
f 3021/643/1313 3022/642/1313 3023/641/1313
f 3023/641/1313 3024/640/1313 2993/639/1313
f 2993/639/1313 2995/637/1313 2997/667/1313
f 2997/667/1313 2999/665/1313 3001/663/1313
f 3001/663/1313 3003/661/1313 3005/659/1313
f 3005/659/1313 3007/657/1313 3009/655/1313
f 3009/655/1313 3011/653/1313 3013/651/1313
f 3013/651/1313 3015/649/1313 3017/647/1313
f 3017/647/1313 3019/645/1313 3021/643/1313
f 3021/643/1313 3023/641/1313 2993/639/1313
f 2993/639/1313 2997/667/1313 3001/663/1313
f 3001/663/1313 3005/659/1313 3009/655/1313
f 3009/655/1313 3013/651/1313 3017/647/1313
f 3017/647/1313 3021/643/1313 2993/639/1313
f 2993/639/1313 3001/663/1313 3009/655/1313
f 3009/655/1313 3017/647/1313 2993/639/1313
# Vertices: 520, normals: 70, texture coordinates: 130, faces: 496

o obj5
v -0.50066101 -7.65677926 1.85568678
v -0.50067658 -5.12117761 2.44300067
v -0.49530339 -5.12227927 2.4629667
v -0.49530205 -7.66128919 1.87517155
v -0.515302 -7.65347695 1.84142305
v -0.51532766 -5.12028393 2.4283972
v -0.50067658 -5.12117761 2.44300067
v -0.50066101 -7.65677926 1.85568678
v -0.53530205 -7.65226796 1.83620216
v -0.53533077 -5.11983698 2.42306862
v -0.55530205 -7.65347695 1.84142305
v -0.55532631 -5.11995668 2.42844313
v -0.56994308 -7.65677926 1.85568678
v -0.56995628 -5.12061139 2.44308058
v -0.57530209 -7.66128919 1.87517155
v -0.5753007 -5.12162545 2.46305861
v -0.56994308 -7.66579982 1.89465611
v -0.56992751 -5.12272711 2.48302464
v -0.55530209 -7.66910143 1.90892004
v -0.55527648 -5.12362077 2.49762837
v -0.53530214 -7.67031042 1.91414093
v -0.53527332 -5.12406708 2.5029565
v -0.51530209 -7.66910143 1.90892004
v -0.51527788 -5.12394804 2.49758218
v -0.50066101 -7.66579979 1.89465637
v -0.50064786 -5.12329333 2.48294473
v -0.28404853 8.15647818 0.81871562
v -0.27863316 8.15881665 0.83856317
v -0.29872937 8.15494264 0.80419564
v -0.28404853 8.15647818 0.81871562
v -0.31874196 8.15461943 0.7988937
v -0.33872398 8.15559834 0.80423046
v -0.3533212 8.15761561 0.81877576
v -0.35862235 8.16013074 0.83863258
v -0.35320701 8.16246921 0.85848013
v -0.33852617 8.16400609 0.873
v -0.31851355 8.16432796 0.87830205
v -0.29853156 8.16334972 0.87296523
v -0.28393433 8.16133311 0.85841974
v 0.56994308 -7.65677926 1.85568678
v 0.56995633 -5.12061139 2.44308058
v 0.5753007 -5.12162543 2.46305887
v 0.57530209 -7.66128919 1.87517155
v 0.55530209 -7.65347695 1.84142305
v 0.55532631 -5.11995668 2.42844313
v 0.56995633 -5.12061139 2.44308058
v 0.56994308 -7.65677926 1.85568678
v 0.53530205 -7.65226796 1.83620216
v 0.53533086 -5.11983698 2.42306862
v 0.51530209 -7.65347695 1.84142305
v 0.5153277 -5.12028393 2.4283972
v 0.50066101 -7.65677926 1.85568678
v 0.50067663 -5.12117761 2.44300067
v 0.49530205 -7.66128919 1.87517155
v 0.49530339 -5.12227929 2.46296644
v 0.50066101 -7.66579982 1.89465611
v 0.50064781 -5.12329333 2.48294473
v 0.515302 -7.66910143 1.90892004
v 0.51527774 -5.12394804 2.49758218
v 0.535302 -7.67031042 1.91414093
v 0.53527328 -5.12406708 2.5029565
v 0.55530205 -7.66910143 1.90892004
v 0.55527639 -5.12362077 2.49762837
v 0.56994308 -7.66579979 1.89465637
v 0.56992746 -5.12272711 2.48302464
v 0.3533212 8.15761562 0.81877589
v 0.35862235 8.16013074 0.83863258
v 0.338724 8.15559834 0.80423046
v 0.3533212 8.15761562 0.81877589
v 0.31874201 8.15461943 0.7988937
v 0.29872939 8.15494264 0.80419564
v 0.28404853 8.15647818 0.81871562
v 0.27863316 8.15881664 0.83856304
v 0.28393428 8.16133311 0.85841974
v 0.29853149 8.16334972 0.87296523
v 0.31851348 8.16432796 0.87830205
v 0.33852608 8.16400609 0.873
v 0.35320694 8.16246921 0.85848013
v 0.20590787 -7.68189156 1.80599965
v 0.20591073 -5.12090305 2.45973142
v 0.21126681 -5.12216886 2.47969212
v 0.21126686 -7.68683596 1.825379
v 0.19126686 -7.67827218 1.79181316
v 0.19127184 -5.11999344 2.44511643
v 0.20591073 -5.12090305 2.45973142
v 0.20590787 -7.68189156 1.80599965
v 0.17126686 -7.67694781 1.78662049
v 0.17127266 -5.11968249 2.43976365
v 0.15126686 -7.67827218 1.79181316
v 0.1512719 -5.12005513 2.44510695
v 0.13662582 -7.68189156 1.80599965
v 0.13662878 -5.12100934 2.45971455
v 0.13126683 -7.68683596 1.825379
v 0.13126688 -5.1222916 2.47967258
v 0.1366258 -7.69178037 1.84475822
v 0.13662295 -5.1235574 2.49963341
v 0.1512668 -7.69539974 1.85894485
v 0.15126182 -5.12446703 2.51424813
v 0.1712668 -7.69672412 1.86413739
v 0.17126101 -5.12477794 2.51960144
v 0.19126681 -7.69539973 1.85894498
v 0.19126177 -5.12440532 2.51425787
v 0.20590785 -7.69178037 1.84475822
v 0.20590492 -5.12345111 2.49965028
v 0.16510126 8.16048016 0.8264661
v 0.17044872 8.16293802 0.84631767
v 0.15046873 8.15864848 0.81193166
v 0.16510126 8.16048016 0.8264661
v 0.13047189 8.15793252 0.80660877
v 0.11046891 8.15852537 0.81192375
v 0.09581955 8.16026524 0.82645234
v 0.09044909 8.16268979 0.84630188
v 0.09579656 8.16514698 0.8661535
v 0.11042908 8.16697934 0.88068801
v 0.13042591 8.16769463 0.88601096
v 0.1504289 8.16710245 0.88069593
v 0.16507826 8.1653619 0.86616727
v -0.20590787 -7.68189156 1.80599965
v -0.21126686 -7.68683596 1.825379
v -0.21126681 -5.12216886 2.47969212
v -0.20591073 -5.12090305 2.45973142
v -0.19126686 -7.67827218 1.79181316
v -0.20590787 -7.68189156 1.80599965
v -0.20591073 -5.12090305 2.45973142
v -0.19127184 -5.11999344 2.44511643
v -0.17126686 -7.67694781 1.78662049
v -0.17127266 -5.11968249 2.43976365
v -0.15126686 -7.67827218 1.79181316
v -0.1512719 -5.12005513 2.44510695
v -0.13662582 -7.68189156 1.80599965
v -0.13662878 -5.12100934 2.45971455
v -0.13126683 -7.68683596 1.825379
v -0.13126688 -5.1222916 2.47967258
v -0.1366258 -7.69178037 1.84475822
v -0.13662295 -5.1235574 2.49963341
v -0.1512668 -7.69539974 1.85894485
v -0.15126182 -5.12446703 2.51424813
v -0.1712668 -7.69672412 1.86413739
v -0.17126101 -5.12477794 2.51960144
v -0.19126681 -7.69539973 1.85894498
v -0.19126177 -5.12440532 2.51425787
v -0.20590785 -7.69178037 1.84475822
v -0.20590492 -5.12345111 2.49965028
v -0.17044872 8.16293802 0.84631767
v -0.16510126 8.16048016 0.8264661
v -0.16510126 8.16048016 0.8264661
v -0.15046873 8.15864848 0.81193166
v -0.13047189 8.15793252 0.80660877
v -0.11046891 8.15852537 0.81192375
v -0.09581955 8.16026524 0.82645234
v -0.09044909 8.16268979 0.84630188
v -0.09579656 8.16514698 0.8661535
v -0.11042908 8.16697934 0.88068801
v -0.13042591 8.16769463 0.88601096
v -0.1504289 8.16710245 0.88069593
v -0.16507826 8.1653619 0.86616727
vn 0.85361 0.51511 -0.0775
vn 0.40239 0.90528 -0.1362
vn 0.1171 0.98206 -0.14779
vn -0.1168 0.9821 -0.1478
vn -0.40239 0.90528 -0.1362
vn -0.85422 0.51411 -0.0774
vn -0.85372 -0.51491 0.0776
vn -0.40279 -0.90507 0.1364
vn -0.1173 -0.98201 0.148
vn 0.11699 -0.98204 0.14799
vn 0.4027 -0.90511 0.1364
vn 0.85429 -0.514 0.0774
vn 0.97818 -0.1852 -0.0942
vn 0.88541 -0.3404 -0.3165
vn 0.49687 -0.55607 -0.66626
vn -0.53659 -0.46359 -0.70509
vn -0.93384 -0.13701 -0.33041
vn -0.99449 0.0468 -0.0938
vn -0.97818 0.1852 0.0942
vn -0.88552 0.34001 0.31661
vn -0.49719 0.55528 0.66668
vn 0.53681 0.46271 0.70551
vn 0.93386 0.13669 0.33049
vn 0.99449 -0.0469 0.0938
vn 0.85422 0.51411 -0.0774
vn 0.1168 0.9821 -0.1478
vn -0.1171 0.98206 -0.14779
vn -0.85361 0.51511 -0.0775
vn -0.85429 -0.514 0.0774
vn -0.4027 -0.90511 0.1364
vn -0.11699 -0.98204 0.14799
vn 0.1173 -0.98201 0.148
vn 0.40279 -0.90507 0.1364
vn 0.85372 -0.51491 0.0776
vn 0.99449 0.0468 -0.0938
vn 0.93384 -0.13701 -0.33041
vn 0.53659 -0.46359 -0.70509
vn -0.49687 -0.55607 -0.66626
vn -0.88541 -0.3404 -0.3165
vn -0.97818 -0.1852 -0.0942
vn -0.99449 -0.0469 0.0938
vn -0.93386 0.13669 0.33049
vn -0.53681 0.46271 0.70551
vn 0.49719 0.55528 0.66668
vn 0.88552 0.34001 0.31661
vn 0.97818 0.1852 0.0942
vn 0.83813 0.54022 -0.0755
vn 0.38049 0.91588 -0.128
vn 0.1095 0.98442 -0.1376
vn -0.1096 0.98441 -0.1376
vn -0.38049 0.91588 -0.128
vn -0.838 0.5404 -0.0756
vn -0.83821 -0.5401 0.0755
vn -0.3809 -0.9157 0.1281
vn -0.1097 -0.98437 0.1378
vn 0.1098 -0.98436 0.13779
vn 0.3809 -0.9157 0.1281
vn 0.83812 -0.54022 0.0756
vn 0.99426 -0.0499 -0.0946
vn 0.91746 -0.22759 -0.32629
vn 0.51779 -0.51039 -0.68658
vn -0.51021 -0.52761 -0.67921
vn -0.90803 -0.26601 -0.32361
vn -0.99107 -0.0939 -0.0947
vn -0.99427 0.0498 0.0946
vn -0.91756 0.22719 0.32629
vn -0.5182 0.5094 0.687
vn 0.5106 0.5266 0.6797
vn 0.90818 0.2655 0.32359
vn 0.99108 0.0938 0.0947
vn -0.83813 0.54022 -0.0755
vn -0.1095 0.98442 -0.1376
vn 0.1096 0.98441 -0.1376
vn 0.838 0.5404 -0.0756
vn 0.83821 -0.5401 0.0755
vn 0.1097 -0.98437 0.1378
vn -0.1098 -0.98436 0.13779
vn -0.83812 -0.54022 0.0756
vn -0.99426 -0.0499 -0.0946
vn -0.91746 -0.22759 -0.32629
vn -0.51779 -0.51039 -0.68658
vn 0.51021 -0.52761 -0.67921
vn 0.90803 -0.26601 -0.32361
vn 0.99107 -0.0939 -0.0947
vn 0.99427 0.0498 0.0946
vn 0.91756 0.22719 0.32629
vn 0.5182 0.5094 0.687
vn -0.5106 0.5266 0.6797
vn -0.90818 0.2655 0.32359
vn -0.99108 0.0938 0.0947
vt 0 1
vt 0.5 1
vt 0.5 0.91667
vt 0 0.91667
vt 0 0.08333
vt 0.5 0.08333
vt 0.5 0
vt 0 0
vt 0 0.16667
vt 0.5 0.16667
vt 0 0.25
vt 0.5 0.25
vt 0 0.33333
vt 0.5 0.33333
vt 0 0.41667
vt 0.5 0.41667
vt 0 0.5
vt 0.5 0.5
vt 0 0.58333
vt 0.5 0.58333
vt 0 0.66667
vt 0.5 0.66667
vt 0 0.75
vt 0.5 0.75
vt 0 0.83333
vt 0.5 0.83333
vt 1 1
vt 1 0.91667
vt 1 0.08333
vt 1 0
vt 1 0.16667
vt 1 0.25
vt 1 0.33333
vt 1 0.41667
vt 1 0.5
vt 1 0.58333
vt 1 0.66667
vt 1 0.75
vt 1 0.83333
usemtl mat4
f 3025/669/1315 3026/670/1315 3027/671/1315
f 3025/669/1315 3027/671/1315 3028/672/1315
f 3029/673/1316 3030/674/1316 3031/675/1316
f 3029/673/1316 3031/675/1316 3032/676/1316
f 3033/677/1317 3034/678/1317 3030/674/1317
f 3033/677/1317 3030/674/1317 3029/673/1317
f 3035/679/1318 3036/680/1318 3034/678/1318
f 3035/679/1318 3034/678/1318 3033/677/1318
f 3037/681/1319 3038/682/1319 3036/680/1319
f 3037/681/1319 3036/680/1319 3035/679/1319
f 3039/683/1320 3040/684/1320 3038/682/1320
f 3039/683/1320 3038/682/1320 3037/681/1320
f 3041/685/1321 3042/686/1321 3040/684/1321
f 3041/685/1321 3040/684/1321 3039/683/1321
f 3043/687/1322 3044/688/1322 3042/686/1322
f 3043/687/1322 3042/686/1322 3041/685/1322
f 3045/689/1323 3046/690/1323 3044/688/1323
f 3045/689/1323 3044/688/1323 3043/687/1323
f 3047/691/1324 3048/692/1324 3046/690/1324
f 3047/691/1324 3046/690/1324 3045/689/1324
f 3049/693/1325 3050/694/1325 3048/692/1325
f 3049/693/1325 3048/692/1325 3047/691/1325
f 3028/672/1326 3027/671/1326 3050/694/1326
f 3028/672/1326 3050/694/1326 3049/693/1326
f 3026/670/1327 3051/695/1327 3052/696/1327
f 3026/670/1327 3052/696/1327 3027/671/1327
f 3030/674/1328 3053/697/1328 3054/698/1328
f 3030/674/1328 3054/698/1328 3031/675/1328
f 3034/678/1329 3055/699/1329 3053/697/1329
f 3034/678/1329 3053/697/1329 3030/674/1329
f 3036/680/1330 3056/700/1330 3055/699/1330
f 3036/680/1330 3055/699/1330 3034/678/1330
f 3038/682/1331 3057/701/1331 3056/700/1331
f 3038/682/1331 3056/700/1331 3036/680/1331
f 3040/684/1332 3058/702/1332 3057/701/1332
f 3040/684/1332 3057/701/1332 3038/682/1332
f 3042/686/1333 3059/703/1333 3058/702/1333
f 3042/686/1333 3058/702/1333 3040/684/1333
f 3044/688/1334 3060/704/1334 3059/703/1334
f 3044/688/1334 3059/703/1334 3042/686/1334
f 3046/690/1335 3061/705/1335 3060/704/1335
f 3046/690/1335 3060/704/1335 3044/688/1335
f 3048/692/1336 3062/706/1336 3061/705/1336
f 3048/692/1336 3061/705/1336 3046/690/1336
f 3050/694/1337 3063/707/1337 3062/706/1337
f 3050/694/1337 3062/706/1337 3048/692/1337
f 3027/671/1338 3052/696/1338 3063/707/1338
f 3027/671/1338 3063/707/1338 3050/694/1338
f 3064/669/1339 3065/670/1339 3066/671/1339
f 3064/669/1339 3066/671/1339 3067/672/1339
f 3068/673/1316 3069/674/1316 3070/675/1316
f 3068/673/1316 3070/675/1316 3071/676/1316
f 3072/677/1340 3073/678/1340 3069/674/1340
f 3072/677/1340 3069/674/1340 3068/673/1340
f 3074/679/1341 3075/680/1341 3073/678/1341
f 3074/679/1341 3073/678/1341 3072/677/1341
f 3076/681/1319 3077/682/1319 3075/680/1319
f 3076/681/1319 3075/680/1319 3074/679/1319
f 3078/683/1342 3079/684/1342 3077/682/1342
f 3078/683/1342 3077/682/1342 3076/681/1342
f 3080/685/1343 3081/686/1343 3079/684/1343
f 3080/685/1343 3079/684/1343 3078/683/1343
f 3082/687/1344 3083/688/1344 3081/686/1344
f 3082/687/1344 3081/686/1344 3080/685/1344
f 3084/689/1345 3085/690/1345 3083/688/1345
f 3084/689/1345 3083/688/1345 3082/687/1345
f 3086/691/1346 3087/692/1346 3085/690/1346
f 3086/691/1346 3085/690/1346 3084/689/1346
f 3088/693/1347 3089/694/1347 3087/692/1347
f 3088/693/1347 3087/692/1347 3086/691/1347
f 3067/672/1348 3066/671/1348 3089/694/1348
f 3067/672/1348 3089/694/1348 3088/693/1348
f 3065/670/1349 3090/695/1349 3091/696/1349
f 3065/670/1349 3091/696/1349 3066/671/1349
f 3069/674/1350 3092/697/1350 3093/698/1350
f 3069/674/1350 3093/698/1350 3070/675/1350
f 3073/678/1351 3094/699/1351 3092/697/1351
f 3073/678/1351 3092/697/1351 3069/674/1351
f 3075/680/1352 3095/700/1352 3094/699/1352
f 3075/680/1352 3094/699/1352 3073/678/1352
f 3077/682/1353 3096/701/1353 3095/700/1353
f 3077/682/1353 3095/700/1353 3075/680/1353
f 3079/684/1354 3097/702/1354 3096/701/1354
f 3079/684/1354 3096/701/1354 3077/682/1354
f 3081/686/1355 3098/703/1355 3097/702/1355
f 3081/686/1355 3097/702/1355 3079/684/1355
f 3083/688/1356 3099/704/1356 3098/703/1356
f 3083/688/1356 3098/703/1356 3081/686/1356
f 3085/690/1357 3100/705/1357 3099/704/1357
f 3085/690/1357 3099/704/1357 3083/688/1357
f 3087/692/1358 3101/706/1358 3100/705/1358
f 3087/692/1358 3100/705/1358 3085/690/1358
f 3089/694/1359 3102/707/1359 3101/706/1359
f 3089/694/1359 3101/706/1359 3087/692/1359
f 3066/671/1360 3091/696/1360 3102/707/1360
f 3066/671/1360 3102/707/1360 3089/694/1360
f 3103/669/1361 3104/670/1361 3105/671/1361
f 3103/669/1361 3105/671/1361 3106/672/1361
f 3107/673/1362 3108/674/1362 3109/675/1362
f 3107/673/1362 3109/675/1362 3110/676/1362
f 3111/677/1363 3112/678/1363 3108/674/1363
f 3111/677/1363 3108/674/1363 3107/673/1363
f 3113/679/1364 3114/680/1364 3112/678/1364
f 3113/679/1364 3112/678/1364 3111/677/1364
f 3115/681/1365 3116/682/1365 3114/680/1365
f 3115/681/1365 3114/680/1365 3113/679/1365
f 3117/683/1366 3118/684/1366 3116/682/1366
f 3117/683/1366 3116/682/1366 3115/681/1366
f 3119/685/1367 3120/686/1367 3118/684/1367
f 3119/685/1367 3118/684/1367 3117/683/1367
f 3121/687/1368 3122/688/1368 3120/686/1368
f 3121/687/1368 3120/686/1368 3119/685/1368
f 3123/689/1369 3124/690/1369 3122/688/1369
f 3123/689/1369 3122/688/1369 3121/687/1369
f 3125/691/1370 3126/692/1370 3124/690/1370
f 3125/691/1370 3124/690/1370 3123/689/1370
f 3127/693/1371 3128/694/1371 3126/692/1371
f 3127/693/1371 3126/692/1371 3125/691/1371
f 3106/672/1372 3105/671/1372 3128/694/1372
f 3106/672/1372 3128/694/1372 3127/693/1372
f 3104/670/1373 3129/695/1373 3130/696/1373
f 3104/670/1373 3130/696/1373 3105/671/1373
f 3108/674/1374 3131/697/1374 3132/698/1374
f 3108/674/1374 3132/698/1374 3109/675/1374
f 3112/678/1375 3133/699/1375 3131/697/1375
f 3112/678/1375 3131/697/1375 3108/674/1375
f 3114/680/1376 3134/700/1376 3133/699/1376
f 3114/680/1376 3133/699/1376 3112/678/1376
f 3116/682/1377 3135/701/1377 3134/700/1377
f 3116/682/1377 3134/700/1377 3114/680/1377
f 3118/684/1378 3136/702/1378 3135/701/1378
f 3118/684/1378 3135/701/1378 3116/682/1378
f 3120/686/1379 3137/703/1379 3136/702/1379
f 3120/686/1379 3136/702/1379 3118/684/1379
f 3122/688/1380 3138/704/1380 3137/703/1380
f 3122/688/1380 3137/703/1380 3120/686/1380
f 3124/690/1381 3139/705/1381 3138/704/1381
f 3124/690/1381 3138/704/1381 3122/688/1381
f 3126/692/1382 3140/706/1382 3139/705/1382
f 3126/692/1382 3139/705/1382 3124/690/1382
f 3128/694/1383 3141/707/1383 3140/706/1383
f 3128/694/1383 3140/706/1383 3126/692/1383
f 3105/671/1384 3130/696/1384 3141/707/1384
f 3105/671/1384 3141/707/1384 3128/694/1384
f 3142/669/1385 3143/672/1385 3144/671/1385
f 3142/669/1385 3144/671/1385 3145/670/1385
f 3146/673/1365 3147/676/1365 3148/675/1365
f 3146/673/1365 3148/675/1365 3149/674/1365
f 3150/677/1386 3146/673/1386 3149/674/1386
f 3150/677/1386 3149/674/1386 3151/678/1386
f 3152/679/1387 3150/677/1387 3151/678/1387
f 3152/679/1387 3151/678/1387 3153/680/1387
f 3154/681/1362 3152/679/1362 3153/680/1362
f 3154/681/1362 3153/680/1362 3155/682/1362
f 3156/683/1388 3154/681/1388 3155/682/1388
f 3156/683/1388 3155/682/1388 3157/684/1388
f 3158/685/1389 3156/683/1389 3157/684/1389
f 3158/685/1389 3157/684/1389 3159/686/1389
f 3160/687/1371 3158/685/1371 3159/686/1371
f 3160/687/1371 3159/686/1371 3161/688/1371
f 3162/689/1390 3160/687/1390 3161/688/1390
f 3162/689/1390 3161/688/1390 3163/690/1390
f 3164/691/1391 3162/689/1391 3163/690/1391
f 3164/691/1391 3163/690/1391 3165/692/1391
f 3166/693/1368 3164/691/1368 3165/692/1368
f 3166/693/1368 3165/692/1368 3167/694/1368
f 3143/672/1392 3166/693/1392 3167/694/1392
f 3143/672/1392 3167/694/1392 3144/671/1392
f 3145/670/1393 3144/671/1393 3168/696/1393
f 3145/670/1393 3168/696/1393 3169/695/1393
f 3149/674/1394 3148/675/1394 3170/698/1394
f 3149/674/1394 3170/698/1394 3171/697/1394
f 3151/678/1395 3149/674/1395 3171/697/1395
f 3151/678/1395 3171/697/1395 3172/699/1395
f 3153/680/1396 3151/678/1396 3172/699/1396
f 3153/680/1396 3172/699/1396 3173/700/1396
f 3155/682/1397 3153/680/1397 3173/700/1397
f 3155/682/1397 3173/700/1397 3174/701/1397
f 3157/684/1398 3155/682/1398 3174/701/1398
f 3157/684/1398 3174/701/1398 3175/702/1398
f 3159/686/1399 3157/684/1399 3175/702/1399
f 3159/686/1399 3175/702/1399 3176/703/1399
f 3161/688/1400 3159/686/1400 3176/703/1400
f 3161/688/1400 3176/703/1400 3177/704/1400
f 3163/690/1401 3161/688/1401 3177/704/1401
f 3163/690/1401 3177/704/1401 3178/705/1401
f 3165/692/1402 3163/690/1402 3178/705/1402
f 3165/692/1402 3178/705/1402 3179/706/1402
f 3167/694/1403 3165/692/1403 3179/706/1403
f 3167/694/1403 3179/706/1403 3180/707/1403
f 3144/671/1404 3167/694/1404 3180/707/1404
f 3144/671/1404 3180/707/1404 3168/696/1404
# Vertices: 156, normals: 90, texture coordinates: 39, faces: 192

